Using pre-set license
Built from '2022.3/staging' branch; Version is '2022.3.13f1 (5f90a5ebde0f) revision 6262949'; Using compiler version '192829333'; Build Type 'Release'
OS: 'Windows 11  (10.0.22631) 64bit Professional' Language: 'ja' Physical Memory: 32593 MB
BatchMode: 1, IsHumanControllingUs: 0, StartBugReporterOnCrash: 0, Is64bit: 1, IsPro: 1

COMMAND LINE ARGUMENTS:
C:\Users\sono8\Unity\2022.3.13f1\Editor\Unity.exe
-adb2
-batchMode
-noUpm
-name
AssetImportWorker0
-projectPath
D:/Unity/Projects/Planet-Pinball
-logFile
Logs/AssetImportWorker0.log
-srvPort
59282
Successfully changed project path to: D:/Unity/Projects/Planet-Pinball
D:/Unity/Projects/Planet-Pinball
[UnityMemory] Configuration Parameters - Can be set up in boot.config
    "memorysetup-bucket-allocator-granularity=16"
    "memorysetup-bucket-allocator-bucket-count=8"
    "memorysetup-bucket-allocator-block-size=33554432"
    "memorysetup-bucket-allocator-block-count=8"
    "memorysetup-main-allocator-block-size=16777216"
    "memorysetup-thread-allocator-block-size=16777216"
    "memorysetup-gfx-main-allocator-block-size=16777216"
    "memorysetup-gfx-thread-allocator-block-size=16777216"
    "memorysetup-cache-allocator-block-size=4194304"
    "memorysetup-typetree-allocator-block-size=2097152"
    "memorysetup-profiler-bucket-allocator-granularity=16"
    "memorysetup-profiler-bucket-allocator-bucket-count=8"
    "memorysetup-profiler-bucket-allocator-block-size=33554432"
    "memorysetup-profiler-bucket-allocator-block-count=8"
    "memorysetup-profiler-allocator-block-size=16777216"
    "memorysetup-profiler-editor-allocator-block-size=1048576"
    "memorysetup-temp-allocator-size-main=16777216"
    "memorysetup-job-temp-allocator-block-size=2097152"
    "memorysetup-job-temp-allocator-block-size-background=1048576"
    "memorysetup-job-temp-allocator-reduction-small-platforms=262144"
    "memorysetup-allocator-temp-initial-block-size-main=262144"
    "memorysetup-allocator-temp-initial-block-size-worker=262144"
    "memorysetup-temp-allocator-size-background-worker=32768"
    "memorysetup-temp-allocator-size-job-worker=262144"
    "memorysetup-temp-allocator-size-preload-manager=33554432"
    "memorysetup-temp-allocator-size-nav-mesh-worker=65536"
    "memorysetup-temp-allocator-size-audio-worker=65536"
    "memorysetup-temp-allocator-size-cloud-worker=32768"
    "memorysetup-temp-allocator-size-gi-baking-worker=262144"
    "memorysetup-temp-allocator-size-gfx=262144"
Unable to join player connection multicast group (err: 10013).
Player connection [18788] Host "[IP] 172.23.32.1 [Port] 0 [Flags] 2 [Guid] 3584376748 [EditorId] 3584376748 [Version] 1048832 [Id] WindowsEditor(7,DESKTOP-FCEJOI9) [Debug] 1 [PackageName] WindowsEditor [ProjectName] Editor" joined alternative multi-casting on [225.0.0.222:34997]...

[Physics::Module] Initialized MultithreadedJobDispatcher with 7 workers.
Refreshing native plugins compatible for Editor in 22.44 ms, found 2 plugins.
Preloading 0 native plugins for Editor in 0.00 ms.
Initialize engine version: 2022.3.13f1 (5f90a5ebde0f)
[Subsystems] Discovering subsystems at path C:/Users/sono8/Unity/2022.3.13f1/Editor/Data/Resources/UnitySubsystems
[Subsystems] Discovering subsystems at path D:/Unity/Projects/Planet-Pinball/Assets
GfxDevice: creating device client; threaded=0; jobified=0
Direct3D:
    Version:  Direct3D 11.0 [level 11.1]
    Renderer: NVIDIA GeForce RTX 2070 SUPER (ID=0x1e84)
    Vendor:   NVIDIA
    VRAM:     7989 MB
    Driver:   31.0.15.5168
Initialize mono
Mono path[0] = 'C:/Users/sono8/Unity/2022.3.13f1/Editor/Data/Managed'
Mono path[1] = 'C:/Users/sono8/Unity/2022.3.13f1/Editor/Data/MonoBleedingEdge/lib/mono/unityjit-win32'
Mono config path = 'C:/Users/sono8/Unity/2022.3.13f1/Editor/Data/MonoBleedingEdge/etc'
Using monoOptions --debugger-agent=transport=dt_socket,embedding=1,server=y,suspend=n,address=127.0.0.1:56624
Begin MonoManager ReloadAssembly
Registering precompiled unity dll's ...
Register platform support module: C:/Users/sono8/Unity/2022.3.13f1/Editor/Data/PlaybackEngines/WebGLSupport/UnityEditor.WebGL.Extensions.dll
Register platform support module: C:/Users/sono8/Unity/2022.3.13f1/Editor/Data/PlaybackEngines/AndroidPlayer/UnityEditor.Android.Extensions.dll
Register platform support module: C:/Users/sono8/Unity/2022.3.13f1/Editor/Data/PlaybackEngines/WindowsStandaloneSupport/UnityEditor.WindowsStandalone.Extensions.dll
Registered in 0.014631 seconds.
- Loaded All Assemblies, in  0.441 seconds
Native extension for WindowsStandalone target not found
Native extension for Android target not found
Android Extension - Scanning For ADB Devices 347 ms
Native extension for WebGL target not found
Mono: successfully reloaded assembly
- Finished resetting the current domain, in  0.680 seconds
Domain Reload Profiling: 1118ms
	BeginReloadAssembly (161ms)
		ExecutionOrderSort (0ms)
		DisableScriptedObjects (0ms)
		BackupInstance (0ms)
		ReleaseScriptingObjects (0ms)
		CreateAndSetChildDomain (1ms)
	RebuildCommonClasses (35ms)
	RebuildNativeTypeToScriptingClass (11ms)
	initialDomainReloadingComplete (65ms)
	LoadAllAssembliesAndSetupDomain (166ms)
		LoadAssemblies (161ms)
		RebuildTransferFunctionScriptingTraits (0ms)
		AnalyzeDomain (161ms)
			TypeCache.Refresh (160ms)
				TypeCache.ScanAssembly (146ms)
			ScanForSourceGeneratedMonoScriptInfo (0ms)
			ResolveRequiredComponents (0ms)
	FinalizeReload (680ms)
		ReleaseScriptCaches (0ms)
		RebuildScriptCaches (0ms)
		SetupLoadedEditorAssemblies (620ms)
			LogAssemblyErrors (0ms)
			InitializePlatformSupportModulesInManaged (463ms)
			SetLoadedEditorAssemblies (4ms)
			RefreshPlugins (0ms)
			BeforeProcessingInitializeOnLoad (3ms)
			ProcessInitializeOnLoadAttributes (101ms)
			ProcessInitializeOnLoadMethodAttributes (49ms)
			AfterProcessingInitializeOnLoad (0ms)
			EditorAssembliesLoaded (0ms)
		ExecutionOrderSort2 (0ms)
		AwakeInstancesAfterBackupRestoration (0ms)
========================================================================
Worker process is ready to serve import requests
Begin MonoManager ReloadAssembly
Symbol file LoadedFromMemory is not a mono symbol file
- Loaded All Assemblies, in  0.739 seconds
Refreshing native plugins compatible for Editor in 13.64 ms, found 2 plugins.
Native extension for WindowsStandalone target not found
Native extension for Android target not found
Native extension for WebGL target not found
Package Manager log level set to [2]
[Package Manager] Server::EnsureServerProcessIsRunning -- launch failed, reason: Unity was launched with the -noUpm command-line argument
[Package Manager] UpmClient::Send -- Unable to send message (not connected to UPM process).
[Package Manager] Cannot connect to Unity Package Manager local server
Mono: successfully reloaded assembly
- Finished resetting the current domain, in  0.782 seconds
Domain Reload Profiling: 1519ms
	BeginReloadAssembly (212ms)
		ExecutionOrderSort (0ms)
		DisableScriptedObjects (6ms)
		BackupInstance (0ms)
		ReleaseScriptingObjects (0ms)
		CreateAndSetChildDomain (21ms)
	RebuildCommonClasses (37ms)
	RebuildNativeTypeToScriptingClass (11ms)
	initialDomainReloadingComplete (46ms)
	LoadAllAssembliesAndSetupDomain (430ms)
		LoadAssemblies (435ms)
		RebuildTransferFunctionScriptingTraits (0ms)
		AnalyzeDomain (145ms)
			TypeCache.Refresh (124ms)
				TypeCache.ScanAssembly (102ms)
			ScanForSourceGeneratedMonoScriptInfo (17ms)
			ResolveRequiredComponents (3ms)
	FinalizeReload (783ms)
		ReleaseScriptCaches (0ms)
		RebuildScriptCaches (0ms)
		SetupLoadedEditorAssemblies (625ms)
			LogAssemblyErrors (0ms)
			InitializePlatformSupportModulesInManaged (31ms)
			SetLoadedEditorAssemblies (5ms)
			RefreshPlugins (0ms)
			BeforeProcessingInitializeOnLoad (80ms)
			ProcessInitializeOnLoadAttributes (322ms)
			ProcessInitializeOnLoadMethodAttributes (178ms)
			AfterProcessingInitializeOnLoad (10ms)
			EditorAssembliesLoaded (0ms)
		ExecutionOrderSort2 (0ms)
		AwakeInstancesAfterBackupRestoration (8ms)
Launched and connected shader compiler UnityShaderCompiler.exe after 0.05 seconds
Refreshing native plugins compatible for Editor in 13.96 ms, found 2 plugins.
Preloading 0 native plugins for Editor in 0.00 ms.
Unloading 2630 Unused Serialized files (Serialized files now loaded: 0)
Unloading 105 unused Assets / (410.9 KB). Loaded Objects now: 3041.
Memory consumption went from 121.8 MB to 121.4 MB.
Total: 6.059800 ms (FindLiveObjects: 0.217100 ms CreateObjectMapping: 0.180700 ms MarkObjects: 5.381600 ms  DeleteObjects: 0.278900 ms)

AssetImportParameters requested are different than current active one (requested -> active):
  custom:video-decoder-webm-vp8: 9c59270c3fd7afecdb556c50c9e8de78 -> 
  custom:SearchIndexIgnoredProperties: e643bd26f0fe6173181afceb89e7c659 -> 
  custom:container-demuxer-ogg: 62fdf1f143b41e24485cea50d1cbac27 -> 
  custom:AudioImporter_EditorPlatform: d09bf68614088b80899f8185d706f6e7 -> 
  custom:video-codec-MediaFoundation-h265: 746d11721c4dcdbdad8f713fa42b33f4 -> 
  custom:video-decoder-ogg-theora: a1e56fd34408186e4bbccfd4996cb3dc -> 
  custom:framework-win-MediaFoundation: 216162199b28c13a410421893ffa2e32 -> 
  custom:video-encoder-webm-vp8: eb34c28f22e8b96e1ab97ce403110664 -> 
  custom:audio-decoder-ogg-vorbis: bf7c407c2cedff20999df2af8eb42d56 -> 
  custom:CustomObjectIndexerAttribute: 756ad292c208cfabdd7b50bc23989ffe -> 
  custom:container-demuxer-webm: 4f35f7cbe854078d1ac9338744f61a02 -> 
  custom:audio-encoder-webm-vorbis: bf7c407c2cedff20999df2af8eb42d56 -> 
  custom:container-muxer-webm: aa71ff27fc2769a1b78a27578f13a17b -> 
========================================================================
Received Import Request.
  Time since last request: 256748.615876 seconds.
  path: Assets/Prefabs/Jupiter.prefab
  artifactKey: Guid(7cc51e60a3b895a40acdc267921112e7) Importer(2089858483,0ecaa5967403d082aa24f35e1b516d23)
Start importing Assets/Prefabs/Jupiter.prefab using Guid(7cc51e60a3b895a40acdc267921112e7) Importer(2089858483,0ecaa5967403d082aa24f35e1b516d23) Generated GUIDs only implemented for interfaces!
 -> (artifact id: '3d90302b3596204f36a15447b2bc84dd') in 0.155937 seconds
Number of updated asset objects reloaded before import = 0
Number of asset objects unloaded after import = 10
========================================================================
Received Import Request.
  Time since last request: 0.000023 seconds.
  path: Assets/Materials/Uranus.mat
  artifactKey: Guid(67d2937a98fbb14459042381471d1e88) Importer(2089858483,0ecaa5967403d082aa24f35e1b516d23)
Start importing Assets/Materials/Uranus.mat using Guid(67d2937a98fbb14459042381471d1e88) Importer(2089858483,0ecaa5967403d082aa24f35e1b516d23) Generated GUIDs only implemented for interfaces!
 -> (artifact id: 'c976aa460dafe6f319309bb956207414') in 0.058900 seconds
Number of updated asset objects reloaded before import = 0
Number of asset objects unloaded after import = 2
========================================================================
Received Import Request.
  Time since last request: 0.000015 seconds.
  path: Assets/Sprites/Back.controller
  artifactKey: Guid(29909635311011444828a2e25e4d2454) Importer(2089858483,0ecaa5967403d082aa24f35e1b516d23)
Start importing Assets/Sprites/Back.controller using Guid(29909635311011444828a2e25e4d2454) Importer(2089858483,0ecaa5967403d082aa24f35e1b516d23) Generated GUIDs only implemented for interfaces!
 -> (artifact id: '42328949a2b347e935c1604abe66c420') in 0.033420 seconds
Number of updated asset objects reloaded before import = 0
Number of asset objects unloaded after import = 6
========================================================================
Received Import Request.
  Time since last request: 0.000014 seconds.
  path: Assets/Scenes/GameSettings.lighting
  artifactKey: Guid(131c4263c7585c849858a65ea67c4704) Importer(2089858483,0ecaa5967403d082aa24f35e1b516d23)
Start importing Assets/Scenes/GameSettings.lighting using Guid(131c4263c7585c849858a65ea67c4704) Importer(2089858483,0ecaa5967403d082aa24f35e1b516d23) LightingSettings: switching bake backend from 1 to 0.
Generated GUIDs only implemented for interfaces!
 -> (artifact id: 'd7ae9b6d97dc35e316e7b03f31c4c0fc') in 0.047479 seconds
Number of updated asset objects reloaded before import = 0
Number of asset objects unloaded after import = 1
========================================================================
Received Import Request.
  Time since last request: 0.000047 seconds.
  path: Assets/Prefab/Eff_MagicAttack_1.prefab
  artifactKey: Guid(b37bdc8fc96244ae2b513efc3d7b80ad) Importer(2089858483,0ecaa5967403d082aa24f35e1b516d23)
Start importing Assets/Prefab/Eff_MagicAttack_1.prefab using Guid(b37bdc8fc96244ae2b513efc3d7b80ad) Importer(2089858483,0ecaa5967403d082aa24f35e1b516d23) Generated GUIDs only implemented for interfaces!
 -> (artifact id: '44fba04dbab5b8c367d9965b386cad1c') in 0.028094 seconds
Number of updated asset objects reloaded before import = 0
Number of asset objects unloaded after import = 17
========================================================================
Received Import Request.
  Time since last request: 0.000014 seconds.
  path: Assets/Prefabs/Fade.prefab
  artifactKey: Guid(b053cac3f875c2846be08cb9c0144e60) Importer(2089858483,0ecaa5967403d082aa24f35e1b516d23)
Start importing Assets/Prefabs/Fade.prefab using Guid(b053cac3f875c2846be08cb9c0144e60) Importer(2089858483,0ecaa5967403d082aa24f35e1b516d23) Generated GUIDs only implemented for interfaces!
 -> (artifact id: '27fe07515727914a6955ef190c15366b') in 0.097663 seconds
Number of updated asset objects reloaded before import = 0
Number of asset objects unloaded after import = 6
========================================================================
Received Import Request.
  Time since last request: 0.000023 seconds.
  path: Assets/Sprites/0194_5.png
  artifactKey: Guid(196b7939bcdc1f243b02eca12c8d5886) Importer(2089858483,0ecaa5967403d082aa24f35e1b516d23)
Start importing Assets/Sprites/0194_5.png using Guid(196b7939bcdc1f243b02eca12c8d5886) Importer(2089858483,0ecaa5967403d082aa24f35e1b516d23) Generated GUIDs only implemented for interfaces!
 -> (artifact id: '23e2cb6bcf88ccc029eb464bd89727e8') in 0.092536 seconds
Number of updated asset objects reloaded before import = 0
Number of asset objects unloaded after import = 3
========================================================================
Received Import Request.
  Time since last request: 0.000021 seconds.
  path: Assets/Prefabs/Mercury.prefab
  artifactKey: Guid(9ff5021dc78aa6d458297a8cc3efbd92) Importer(2089858483,0ecaa5967403d082aa24f35e1b516d23)
Start importing Assets/Prefabs/Mercury.prefab using Guid(9ff5021dc78aa6d458297a8cc3efbd92) Importer(2089858483,0ecaa5967403d082aa24f35e1b516d23) Generated GUIDs only implemented for interfaces!
 -> (artifact id: '012c3da22e088ac1062e1ffd7ca2e000') in 0.035480 seconds
Number of updated asset objects reloaded before import = 0
Number of asset objects unloaded after import = 10
========================================================================
Received Import Request.
  Time since last request: 0.000071 seconds.
  path: Assets/Materials/eff_stone_1.mat
  artifactKey: Guid(13fced8a2b54446f987511d3e5635486) Importer(2089858483,0ecaa5967403d082aa24f35e1b516d23)
Start importing Assets/Materials/eff_stone_1.mat using Guid(13fced8a2b54446f987511d3e5635486) Importer(2089858483,0ecaa5967403d082aa24f35e1b516d23) Generated GUIDs only implemented for interfaces!
 -> (artifact id: 'db6f290ea04933efd54ce90a9c940afc') in 0.058223 seconds
Number of updated asset objects reloaded before import = 0
Number of asset objects unloaded after import = 2
========================================================================
Received Import Request.
  Time since last request: 0.000029 seconds.
  path: Assets/Scenes/Title.unity
  artifactKey: Guid(1c937df0c9eba104980128311dfa92f3) Importer(2089858483,0ecaa5967403d082aa24f35e1b516d23)
Start importing Assets/Scenes/Title.unity using Guid(1c937df0c9eba104980128311dfa92f3) Importer(2089858483,0ecaa5967403d082aa24f35e1b516d23) Generated GUIDs only implemented for interfaces!
 -> (artifact id: 'd3f4486d99e7ae703c5addd1f02399db') in 0.025513 seconds
Number of updated asset objects reloaded before import = 0
Number of asset objects unloaded after import = 1
========================================================================
Received Import Request.
  Time since last request: 0.000207 seconds.
  path: Assets/Resources/ParticleSpark.mat
  artifactKey: Guid(f63c576739a709747a1a571260d4fabd) Importer(2089858483,0ecaa5967403d082aa24f35e1b516d23)
Start importing Assets/Resources/ParticleSpark.mat using Guid(f63c576739a709747a1a571260d4fabd) Importer(2089858483,0ecaa5967403d082aa24f35e1b516d23) Generated GUIDs only implemented for interfaces!
 -> (artifact id: '98318fdbb7da87e146086277e607505d') in 0.390304 seconds
Number of updated asset objects reloaded before import = 0
Number of asset objects unloaded after import = 1
========================================================================
Received Import Request.
  Time since last request: 0.000085 seconds.
  path: Assets/Materials/Saturn.mat
  artifactKey: Guid(e3522ce1d0c17bc4389f7a35d9f0b118) Importer(2089858483,0ecaa5967403d082aa24f35e1b516d23)
Start importing Assets/Materials/Saturn.mat using Guid(e3522ce1d0c17bc4389f7a35d9f0b118) Importer(2089858483,0ecaa5967403d082aa24f35e1b516d23) Generated GUIDs only implemented for interfaces!
 -> (artifact id: 'aad19832b6da7b760906462be03f3613') in 0.099701 seconds
Number of updated asset objects reloaded before import = 0
Number of asset objects unloaded after import = 2
========================================================================
Received Import Request.
  Time since last request: 0.000017 seconds.
  path: Assets/Sprites/ear0xuu2.jpg
  artifactKey: Guid(cacfad08061c3704d8df5e96f615c9ff) Importer(2089858483,0ecaa5967403d082aa24f35e1b516d23)
Start importing Assets/Sprites/ear0xuu2.jpg using Guid(cacfad08061c3704d8df5e96f615c9ff) Importer(2089858483,0ecaa5967403d082aa24f35e1b516d23) Generated GUIDs only implemented for interfaces!
 -> (artifact id: '504a800e00118697b7fc2c38187d624d') in 0.053477 seconds
Number of updated asset objects reloaded before import = 0
Number of asset objects unloaded after import = 1
========================================================================
Received Import Request.
  Time since last request: 0.000077 seconds.
  path: Assets/Prefabs/Venus.prefab
  artifactKey: Guid(d36a3e8da90a7f543a74146db4b73386) Importer(2089858483,0ecaa5967403d082aa24f35e1b516d23)
Start importing Assets/Prefabs/Venus.prefab using Guid(d36a3e8da90a7f543a74146db4b73386) Importer(2089858483,0ecaa5967403d082aa24f35e1b516d23) Generated GUIDs only implemented for interfaces!
 -> (artifact id: '7bab3430ae42f8b808910b521b0d1539') in 0.086181 seconds
Number of updated asset objects reloaded before import = 0
Number of asset objects unloaded after import = 10
========================================================================
Received Import Request.
  Time since last request: 0.000096 seconds.
  path: Assets/Animation/cursor0.controller
  artifactKey: Guid(406a9627f7c3f0f4e98b021ac82583a4) Importer(2089858483,0ecaa5967403d082aa24f35e1b516d23)
Start importing Assets/Animation/cursor0.controller using Guid(406a9627f7c3f0f4e98b021ac82583a4) Importer(2089858483,0ecaa5967403d082aa24f35e1b516d23) Generated GUIDs only implemented for interfaces!
 -> (artifact id: 'd920f36d866b30d1c6adac2239fc7053') in 0.079295 seconds
Number of updated asset objects reloaded before import = 0
Number of asset objects unloaded after import = 7
========================================================================
Received Import Request.
  Time since last request: 0.000026 seconds.
  path: Assets/Prefabs/SoundPlayer.prefab
  artifactKey: Guid(5c72cc6f09aad7b41b4452d5bbfc420b) Importer(2089858483,0ecaa5967403d082aa24f35e1b516d23)
Start importing Assets/Prefabs/SoundPlayer.prefab using Guid(5c72cc6f09aad7b41b4452d5bbfc420b) Importer(2089858483,0ecaa5967403d082aa24f35e1b516d23) Generated GUIDs only implemented for interfaces!
 -> (artifact id: '3d5aee38b837d48e71da1945ddc2657c') in 0.011326 seconds
Number of updated asset objects reloaded before import = 0
Number of asset objects unloaded after import = 5
========================================================================
Received Import Request.
  Time since last request: 0.000121 seconds.
  path: Assets/Sprites/Exit.controller
  artifactKey: Guid(82e726a92bdf92944aa8c84586e6a3cf) Importer(2089858483,0ecaa5967403d082aa24f35e1b516d23)
Start importing Assets/Sprites/Exit.controller using Guid(82e726a92bdf92944aa8c84586e6a3cf) Importer(2089858483,0ecaa5967403d082aa24f35e1b516d23) Generated GUIDs only implemented for interfaces!
 -> (artifact id: 'fa93deb36a0d811ad281911ced610f1e') in 0.047656 seconds
Number of updated asset objects reloaded before import = 0
Number of asset objects unloaded after import = 6
========================================================================
Received Import Request.
  Time since last request: 0.000038 seconds.
  path: Assets/Sprites/exit.png
  artifactKey: Guid(21f4ed32fa1f17d468b022ee130288cf) Importer(2089858483,0ecaa5967403d082aa24f35e1b516d23)
Start importing Assets/Sprites/exit.png using Guid(21f4ed32fa1f17d468b022ee130288cf) Importer(2089858483,0ecaa5967403d082aa24f35e1b516d23) Generated GUIDs only implemented for interfaces!
 -> (artifact id: '6f717fc0182f476201f1be92922194ca') in 0.043673 seconds
Number of updated asset objects reloaded before import = 0
Number of asset objects unloaded after import = 3
========================================================================
Received Import Request.
  Time since last request: 0.000042 seconds.
  path: Assets/Scripts/Button.cs
  artifactKey: Guid(7d9e1130eddde3549aa550eebb1e19b6) Importer(2089858483,0ecaa5967403d082aa24f35e1b516d23)
Start importing Assets/Scripts/Button.cs using Guid(7d9e1130eddde3549aa550eebb1e19b6) Importer(2089858483,0ecaa5967403d082aa24f35e1b516d23) Generated GUIDs only implemented for interfaces!
 -> (artifact id: '62ceba9050a52608b9eabb10d34ce368') in 0.010650 seconds
Number of updated asset objects reloaded before import = 0
Number of asset objects unloaded after import = 1
========================================================================
Received Import Request.
  Time since last request: 0.000137 seconds.
  path: Assets/Sounds/uchuu-kurage.mp3
  artifactKey: Guid(a6623b76b83e6f54fbda911dfbcd19d1) Importer(2089858483,0ecaa5967403d082aa24f35e1b516d23)
Start importing Assets/Sounds/uchuu-kurage.mp3 using Guid(a6623b76b83e6f54fbda911dfbcd19d1) Importer(2089858483,0ecaa5967403d082aa24f35e1b516d23) Generated GUIDs only implemented for interfaces!
 -> (artifact id: '67a41557733cbb3265b1860b3f074f55') in 0.576808 seconds
Number of updated asset objects reloaded before import = 0
Number of asset objects unloaded after import = 1
========================================================================
Received Import Request.
  Time since last request: 0.000073 seconds.
  path: Assets/GoogleMobileAds/Common/IInterstitialClient.cs
  artifactKey: Guid(45adb5cd8be674c93bed0f4d40a6deec) Importer(2089858483,0ecaa5967403d082aa24f35e1b516d23)
Start importing Assets/GoogleMobileAds/Common/IInterstitialClient.cs using Guid(45adb5cd8be674c93bed0f4d40a6deec) Importer(2089858483,0ecaa5967403d082aa24f35e1b516d23) Generated GUIDs only implemented for interfaces!
 -> (artifact id: '1a6888e66e451d557956dd21c7b7aca4') in 0.031568 seconds
Number of updated asset objects reloaded before import = 0
Number of asset objects unloaded after import = 1
========================================================================
Received Import Request.
  Time since last request: 0.000027 seconds.
  path: Assets/GoogleMobileAds/Common/ICustomNativeTemplateClient.cs
  artifactKey: Guid(c23272b29f0a84084a2f13f05389c1fc) Importer(2089858483,0ecaa5967403d082aa24f35e1b516d23)
Start importing Assets/GoogleMobileAds/Common/ICustomNativeTemplateClient.cs using Guid(c23272b29f0a84084a2f13f05389c1fc) Importer(2089858483,0ecaa5967403d082aa24f35e1b516d23) Generated GUIDs only implemented for interfaces!
 -> (artifact id: '111c4e1c07b792b050c2f2e740e5cae3') in 0.011581 seconds
Number of updated asset objects reloaded before import = 0
Number of asset objects unloaded after import = 1
========================================================================
Received Import Request.
  Time since last request: 0.000076 seconds.
  path: Assets/GoogleMobileAds/Common/DummyClient.cs
  artifactKey: Guid(5858abc6dbdeb46fabb82d3296604951) Importer(2089858483,0ecaa5967403d082aa24f35e1b516d23)
Start importing Assets/GoogleMobileAds/Common/DummyClient.cs using Guid(5858abc6dbdeb46fabb82d3296604951) Importer(2089858483,0ecaa5967403d082aa24f35e1b516d23) Generated GUIDs only implemented for interfaces!
 -> (artifact id: '67bdad7494c6cffe1d7b42537be46465') in 0.012827 seconds
Number of updated asset objects reloaded before import = 0
Number of asset objects unloaded after import = 1
========================================================================
Received Import Request.
  Time since last request: 0.000075 seconds.
  path: Assets/GoogleMobileAds/Api/MobileAds.cs
  artifactKey: Guid(90ca57af4a5ca48cda96227b0a69ffdc) Importer(2089858483,0ecaa5967403d082aa24f35e1b516d23)
Start importing Assets/GoogleMobileAds/Api/MobileAds.cs using Guid(90ca57af4a5ca48cda96227b0a69ffdc) Importer(2089858483,0ecaa5967403d082aa24f35e1b516d23) Generated GUIDs only implemented for interfaces!
 -> (artifact id: 'fbb5419901bd69770f76224f07c488fc') in 0.011243 seconds
Number of updated asset objects reloaded before import = 0
Number of asset objects unloaded after import = 1
========================================================================
Received Import Request.
  Time since last request: 0.000017 seconds.
  path: Assets/Textures/eff_fire_1.png
  artifactKey: Guid(745b583f87a3341b99705d786c521638) Importer(2089858483,0ecaa5967403d082aa24f35e1b516d23)
Start importing Assets/Textures/eff_fire_1.png using Guid(745b583f87a3341b99705d786c521638) Importer(2089858483,0ecaa5967403d082aa24f35e1b516d23) Generated GUIDs only implemented for interfaces!
 -> (artifact id: 'bd01ffae928199d3b1d363da1fcc9dcc') in 0.061871 seconds
Number of updated asset objects reloaded before import = 0
Number of asset objects unloaded after import = 1
========================================================================
Received Import Request.
  Time since last request: 0.000015 seconds.
  path: Assets/GoogleMobileAds/Api/BannerView.cs
  artifactKey: Guid(5c1fdac85e0d64c298684a5ee009e19e) Importer(2089858483,0ecaa5967403d082aa24f35e1b516d23)
Start importing Assets/GoogleMobileAds/Api/BannerView.cs using Guid(5c1fdac85e0d64c298684a5ee009e19e) Importer(2089858483,0ecaa5967403d082aa24f35e1b516d23) Generated GUIDs only implemented for interfaces!
 -> (artifact id: '48abb2366f8d17bae5b4c65e4283643f') in 0.009992 seconds
Number of updated asset objects reloaded before import = 0
Number of asset objects unloaded after import = 1
========================================================================
Received Import Request.
  Time since last request: 0.000104 seconds.
  path: Assets/Sprites/Back.jpg
  artifactKey: Guid(cecc772a6a0ff7c4db6ed2e761d1ebf9) Importer(2089858483,0ecaa5967403d082aa24f35e1b516d23)
Start importing Assets/Sprites/Back.jpg using Guid(cecc772a6a0ff7c4db6ed2e761d1ebf9) Importer(2089858483,0ecaa5967403d082aa24f35e1b516d23) Generated GUIDs only implemented for interfaces!
 -> (artifact id: '617bb1b54608fce8aff4a85088308be8') in 0.040256 seconds
Number of updated asset objects reloaded before import = 0
Number of asset objects unloaded after import = 3
========================================================================
Received Import Request.
  Time since last request: 0.000012 seconds.
  path: Assets/Materials/Mars.mat
  artifactKey: Guid(a11c92a70db11984d9c591b6188c7c35) Importer(2089858483,0ecaa5967403d082aa24f35e1b516d23)
Start importing Assets/Materials/Mars.mat using Guid(a11c92a70db11984d9c591b6188c7c35) Importer(2089858483,0ecaa5967403d082aa24f35e1b516d23) Generated GUIDs only implemented for interfaces!
 -> (artifact id: 'e662667d09987768d1035ae9a990cba4') in 0.059640 seconds
Number of updated asset objects reloaded before import = 0
Number of asset objects unloaded after import = 2
========================================================================
Received Import Request.
  Time since last request: 0.000015 seconds.
  path: Assets/GoogleMobileAds/Common/IRewardBasedVideoAdClient.cs
  artifactKey: Guid(03e96fc5475154376a9744dc2f6ab46d) Importer(2089858483,0ecaa5967403d082aa24f35e1b516d23)
Start importing Assets/GoogleMobileAds/Common/IRewardBasedVideoAdClient.cs using Guid(03e96fc5475154376a9744dc2f6ab46d) Importer(2089858483,0ecaa5967403d082aa24f35e1b516d23) Generated GUIDs only implemented for interfaces!
 -> (artifact id: '827d7556866f54d34a8ac5cc227a198b') in 0.011632 seconds
Number of updated asset objects reloaded before import = 0
Number of asset objects unloaded after import = 1
========================================================================
Received Import Request.
  Time since last request: 0.000094 seconds.
  path: Assets/Sprites/title.png
  artifactKey: Guid(1dd4ff3ce575cc144818eb1eb1369408) Importer(2089858483,0ecaa5967403d082aa24f35e1b516d23)
Start importing Assets/Sprites/title.png using Guid(1dd4ff3ce575cc144818eb1eb1369408) Importer(2089858483,0ecaa5967403d082aa24f35e1b516d23) Generated GUIDs only implemented for interfaces!
 -> (artifact id: '67ce6e52db56c6198237a971d6a3c7be') in 0.150962 seconds
Number of updated asset objects reloaded before import = 0
Number of asset objects unloaded after import = 3
========================================================================
Received Import Request.
  Time since last request: 0.000072 seconds.
  path: Assets/Sounds/decision8.mp3
  artifactKey: Guid(3ae127fd746e63d44bf58fb36345c047) Importer(2089858483,0ecaa5967403d082aa24f35e1b516d23)
Start importing Assets/Sounds/decision8.mp3 using Guid(3ae127fd746e63d44bf58fb36345c047) Importer(2089858483,0ecaa5967403d082aa24f35e1b516d23) Generated GUIDs only implemented for interfaces!
 -> (artifact id: '8076e876aaf15299a2bb2ab1f40d6788') in 0.219044 seconds
Number of updated asset objects reloaded before import = 0
Number of asset objects unloaded after import = 1
========================================================================
Received Import Request.
  Time since last request: 0.000015 seconds.
  path: Assets/Resources/ExplosionPhysicsForce.cs
  artifactKey: Guid(0ac1691131a8c844dafe8b6ace6a172a) Importer(2089858483,0ecaa5967403d082aa24f35e1b516d23)
Start importing Assets/Resources/ExplosionPhysicsForce.cs using Guid(0ac1691131a8c844dafe8b6ace6a172a) Importer(2089858483,0ecaa5967403d082aa24f35e1b516d23) Generated GUIDs only implemented for interfaces!
 -> (artifact id: '0d0a9ce51fadbbcdfd77edff5d0af440') in 0.010983 seconds
Number of updated asset objects reloaded before import = 0
Number of asset objects unloaded after import = 1
========================================================================
Received Import Request.
  Time since last request: 0.000021 seconds.
  path: Assets/Materials/eff_par_1.mat
  artifactKey: Guid(1eb614596030841cbbdb034483a7b79c) Importer(2089858483,0ecaa5967403d082aa24f35e1b516d23)
Start importing Assets/Materials/eff_par_1.mat using Guid(1eb614596030841cbbdb034483a7b79c) Importer(2089858483,0ecaa5967403d082aa24f35e1b516d23) Generated GUIDs only implemented for interfaces!
 -> (artifact id: '95fa51480e40aef98c0ab956fc231816') in 0.044500 seconds
Number of updated asset objects reloaded before import = 0
Number of asset objects unloaded after import = 2
========================================================================
Received Import Request.
  Time since last request: 0.000014 seconds.
  path: Assets/Prefabs/Neptune.prefab
  artifactKey: Guid(1bda051b15bba56499d56ff11725bfbe) Importer(2089858483,0ecaa5967403d082aa24f35e1b516d23)
Start importing Assets/Prefabs/Neptune.prefab using Guid(1bda051b15bba56499d56ff11725bfbe) Importer(2089858483,0ecaa5967403d082aa24f35e1b516d23) Generated GUIDs only implemented for interfaces!
 -> (artifact id: '345a9ea93d1677195a77f61fef9df06b') in 0.043423 seconds
Number of updated asset objects reloaded before import = 0
Number of asset objects unloaded after import = 10
========================================================================
Received Import Request.
  Time since last request: 0.000016 seconds.
  path: Assets/Prefabs/Break.anim
  artifactKey: Guid(44d524dd84209014d9db58e6563c2511) Importer(2089858483,0ecaa5967403d082aa24f35e1b516d23)
Start importing Assets/Prefabs/Break.anim using Guid(44d524dd84209014d9db58e6563c2511) Importer(2089858483,0ecaa5967403d082aa24f35e1b516d23) Generated GUIDs only implemented for interfaces!
 -> (artifact id: '2ea43a2caa5d076f1f15c5740aec17cf') in 0.026141 seconds
Number of updated asset objects reloaded before import = 0
Number of asset objects unloaded after import = 1
========================================================================
Received Import Request.
  Time since last request: 0.000015 seconds.
  path: Assets/Prefabs/Mars.prefab
  artifactKey: Guid(469364741e028804aaf9d256fa524487) Importer(2089858483,0ecaa5967403d082aa24f35e1b516d23)
Start importing Assets/Prefabs/Mars.prefab using Guid(469364741e028804aaf9d256fa524487) Importer(2089858483,0ecaa5967403d082aa24f35e1b516d23) Generated GUIDs only implemented for interfaces!
 -> (artifact id: 'f985d15df87ec334df23c6514f8ad2e7') in 0.033677 seconds
Number of updated asset objects reloaded before import = 0
Number of asset objects unloaded after import = 10
========================================================================
Received Import Request.
  Time since last request: 0.000014 seconds.
  path: Assets/Plugins/iOS/GADUAdLoader.m
  artifactKey: Guid(17992e52c015949e489d86d3c7577637) Importer(2089858483,0ecaa5967403d082aa24f35e1b516d23)
Start importing Assets/Plugins/iOS/GADUAdLoader.m using Guid(17992e52c015949e489d86d3c7577637) Importer(2089858483,0ecaa5967403d082aa24f35e1b516d23) Generated GUIDs only implemented for interfaces!
 -> (artifact id: '0bdf6beebcd495a03e78b2635bccb3b0') in 0.018630 seconds
Number of updated asset objects reloaded before import = 0
Number of asset objects unloaded after import = 1
========================================================================
Received Import Request.
  Time since last request: 0.000022 seconds.
  path: Assets/Sprites/cursor2.png
  artifactKey: Guid(6418d37ce4075c949b8bd13be466933e) Importer(2089858483,0ecaa5967403d082aa24f35e1b516d23)
Start importing Assets/Sprites/cursor2.png using Guid(6418d37ce4075c949b8bd13be466933e) Importer(2089858483,0ecaa5967403d082aa24f35e1b516d23) Generated GUIDs only implemented for interfaces!
 -> (artifact id: '994cb2a3bedfaa035e589e73d2135dad') in 0.050987 seconds
Number of updated asset objects reloaded before import = 0
Number of asset objects unloaded after import = 3
========================================================================
Received Import Request.
  Time since last request: 0.000017 seconds.
  path: Assets/Materials/eff_smoke_1.mat
  artifactKey: Guid(2c907c722ddf34d509edf8a32522caee) Importer(2089858483,0ecaa5967403d082aa24f35e1b516d23)
Start importing Assets/Materials/eff_smoke_1.mat using Guid(2c907c722ddf34d509edf8a32522caee) Importer(2089858483,0ecaa5967403d082aa24f35e1b516d23) Generated GUIDs only implemented for interfaces!
 -> (artifact id: 'f12bdbc50eada7469142d0751435a88d') in 0.031678 seconds
Number of updated asset objects reloaded before import = 0
Number of asset objects unloaded after import = 2
========================================================================
Received Import Request.
  Time since last request: 0.000020 seconds.
  path: Assets/Sprites/nep0fds1.jpg
  artifactKey: Guid(126b0b72652b7314395a88c234e70abe) Importer(2089858483,0ecaa5967403d082aa24f35e1b516d23)
Start importing Assets/Sprites/nep0fds1.jpg using Guid(126b0b72652b7314395a88c234e70abe) Importer(2089858483,0ecaa5967403d082aa24f35e1b516d23) Generated GUIDs only implemented for interfaces!
 -> (artifact id: 'e48798dff0e77ced2b05d16c3f3348f7') in 0.045931 seconds
Number of updated asset objects reloaded before import = 0
Number of asset objects unloaded after import = 1
========================================================================
Received Import Request.
  Time since last request: 0.000022 seconds.
  path: Assets/Animation/horizontalCursor.controller
  artifactKey: Guid(db26d0c2b114c684eb6b61ac710cba6a) Importer(2089858483,0ecaa5967403d082aa24f35e1b516d23)
Start importing Assets/Animation/horizontalCursor.controller using Guid(db26d0c2b114c684eb6b61ac710cba6a) Importer(2089858483,0ecaa5967403d082aa24f35e1b516d23) Generated GUIDs only implemented for interfaces!
 -> (artifact id: 'b172e8d492a42f1f0ecb861267062818') in 0.064372 seconds
Number of updated asset objects reloaded before import = 0
Number of asset objects unloaded after import = 7
========================================================================
Received Import Request.
  Time since last request: 0.000014 seconds.
  path: Assets/Plugins/iOS/GADUInterface.m
  artifactKey: Guid(aa283e807d0d341d0ac912b3a20ae884) Importer(2089858483,0ecaa5967403d082aa24f35e1b516d23)
Start importing Assets/Plugins/iOS/GADUInterface.m using Guid(aa283e807d0d341d0ac912b3a20ae884) Importer(2089858483,0ecaa5967403d082aa24f35e1b516d23) Generated GUIDs only implemented for interfaces!
 -> (artifact id: 'a1c7ba27448745f136959f7845573be9') in 0.011669 seconds
Number of updated asset objects reloaded before import = 0
Number of asset objects unloaded after import = 1
========================================================================
Received Import Request.
  Time since last request: 0.000110 seconds.
  path: Assets/Plugins/iOS/GADUBanner.h
  artifactKey: Guid(bfc9de2f7108146d098eae0328e8c88a) Importer(2089858483,0ecaa5967403d082aa24f35e1b516d23)
Start importing Assets/Plugins/iOS/GADUBanner.h using Guid(bfc9de2f7108146d098eae0328e8c88a) Importer(2089858483,0ecaa5967403d082aa24f35e1b516d23) Generated GUIDs only implemented for interfaces!
 -> (artifact id: 'c518e1f57c8ad399bd96ec129768a019') in 0.010660 seconds
Number of updated asset objects reloaded before import = 0
Number of asset objects unloaded after import = 1
========================================================================
Received Import Request.
  Time since last request: 0.000013 seconds.
  path: Assets/Plugins/iOS/GADUNativeCustomTemplateAd.m
  artifactKey: Guid(326a0c600b62e45dea56e60d0167513d) Importer(2089858483,0ecaa5967403d082aa24f35e1b516d23)
Start importing Assets/Plugins/iOS/GADUNativeCustomTemplateAd.m using Guid(326a0c600b62e45dea56e60d0167513d) Importer(2089858483,0ecaa5967403d082aa24f35e1b516d23) Generated GUIDs only implemented for interfaces!
 -> (artifact id: 'ae03b473082051a2f0bb293037eca56e') in 0.020141 seconds
Number of updated asset objects reloaded before import = 0
Number of asset objects unloaded after import = 1
========================================================================
Received Import Request.
  Time since last request: 0.000014 seconds.
  path: Assets/Resources/ParticleSmokeWhite.mat
  artifactKey: Guid(c50d77affeb31e14c9c062c282f13fc8) Importer(2089858483,0ecaa5967403d082aa24f35e1b516d23)
Start importing Assets/Resources/ParticleSmokeWhite.mat using Guid(c50d77affeb31e14c9c062c282f13fc8) Importer(2089858483,0ecaa5967403d082aa24f35e1b516d23) Generated GUIDs only implemented for interfaces!
 -> (artifact id: '0c0b0d6185d605299e51034c335eda35') in 0.022772 seconds
Number of updated asset objects reloaded before import = 0
Number of asset objects unloaded after import = 1
========================================================================
Received Import Request.
  Time since last request: 0.000017 seconds.
  path: Assets/Sprites/ven0aaa2.jpg
  artifactKey: Guid(5336ad869e728c44fbcb53c117f511cb) Importer(2089858483,0ecaa5967403d082aa24f35e1b516d23)
Start importing Assets/Sprites/ven0aaa2.jpg using Guid(5336ad869e728c44fbcb53c117f511cb) Importer(2089858483,0ecaa5967403d082aa24f35e1b516d23) Generated GUIDs only implemented for interfaces!
 -> (artifact id: '9ef71901d10c591381ea3c080853d57f') in 0.051560 seconds
Number of updated asset objects reloaded before import = 0
Number of asset objects unloaded after import = 1
========================================================================
Received Import Request.
  Time since last request: 0.000068 seconds.
  path: Assets/Prefabs/Uranus.prefab
  artifactKey: Guid(77a53e58ec99ca44ea66c0f5f88a6833) Importer(2089858483,0ecaa5967403d082aa24f35e1b516d23)
Start importing Assets/Prefabs/Uranus.prefab using Guid(77a53e58ec99ca44ea66c0f5f88a6833) Importer(2089858483,0ecaa5967403d082aa24f35e1b516d23) Generated GUIDs only implemented for interfaces!
 -> (artifact id: 'b0c44e4d523ccaf8aa069cac4c70487a') in 0.039318 seconds
Number of updated asset objects reloaded before import = 0
Number of asset objects unloaded after import = 10
========================================================================
Received Import Request.
  Time since last request: 0.000015 seconds.
  path: Assets/GoogleMobileAds/Api/Gender.cs
  artifactKey: Guid(c223413fd650846c1b3c07959a4429ef) Importer(2089858483,0ecaa5967403d082aa24f35e1b516d23)
Start importing Assets/GoogleMobileAds/Api/Gender.cs using Guid(c223413fd650846c1b3c07959a4429ef) Importer(2089858483,0ecaa5967403d082aa24f35e1b516d23) Generated GUIDs only implemented for interfaces!
 -> (artifact id: 'ba790f5bad5eb181fc5ecece74917ce7') in 0.009835 seconds
Number of updated asset objects reloaded before import = 0
Number of asset objects unloaded after import = 1
========================================================================
Received Import Request.
  Time since last request: 0.000064 seconds.
  path: Assets/GoogleMobileAds/Api/AdPosition.cs
  artifactKey: Guid(1e16a5ae359514f3ba0f1471a9d96744) Importer(2089858483,0ecaa5967403d082aa24f35e1b516d23)
Start importing Assets/GoogleMobileAds/Api/AdPosition.cs using Guid(1e16a5ae359514f3ba0f1471a9d96744) Importer(2089858483,0ecaa5967403d082aa24f35e1b516d23) Generated GUIDs only implemented for interfaces!
 -> (artifact id: 'a0d9539d4b83379033a90927b8aae5dc') in 0.021229 seconds
Number of updated asset objects reloaded before import = 0
Number of asset objects unloaded after import = 1
========================================================================
Received Import Request.
  Time since last request: 0.000134 seconds.
  path: Assets/Sprites/white.png
  artifactKey: Guid(4dbb8015f90b8144285ac2e818b87725) Importer(2089858483,0ecaa5967403d082aa24f35e1b516d23)
Start importing Assets/Sprites/white.png using Guid(4dbb8015f90b8144285ac2e818b87725) Importer(2089858483,0ecaa5967403d082aa24f35e1b516d23) Generated GUIDs only implemented for interfaces!
 -> (artifact id: 'd44fd951a948890fea99cd0d041f0a37') in 0.104103 seconds
Number of updated asset objects reloaded before import = 0
Number of asset objects unloaded after import = 3
========================================================================
Received Import Request.
  Time since last request: 0.000024 seconds.
  path: Assets/Textures/Eff_water_2.png
  artifactKey: Guid(b7e7ae5a0c2fa486eaf8b94fc11e0771) Importer(2089858483,0ecaa5967403d082aa24f35e1b516d23)
Start importing Assets/Textures/Eff_water_2.png using Guid(b7e7ae5a0c2fa486eaf8b94fc11e0771) Importer(2089858483,0ecaa5967403d082aa24f35e1b516d23) Generated GUIDs only implemented for interfaces!
 -> (artifact id: '36aa6efab95b961a6cd5059861df0ed9') in 0.068639 seconds
Number of updated asset objects reloaded before import = 0
Number of asset objects unloaded after import = 1
========================================================================
Received Import Request.
  Time since last request: 0.000065 seconds.
  path: Assets/Prefabs/Earth.prefab
  artifactKey: Guid(b38f57dce184c57488dd9714e2d57d4c) Importer(2089858483,0ecaa5967403d082aa24f35e1b516d23)
Start importing Assets/Prefabs/Earth.prefab using Guid(b38f57dce184c57488dd9714e2d57d4c) Importer(2089858483,0ecaa5967403d082aa24f35e1b516d23) Generated GUIDs only implemented for interfaces!
 -> (artifact id: 'fbaeb7c199d1de8a47e5010e03134f3f') in 0.061715 seconds
Number of updated asset objects reloaded before import = 0
Number of asset objects unloaded after import = 10
========================================================================
Received Import Request.
  Time since last request: 0.000035 seconds.
  path: Assets/Materials/eff_fire_1.mat
  artifactKey: Guid(3bad2c07f68b446da973cf29ed341657) Importer(2089858483,0ecaa5967403d082aa24f35e1b516d23)
Start importing Assets/Materials/eff_fire_1.mat using Guid(3bad2c07f68b446da973cf29ed341657) Importer(2089858483,0ecaa5967403d082aa24f35e1b516d23) Generated GUIDs only implemented for interfaces!
 -> (artifact id: 'c7b2b2d0cf2f6dc7ba0337f60cc52c47') in 0.020138 seconds
Number of updated asset objects reloaded before import = 0
Number of asset objects unloaded after import = 2
========================================================================
Received Import Request.
  Time since last request: 0.000013 seconds.
  path: Assets/Scripts/Commons/EffectAnimator.cs
  artifactKey: Guid(baa6df62894958f4eb810e14b0e39352) Importer(2089858483,0ecaa5967403d082aa24f35e1b516d23)
Start importing Assets/Scripts/Commons/EffectAnimator.cs using Guid(baa6df62894958f4eb810e14b0e39352) Importer(2089858483,0ecaa5967403d082aa24f35e1b516d23) Generated GUIDs only implemented for interfaces!
 -> (artifact id: '9d09e89936e99841aa9622db119ef998') in 0.010509 seconds
Number of updated asset objects reloaded before import = 0
Number of asset objects unloaded after import = 1
========================================================================
Received Import Request.
  Time since last request: 0.000101 seconds.
  path: Assets/Simple UI/PNG/UI_Fill_Green.png
  artifactKey: Guid(52a0b86a66ab743af98c4135d7f3e480) Importer(2089858483,0ecaa5967403d082aa24f35e1b516d23)
Start importing Assets/Simple UI/PNG/UI_Fill_Green.png using Guid(52a0b86a66ab743af98c4135d7f3e480) Importer(2089858483,0ecaa5967403d082aa24f35e1b516d23) Generated GUIDs only implemented for interfaces!
 -> (artifact id: 'f32124b397a4a6ef95537749c6cbf77f') in 0.077506 seconds
Number of updated asset objects reloaded before import = 0
Number of asset objects unloaded after import = 3
========================================================================
Received Import Request.
  Time since last request: 0.000014 seconds.
  path: Assets/Simple UI/PNG/UI_Panel_Content.png
  artifactKey: Guid(a0c4441e403ea437ca79f6f9b5b15da8) Importer(2089858483,0ecaa5967403d082aa24f35e1b516d23)
Start importing Assets/Simple UI/PNG/UI_Panel_Content.png using Guid(a0c4441e403ea437ca79f6f9b5b15da8) Importer(2089858483,0ecaa5967403d082aa24f35e1b516d23) Generated GUIDs only implemented for interfaces!
 -> (artifact id: 'e61f704e052b910505efab278eac4c5c') in 0.038448 seconds
Number of updated asset objects reloaded before import = 0
Number of asset objects unloaded after import = 3
========================================================================
Received Import Request.
  Time since last request: 0.000020 seconds.
  path: Assets/Simple UI/PNG/UI_Fill_Orange.png
  artifactKey: Guid(4d07b2098820749219726c7524130fdf) Importer(2089858483,0ecaa5967403d082aa24f35e1b516d23)
Start importing Assets/Simple UI/PNG/UI_Fill_Orange.png using Guid(4d07b2098820749219726c7524130fdf) Importer(2089858483,0ecaa5967403d082aa24f35e1b516d23) Generated GUIDs only implemented for interfaces!
 -> (artifact id: '41ffc23b349a117ddadd43c2ca4d335a') in 0.063439 seconds
Number of updated asset objects reloaded before import = 0
Number of asset objects unloaded after import = 3
========================================================================
Received Import Request.
  Time since last request: 0.000013 seconds.
  path: Assets/Scripts/Commons/ButtonScript.cs
  artifactKey: Guid(fc76c0e2f8eec2049afff35f43c9f6ac) Importer(2089858483,0ecaa5967403d082aa24f35e1b516d23)
Start importing Assets/Scripts/Commons/ButtonScript.cs using Guid(fc76c0e2f8eec2049afff35f43c9f6ac) Importer(2089858483,0ecaa5967403d082aa24f35e1b516d23) Generated GUIDs only implemented for interfaces!
 -> (artifact id: 'c1ea2cf3d9ca652c1a6bc2d814c77a60') in 0.011783 seconds
Number of updated asset objects reloaded before import = 0
Number of asset objects unloaded after import = 1
========================================================================
Received Import Request.
  Time since last request: 0.000122 seconds.
  path: Assets/Simple UI/PNG/UI_Fill_Red.png
  artifactKey: Guid(18e2ff1d451834543904126f62d5eb65) Importer(2089858483,0ecaa5967403d082aa24f35e1b516d23)
Start importing Assets/Simple UI/PNG/UI_Fill_Red.png using Guid(18e2ff1d451834543904126f62d5eb65) Importer(2089858483,0ecaa5967403d082aa24f35e1b516d23) Generated GUIDs only implemented for interfaces!
 -> (artifact id: '0589e717132463f99b08d47040a56685') in 0.216159 seconds
Number of updated asset objects reloaded before import = 0
Number of asset objects unloaded after import = 3
========================================================================
Received Import Request.
  Time since last request: 0.000072 seconds.
  path: Assets/Simple UI/PNG/UI_Button_Standard_Red.png
  artifactKey: Guid(01e584fc9ff6d4a969400e68b97befc4) Importer(2089858483,0ecaa5967403d082aa24f35e1b516d23)
Start importing Assets/Simple UI/PNG/UI_Button_Standard_Red.png using Guid(01e584fc9ff6d4a969400e68b97befc4) Importer(2089858483,0ecaa5967403d082aa24f35e1b516d23) Generated GUIDs only implemented for interfaces!
 -> (artifact id: '2e341837a58f238775ea12c626c7b350') in 0.071513 seconds
Number of updated asset objects reloaded before import = 0
Number of asset objects unloaded after import = 3
========================================================================
Received Import Request.
  Time since last request: 0.000013 seconds.
  path: Assets/Simple UI/Resource Icons/UI_Graphic_Resource_Gems.png
  artifactKey: Guid(51cbf6e0aefa3464ba1c716d3be413aa) Importer(2089858483,0ecaa5967403d082aa24f35e1b516d23)
Start importing Assets/Simple UI/Resource Icons/UI_Graphic_Resource_Gems.png using Guid(51cbf6e0aefa3464ba1c716d3be413aa) Importer(2089858483,0ecaa5967403d082aa24f35e1b516d23) Generated GUIDs only implemented for interfaces!
 -> (artifact id: 'b2f03cc5ba1cce7f5e892fc99ecd1063') in 0.123726 seconds
Number of updated asset objects reloaded before import = 0
Number of asset objects unloaded after import = 3
========================================================================
Received Import Request.
  Time since last request: 0.000013 seconds.
  path: Assets/Simple UI/Samples/SettingsWindow.unity
  artifactKey: Guid(0533d1bdf62f84bb5b4036aaf7550fe6) Importer(2089858483,0ecaa5967403d082aa24f35e1b516d23)
Start importing Assets/Simple UI/Samples/SettingsWindow.unity using Guid(0533d1bdf62f84bb5b4036aaf7550fe6) Importer(2089858483,0ecaa5967403d082aa24f35e1b516d23) Generated GUIDs only implemented for interfaces!
 -> (artifact id: '4aa511a9bba4a22c8b4e3f206907d4ce') in 0.010215 seconds
Number of updated asset objects reloaded before import = 0
Number of asset objects unloaded after import = 1
========================================================================
Received Import Request.
  Time since last request: 0.000076 seconds.
  path: Assets/Simple UI/Samples/PopUp.unity
  artifactKey: Guid(c8a8158d4ee6b40a6aea1a14cb703e75) Importer(2089858483,0ecaa5967403d082aa24f35e1b516d23)
Start importing Assets/Simple UI/Samples/PopUp.unity using Guid(c8a8158d4ee6b40a6aea1a14cb703e75) Importer(2089858483,0ecaa5967403d082aa24f35e1b516d23) Generated GUIDs only implemented for interfaces!
 -> (artifact id: 'ac514e3938fca2ea3c74d85c2b237068') in 0.008765 seconds
Number of updated asset objects reloaded before import = 0
Number of asset objects unloaded after import = 1
========================================================================
Received Import Request.
  Time since last request: 0.000128 seconds.
  path: Assets/Simple UI/Resource Icons/UI_Graphic_Resource_Tools.png
  artifactKey: Guid(b6adf1cf14f6d464194562461987edf1) Importer(2089858483,0ecaa5967403d082aa24f35e1b516d23)
Start importing Assets/Simple UI/Resource Icons/UI_Graphic_Resource_Tools.png using Guid(b6adf1cf14f6d464194562461987edf1) Importer(2089858483,0ecaa5967403d082aa24f35e1b516d23) Generated GUIDs only implemented for interfaces!
 -> (artifact id: '1938c0a2721fa383e3a72cff68ce2176') in 0.078387 seconds
Number of updated asset objects reloaded before import = 0
Number of asset objects unloaded after import = 3
========================================================================
Received Import Request.
  Time since last request: 0.000027 seconds.
  path: Assets/Prefabs/Ad.prefab
  artifactKey: Guid(d28823f322ca72f458783f66f414759e) Importer(2089858483,0ecaa5967403d082aa24f35e1b516d23)
Start importing Assets/Prefabs/Ad.prefab using Guid(d28823f322ca72f458783f66f414759e) Importer(2089858483,0ecaa5967403d082aa24f35e1b516d23) Generated GUIDs only implemented for interfaces!
 -> (artifact id: 'c832bcd39d602101472399c6aa55d2d6') in 0.014895 seconds
Number of updated asset objects reloaded before import = 0
Number of asset objects unloaded after import = 5
========================================================================
Received Import Request.
  Time since last request: 0.000102 seconds.
  path: Assets/Prefabs/Earth.controller
  artifactKey: Guid(0627b575ca1740547a8c8eba1512e4cf) Importer(2089858483,0ecaa5967403d082aa24f35e1b516d23)
Start importing Assets/Prefabs/Earth.controller using Guid(0627b575ca1740547a8c8eba1512e4cf) Importer(2089858483,0ecaa5967403d082aa24f35e1b516d23) Generated GUIDs only implemented for interfaces!
 -> (artifact id: 'd3c9fea50f4b895488c73ffd0c54e497') in 0.093715 seconds
Number of updated asset objects reloaded before import = 0
Number of asset objects unloaded after import = 4
========================================================================
Received Import Request.
  Time since last request: 0.000015 seconds.
  path: Assets/Simple UI/PNG/UI_Frame_White.png
  artifactKey: Guid(159709bc538104a329b60b7b07386209) Importer(2089858483,0ecaa5967403d082aa24f35e1b516d23)
Start importing Assets/Simple UI/PNG/UI_Frame_White.png using Guid(159709bc538104a329b60b7b07386209) Importer(2089858483,0ecaa5967403d082aa24f35e1b516d23) Generated GUIDs only implemented for interfaces!
 -> (artifact id: '35988916f11aea8e72de8dc9b63fbfbc') in 0.036047 seconds
Number of updated asset objects reloaded before import = 0
Number of asset objects unloaded after import = 3
========================================================================
Received Import Request.
  Time since last request: 0.000088 seconds.
  path: Assets/Sprites/Title.anim
  artifactKey: Guid(1062e76f85222b74ea6b4c846ed650f5) Importer(2089858483,0ecaa5967403d082aa24f35e1b516d23)
Start importing Assets/Sprites/Title.anim using Guid(1062e76f85222b74ea6b4c846ed650f5) Importer(2089858483,0ecaa5967403d082aa24f35e1b516d23) Generated GUIDs only implemented for interfaces!
 -> (artifact id: '1933d430acfe8f3188d76815eae30691') in 0.013092 seconds
Number of updated asset objects reloaded before import = 0
Number of asset objects unloaded after import = 1
========================================================================
Received Import Request.
  Time since last request: 0.000086 seconds.
  path: Assets/Textures/Eff_aura1.png
  artifactKey: Guid(f509857deec5540c8844ea13c3863f04) Importer(2089858483,0ecaa5967403d082aa24f35e1b516d23)
Start importing Assets/Textures/Eff_aura1.png using Guid(f509857deec5540c8844ea13c3863f04) Importer(2089858483,0ecaa5967403d082aa24f35e1b516d23) Generated GUIDs only implemented for interfaces!
 -> (artifact id: 'dfe98d09160858eb2cc935935fd7d66d') in 0.083231 seconds
Number of updated asset objects reloaded before import = 0
Number of asset objects unloaded after import = 1
========================================================================
Received Import Request.
  Time since last request: 0.000016 seconds.
  path: Assets/Resources/sun1.psd
  artifactKey: Guid(3db965b2ade7df541afd57470f02dc2c) Importer(2089858483,0ecaa5967403d082aa24f35e1b516d23)
Start importing Assets/Resources/sun1.psd using Guid(3db965b2ade7df541afd57470f02dc2c) Importer(2089858483,0ecaa5967403d082aa24f35e1b516d23) Generated GUIDs only implemented for interfaces!
 -> (artifact id: 'f1ec54a1faa449cfcf8f2e46a17afb9c') in 0.032765 seconds
Number of updated asset objects reloaded before import = 0
Number of asset objects unloaded after import = 1
========================================================================
Received Import Request.
  Time since last request: 0.000073 seconds.
  path: Assets/GoogleMobileAds/Platforms/iOS/MonoPInvokeCallbackAttribute.cs
  artifactKey: Guid(3e9c3522c966c4c2cadfb64f2b984bbb) Importer(2089858483,0ecaa5967403d082aa24f35e1b516d23)
Start importing Assets/GoogleMobileAds/Platforms/iOS/MonoPInvokeCallbackAttribute.cs using Guid(3e9c3522c966c4c2cadfb64f2b984bbb) Importer(2089858483,0ecaa5967403d082aa24f35e1b516d23) Generated GUIDs only implemented for interfaces!
 -> (artifact id: 'ac8f15af67368cbf7f1ee27515520146') in 0.010349 seconds
Number of updated asset objects reloaded before import = 0
Number of asset objects unloaded after import = 1
========================================================================
Received Import Request.
  Time since last request: 0.000079 seconds.
  path: Assets/GoogleMobileAds/Platforms/Android/Utils.cs
  artifactKey: Guid(e17a17026dc1549e090ee48995b0a982) Importer(2089858483,0ecaa5967403d082aa24f35e1b516d23)
Start importing Assets/GoogleMobileAds/Platforms/Android/Utils.cs using Guid(e17a17026dc1549e090ee48995b0a982) Importer(2089858483,0ecaa5967403d082aa24f35e1b516d23) Generated GUIDs only implemented for interfaces!
 -> (artifact id: '556e91536ff58b78729ab08647d0ae9b') in 0.021437 seconds
Number of updated asset objects reloaded before import = 0
Number of asset objects unloaded after import = 1
========================================================================
Received Import Request.
  Time since last request: 0.000017 seconds.
  path: Assets/GoogleMobileAds/Platforms/iOS/BannerClient.cs
  artifactKey: Guid(781449620de7e4db0b357e23b1a0fb58) Importer(2089858483,0ecaa5967403d082aa24f35e1b516d23)
Start importing Assets/GoogleMobileAds/Platforms/iOS/BannerClient.cs using Guid(781449620de7e4db0b357e23b1a0fb58) Importer(2089858483,0ecaa5967403d082aa24f35e1b516d23) Generated GUIDs only implemented for interfaces!
 -> (artifact id: 'f5be9614437d540f19c60d3675ee9712') in 0.012419 seconds
Number of updated asset objects reloaded before import = 0
Number of asset objects unloaded after import = 1
========================================================================
Received Import Request.
  Time since last request: 0.000075 seconds.
  path: Assets/GoogleMobileAds/Platforms/iOS/AdLoaderClient.cs
  artifactKey: Guid(c3adcf5ae777f49baac270e65cb1305f) Importer(2089858483,0ecaa5967403d082aa24f35e1b516d23)
Start importing Assets/GoogleMobileAds/Platforms/iOS/AdLoaderClient.cs using Guid(c3adcf5ae777f49baac270e65cb1305f) Importer(2089858483,0ecaa5967403d082aa24f35e1b516d23) Generated GUIDs only implemented for interfaces!
 -> (artifact id: '9820439607dd4792637e5fd59c79ba0c') in 0.011025 seconds
Number of updated asset objects reloaded before import = 0
Number of asset objects unloaded after import = 1
========================================================================
Received Import Request.
  Time since last request: 0.000013 seconds.
  path: Assets/Simple UI/Resource Icons/Source/UI_Graphic_Resource_Coins.eps
  artifactKey: Guid(45d5b59a47eaf4a4e85921cf162e747f) Importer(2089858483,0ecaa5967403d082aa24f35e1b516d23)
Start importing Assets/Simple UI/Resource Icons/Source/UI_Graphic_Resource_Coins.eps using Guid(45d5b59a47eaf4a4e85921cf162e747f) Importer(2089858483,0ecaa5967403d082aa24f35e1b516d23) Generated GUIDs only implemented for interfaces!
 -> (artifact id: '536821c04e9653e1a4e6d978671cd970') in 0.009576 seconds
Number of updated asset objects reloaded before import = 0
Number of asset objects unloaded after import = 1
========================================================================
Received Import Request.
  Time since last request: 0.000085 seconds.
  path: Assets/GoogleMobileAds/Platforms/iOS/Externs.cs
  artifactKey: Guid(2e223930b947b4631aad0c53aa6fb8ba) Importer(2089858483,0ecaa5967403d082aa24f35e1b516d23)
Start importing Assets/GoogleMobileAds/Platforms/iOS/Externs.cs using Guid(2e223930b947b4631aad0c53aa6fb8ba) Importer(2089858483,0ecaa5967403d082aa24f35e1b516d23) Generated GUIDs only implemented for interfaces!
 -> (artifact id: '6a97af6b7a1bc465fd061b088665a1d2') in 0.011169 seconds
Number of updated asset objects reloaded before import = 0
Number of asset objects unloaded after import = 1
========================================================================
Received Import Request.
  Time since last request: 0.000089 seconds.
  path: Assets/GoogleMobileAds/Platforms/iOS/MobileAdsClient.cs
  artifactKey: Guid(724408e8ee9ad4648943237d7f339bd4) Importer(2089858483,0ecaa5967403d082aa24f35e1b516d23)
Start importing Assets/GoogleMobileAds/Platforms/iOS/MobileAdsClient.cs using Guid(724408e8ee9ad4648943237d7f339bd4) Importer(2089858483,0ecaa5967403d082aa24f35e1b516d23) Generated GUIDs only implemented for interfaces!
 -> (artifact id: 'c8dc56f2b90b30c83c488d989d62434f') in 0.010699 seconds
Number of updated asset objects reloaded before import = 0
Number of asset objects unloaded after import = 1
========================================================================
Received Import Request.
  Time since last request: 0.000085 seconds.
  path: Assets/GoogleMobileAds/Platforms/GoogleMobileAdsClientFactory.cs
  artifactKey: Guid(6282c3acdf4eb41cebb4eae72326ba2e) Importer(2089858483,0ecaa5967403d082aa24f35e1b516d23)
Start importing Assets/GoogleMobileAds/Platforms/GoogleMobileAdsClientFactory.cs using Guid(6282c3acdf4eb41cebb4eae72326ba2e) Importer(2089858483,0ecaa5967403d082aa24f35e1b516d23) Generated GUIDs only implemented for interfaces!
 -> (artifact id: '6d3c9b5f03490bd7179d174fe3a78268') in 0.010922 seconds
Number of updated asset objects reloaded before import = 0
Number of asset objects unloaded after import = 1
========================================================================
Received Import Request.
  Time since last request: 0.000070 seconds.
  path: Assets/Sprites/OP_Flash.anim
  artifactKey: Guid(002fa587a16825a4e812220d9d41f30f) Importer(2089858483,0ecaa5967403d082aa24f35e1b516d23)
Start importing Assets/Sprites/OP_Flash.anim using Guid(002fa587a16825a4e812220d9d41f30f) Importer(2089858483,0ecaa5967403d082aa24f35e1b516d23) Generated GUIDs only implemented for interfaces!
 -> (artifact id: '5de9c76d05b1877c368380d0b42c098f') in 0.181436 seconds
Number of updated asset objects reloaded before import = 0
Number of asset objects unloaded after import = 1
========================================================================
Received Import Request.
  Time since last request: 0.000125 seconds.
  path: Assets/Sprites/white.controller
  artifactKey: Guid(2c907612e2863fb478d389ca048fe029) Importer(2089858483,0ecaa5967403d082aa24f35e1b516d23)
Start importing Assets/Sprites/white.controller using Guid(2c907612e2863fb478d389ca048fe029) Importer(2089858483,0ecaa5967403d082aa24f35e1b516d23) Generated GUIDs only implemented for interfaces!
 -> (artifact id: '3139f6a4e1bfc53ae9422a58bc27c36c') in 0.047441 seconds
Number of updated asset objects reloaded before import = 0
Number of asset objects unloaded after import = 4
========================================================================
Received Import Request.
  Time since last request: 0.000016 seconds.
  path: Assets/Simple UI/PNG/UI_Button_Standard_Orange.png
  artifactKey: Guid(edf711441da8c428bae528686532e5e4) Importer(2089858483,0ecaa5967403d082aa24f35e1b516d23)
Start importing Assets/Simple UI/PNG/UI_Button_Standard_Orange.png using Guid(edf711441da8c428bae528686532e5e4) Importer(2089858483,0ecaa5967403d082aa24f35e1b516d23) Generated GUIDs only implemented for interfaces!
 -> (artifact id: '78c426a9a9e1ff906b2c4775b48dc724') in 0.075875 seconds
Number of updated asset objects reloaded before import = 0
Number of asset objects unloaded after import = 3
========================================================================
Received Import Request.
  Time since last request: 0.000014 seconds.
  path: Assets/Simple UI/Resource Icons/UI_Graphic_Resource_Food.png
  artifactKey: Guid(25b6b275757df4f589d23b542f236cb0) Importer(2089858483,0ecaa5967403d082aa24f35e1b516d23)
Start importing Assets/Simple UI/Resource Icons/UI_Graphic_Resource_Food.png using Guid(25b6b275757df4f589d23b542f236cb0) Importer(2089858483,0ecaa5967403d082aa24f35e1b516d23) Generated GUIDs only implemented for interfaces!
 -> (artifact id: 'c443d1214429c07be8ad49fdc512dd0c') in 0.079363 seconds
Number of updated asset objects reloaded before import = 0
Number of asset objects unloaded after import = 3
========================================================================
Received Import Request.
  Time since last request: 0.000029 seconds.
  path: Assets/Simple UI/Simple Vector Icons/128px/UI_Icon_BtnDpadDirRight.png
  artifactKey: Guid(8bbda638b228045548e46f7e919f4180) Importer(2089858483,0ecaa5967403d082aa24f35e1b516d23)
Start importing Assets/Simple UI/Simple Vector Icons/128px/UI_Icon_BtnDpadDirRight.png using Guid(8bbda638b228045548e46f7e919f4180) Importer(2089858483,0ecaa5967403d082aa24f35e1b516d23) Generated GUIDs only implemented for interfaces!
 -> (artifact id: '2df44bb7050cadfae0b57de678db8df4') in 0.113300 seconds
Number of updated asset objects reloaded before import = 0
Number of asset objects unloaded after import = 3
========================================================================
Received Import Request.
  Time since last request: 0.000073 seconds.
  path: Assets/Simple UI/Simple Vector Icons/128px/UI_Icon_BtnL3.png
  artifactKey: Guid(31c09687ca0bd4827a654fba3b61dd2f) Importer(2089858483,0ecaa5967403d082aa24f35e1b516d23)
Start importing Assets/Simple UI/Simple Vector Icons/128px/UI_Icon_BtnL3.png using Guid(31c09687ca0bd4827a654fba3b61dd2f) Importer(2089858483,0ecaa5967403d082aa24f35e1b516d23) Generated GUIDs only implemented for interfaces!
 -> (artifact id: '625397ad1fe4732e0235980c32b3153f') in 0.313105 seconds
Number of updated asset objects reloaded before import = 0
Number of asset objects unloaded after import = 3
========================================================================
Received Import Request.
  Time since last request: 0.000092 seconds.
  path: Assets/Simple UI/Simple Vector Icons/128px/UI_Icon_AlarmOff.png
  artifactKey: Guid(f944a7c8cc7d6426793d4bb12873a73f) Importer(2089858483,0ecaa5967403d082aa24f35e1b516d23)
Start importing Assets/Simple UI/Simple Vector Icons/128px/UI_Icon_AlarmOff.png using Guid(f944a7c8cc7d6426793d4bb12873a73f) Importer(2089858483,0ecaa5967403d082aa24f35e1b516d23) Generated GUIDs only implemented for interfaces!
 -> (artifact id: '1426f02982a464097e757df233903e9b') in 0.067360 seconds
Number of updated asset objects reloaded before import = 0
Number of asset objects unloaded after import = 3
========================================================================
Received Import Request.
  Time since last request: 0.000016 seconds.
  path: Assets/Simple UI/Simple Vector Icons/128px/UI_Icon_BtnR1.png
  artifactKey: Guid(2dbd193c61b1140ee85ef8131babe7d2) Importer(2089858483,0ecaa5967403d082aa24f35e1b516d23)
Start importing Assets/Simple UI/Simple Vector Icons/128px/UI_Icon_BtnR1.png using Guid(2dbd193c61b1140ee85ef8131babe7d2) Importer(2089858483,0ecaa5967403d082aa24f35e1b516d23) Generated GUIDs only implemented for interfaces!
 -> (artifact id: '2c83f6c678eaeedd0af2ce0b106773e0') in 0.078956 seconds
Number of updated asset objects reloaded before import = 0
Number of asset objects unloaded after import = 3
========================================================================
Received Import Request.
  Time since last request: 0.000042 seconds.
  path: Assets/Simple UI/Simple Vector Icons/128px/UI_Icon_BtnPsCircle.png
  artifactKey: Guid(6413ea90969404597b57598c26b19c96) Importer(2089858483,0ecaa5967403d082aa24f35e1b516d23)
Start importing Assets/Simple UI/Simple Vector Icons/128px/UI_Icon_BtnPsCircle.png using Guid(6413ea90969404597b57598c26b19c96) Importer(2089858483,0ecaa5967403d082aa24f35e1b516d23) Generated GUIDs only implemented for interfaces!
 -> (artifact id: 'c4ad6d54de0fe97609ff82be2a9b3d8b') in 0.089131 seconds
Number of updated asset objects reloaded before import = 0
Number of asset objects unloaded after import = 3
========================================================================
Received Import Request.
  Time since last request: 0.000070 seconds.
  path: Assets/Simple UI/Resource Icons/Source/UI_Graphic_Resource_Wood.eps
  artifactKey: Guid(019f1fe279d254d0faebaba5f7ad9a97) Importer(2089858483,0ecaa5967403d082aa24f35e1b516d23)
Start importing Assets/Simple UI/Resource Icons/Source/UI_Graphic_Resource_Wood.eps using Guid(019f1fe279d254d0faebaba5f7ad9a97) Importer(2089858483,0ecaa5967403d082aa24f35e1b516d23) Generated GUIDs only implemented for interfaces!
 -> (artifact id: '24d1d77ff2e2b560ddef15660e851e49') in 0.009516 seconds
Number of updated asset objects reloaded before import = 0
Number of asset objects unloaded after import = 1
========================================================================
Received Import Request.
  Time since last request: 0.000152 seconds.
  path: Assets/Simple UI/Simple Vector Icons/128px/UI_Icon_Bookmark.png
  artifactKey: Guid(bb2fbe780ca4744a2abbe68c46925a90) Importer(2089858483,0ecaa5967403d082aa24f35e1b516d23)
Start importing Assets/Simple UI/Simple Vector Icons/128px/UI_Icon_Bookmark.png using Guid(bb2fbe780ca4744a2abbe68c46925a90) Importer(2089858483,0ecaa5967403d082aa24f35e1b516d23) Generated GUIDs only implemented for interfaces!
 -> (artifact id: 'c3ec875ff93c4cb7036ba9859ffea92c') in 0.053330 seconds
Number of updated asset objects reloaded before import = 0
Number of asset objects unloaded after import = 3
========================================================================
Received Import Request.
  Time since last request: 0.000069 seconds.
  path: Assets/Simple UI/Simple Vector Icons/128px/UI_Icon_BtnPsCrossRound.png
  artifactKey: Guid(a0ebb20a6dce44c8daf09a32e4bd7ef4) Importer(2089858483,0ecaa5967403d082aa24f35e1b516d23)
Start importing Assets/Simple UI/Simple Vector Icons/128px/UI_Icon_BtnPsCrossRound.png using Guid(a0ebb20a6dce44c8daf09a32e4bd7ef4) Importer(2089858483,0ecaa5967403d082aa24f35e1b516d23) Generated GUIDs only implemented for interfaces!
 -> (artifact id: 'd04c00cd6fa7909a5ac98e998ca2d3d0') in 0.055372 seconds
Number of updated asset objects reloaded before import = 0
Number of asset objects unloaded after import = 3
========================================================================
Received Import Request.
  Time since last request: 0.000063 seconds.
  path: Assets/Simple UI/Simple Vector Icons/128px/UI_Icon_Archer.png
  artifactKey: Guid(a45bb033858a8498c966ed62e0400cfb) Importer(2089858483,0ecaa5967403d082aa24f35e1b516d23)
Start importing Assets/Simple UI/Simple Vector Icons/128px/UI_Icon_Archer.png using Guid(a45bb033858a8498c966ed62e0400cfb) Importer(2089858483,0ecaa5967403d082aa24f35e1b516d23) Generated GUIDs only implemented for interfaces!
 -> (artifact id: '0af210cb4eb01fac72f68e3456f05f7b') in 0.064910 seconds
Number of updated asset objects reloaded before import = 0
Number of asset objects unloaded after import = 3
========================================================================
Received Import Request.
  Time since last request: 0.000013 seconds.
  path: Assets/Simple UI/Simple Vector Icons/128px/UI_Icon_ArrowLeft.png
  artifactKey: Guid(1beb2b9b13cdf4627a2e692628ae8f00) Importer(2089858483,0ecaa5967403d082aa24f35e1b516d23)
Start importing Assets/Simple UI/Simple Vector Icons/128px/UI_Icon_ArrowLeft.png using Guid(1beb2b9b13cdf4627a2e692628ae8f00) Importer(2089858483,0ecaa5967403d082aa24f35e1b516d23) Generated GUIDs only implemented for interfaces!
 -> (artifact id: 'fa46649668cea1fd0a812fe31ca97172') in 0.051157 seconds
Number of updated asset objects reloaded before import = 0
Number of asset objects unloaded after import = 3
========================================================================
Received Import Request.
  Time since last request: 0.000015 seconds.
  path: Assets/Simple UI/Resource Icons/Source/UI_Graphic_Resource_Iron.eps
  artifactKey: Guid(fcbee89f734de4e71b6c8a56122c6f7e) Importer(2089858483,0ecaa5967403d082aa24f35e1b516d23)
Start importing Assets/Simple UI/Resource Icons/Source/UI_Graphic_Resource_Iron.eps using Guid(fcbee89f734de4e71b6c8a56122c6f7e) Importer(2089858483,0ecaa5967403d082aa24f35e1b516d23) Generated GUIDs only implemented for interfaces!
 -> (artifact id: 'ac8014c032126e53fe718bed6b71b929') in 0.042387 seconds
Number of updated asset objects reloaded before import = 0
Number of asset objects unloaded after import = 1
========================================================================
Received Import Request.
  Time since last request: 0.000127 seconds.
  path: Assets/Simple UI/Simple Vector Icons/128px/UI_Icon_CardDiamonds.png
  artifactKey: Guid(39dca1c9ed1a04f6f92c42352ccbce3b) Importer(2089858483,0ecaa5967403d082aa24f35e1b516d23)
Start importing Assets/Simple UI/Simple Vector Icons/128px/UI_Icon_CardDiamonds.png using Guid(39dca1c9ed1a04f6f92c42352ccbce3b) Importer(2089858483,0ecaa5967403d082aa24f35e1b516d23) Generated GUIDs only implemented for interfaces!
 -> (artifact id: '51163c10f6a796d2607912c50330526c') in 0.077825 seconds
Number of updated asset objects reloaded before import = 0
Number of asset objects unloaded after import = 3
========================================================================
Received Import Request.
  Time since last request: 0.000014 seconds.
  path: Assets/Simple UI/Simple Vector Icons/128px/UI_Icon_CardClubs.png
  artifactKey: Guid(496c26acb9b974a1dad49d86c2f504cc) Importer(2089858483,0ecaa5967403d082aa24f35e1b516d23)
Start importing Assets/Simple UI/Simple Vector Icons/128px/UI_Icon_CardClubs.png using Guid(496c26acb9b974a1dad49d86c2f504cc) Importer(2089858483,0ecaa5967403d082aa24f35e1b516d23) Generated GUIDs only implemented for interfaces!
 -> (artifact id: '61d7e6a457ccd9e7122e4aa6468afee0') in 0.042833 seconds
Number of updated asset objects reloaded before import = 0
Number of asset objects unloaded after import = 3
========================================================================
Received Import Request.
  Time since last request: 0.000014 seconds.
  path: Assets/Simple UI/Simple Vector Icons/128px/UI_Icon_BtnXboxX.png
  artifactKey: Guid(86a0c7607900244de993dcfb05f8d462) Importer(2089858483,0ecaa5967403d082aa24f35e1b516d23)
Start importing Assets/Simple UI/Simple Vector Icons/128px/UI_Icon_BtnXboxX.png using Guid(86a0c7607900244de993dcfb05f8d462) Importer(2089858483,0ecaa5967403d082aa24f35e1b516d23) Generated GUIDs only implemented for interfaces!
 -> (artifact id: '238fb7b0ecbaddb94ae7ce037b8a9fe9') in 0.036404 seconds
Number of updated asset objects reloaded before import = 0
Number of asset objects unloaded after import = 3
========================================================================
Received Import Request.
  Time since last request: 0.000081 seconds.
  path: Assets/Simple UI/Simple Vector Icons/128px/UI_Icon_CardHearts.png
  artifactKey: Guid(389f478ce02f240c38e504dafb3709c0) Importer(2089858483,0ecaa5967403d082aa24f35e1b516d23)
Start importing Assets/Simple UI/Simple Vector Icons/128px/UI_Icon_CardHearts.png using Guid(389f478ce02f240c38e504dafb3709c0) Importer(2089858483,0ecaa5967403d082aa24f35e1b516d23) Generated GUIDs only implemented for interfaces!
 -> (artifact id: 'd97dcec3f5c3afa0e408aada9f8662b7') in 0.067246 seconds
Number of updated asset objects reloaded before import = 0
Number of asset objects unloaded after import = 3
========================================================================
Received Import Request.
  Time since last request: 0.000056 seconds.
  path: Assets/Simple UI/Simple Vector Icons/128px/UI_Icon_BtnXboxXRound.png
  artifactKey: Guid(aca5053f6a0434f8881d370a7094b82d) Importer(2089858483,0ecaa5967403d082aa24f35e1b516d23)
Start importing Assets/Simple UI/Simple Vector Icons/128px/UI_Icon_BtnXboxXRound.png using Guid(aca5053f6a0434f8881d370a7094b82d) Importer(2089858483,0ecaa5967403d082aa24f35e1b516d23) Generated GUIDs only implemented for interfaces!
 -> (artifact id: '3fd1f661c74939f3cfaa2aa81f2b8702') in 0.045459 seconds
Number of updated asset objects reloaded before import = 0
Number of asset objects unloaded after import = 3
========================================================================
Received Import Request.
  Time since last request: 0.000080 seconds.
  path: Assets/Simple UI/Simple Vector Icons/128px/UI_Icon_BtnXboxB.png
  artifactKey: Guid(f5d74ebb3f8d541d597d738c079c4b2e) Importer(2089858483,0ecaa5967403d082aa24f35e1b516d23)
Start importing Assets/Simple UI/Simple Vector Icons/128px/UI_Icon_BtnXboxB.png using Guid(f5d74ebb3f8d541d597d738c079c4b2e) Importer(2089858483,0ecaa5967403d082aa24f35e1b516d23) Generated GUIDs only implemented for interfaces!
 -> (artifact id: '4a0525058cdcaa128ceecc83afc57c0b') in 0.088325 seconds
Number of updated asset objects reloaded before import = 0
Number of asset objects unloaded after import = 3
========================================================================
Received Import Request.
  Time since last request: 0.000084 seconds.
  path: Assets/Simple UI/PNG/UI_Tab_Active.png
  artifactKey: Guid(c6e1c1cabbcb24e8fa0372a11a27535e) Importer(2089858483,0ecaa5967403d082aa24f35e1b516d23)
Start importing Assets/Simple UI/PNG/UI_Tab_Active.png using Guid(c6e1c1cabbcb24e8fa0372a11a27535e) Importer(2089858483,0ecaa5967403d082aa24f35e1b516d23) Generated GUIDs only implemented for interfaces!
 -> (artifact id: '319bd3a8a914125eb0e772bc9d63f18b') in 0.107700 seconds
Number of updated asset objects reloaded before import = 0
Number of asset objects unloaded after import = 3
========================================================================
Received Import Request.
  Time since last request: 0.000036 seconds.
  path: Assets/Plugins/iOS/GADUObjectCache.m
  artifactKey: Guid(24e80c3acc06f41f3878a2ea2e021afd) Importer(2089858483,0ecaa5967403d082aa24f35e1b516d23)
Start importing Assets/Plugins/iOS/GADUObjectCache.m using Guid(24e80c3acc06f41f3878a2ea2e021afd) Importer(2089858483,0ecaa5967403d082aa24f35e1b516d23) Generated GUIDs only implemented for interfaces!
 -> (artifact id: 'cecafa76581d0e635a4c02a9609e69b7') in 0.010119 seconds
Number of updated asset objects reloaded before import = 0
Number of asset objects unloaded after import = 1
========================================================================
Received Import Request.
  Time since last request: 0.000112 seconds.
  path: Assets/Scripts/CommonLibs/IntUtils.cs
  artifactKey: Guid(4fecf34ea1f6e64409a70655c8287e7d) Importer(2089858483,0ecaa5967403d082aa24f35e1b516d23)
Start importing Assets/Scripts/CommonLibs/IntUtils.cs using Guid(4fecf34ea1f6e64409a70655c8287e7d) Importer(2089858483,0ecaa5967403d082aa24f35e1b516d23) Generated GUIDs only implemented for interfaces!
 -> (artifact id: '5ce5fa6d969dfda228456051d46dcefa') in 0.036225 seconds
Number of updated asset objects reloaded before import = 0
Number of asset objects unloaded after import = 1
========================================================================
Received Import Request.
  Time since last request: 0.000071 seconds.
  path: Assets/Plugins/iOS/GADUBanner.m
  artifactKey: Guid(c17582ddba2c9446fba7effec45da2e9) Importer(2089858483,0ecaa5967403d082aa24f35e1b516d23)
Start importing Assets/Plugins/iOS/GADUBanner.m using Guid(c17582ddba2c9446fba7effec45da2e9) Importer(2089858483,0ecaa5967403d082aa24f35e1b516d23) Generated GUIDs only implemented for interfaces!
 -> (artifact id: '6d44be79bfab62fa7ac3195a122fec81') in 0.013297 seconds
Number of updated asset objects reloaded before import = 0
Number of asset objects unloaded after import = 1
========================================================================
Received Import Request.
  Time since last request: 0.000020 seconds.
  path: Assets/Simple UI/PNG/UI_Fill_Sky.png
  artifactKey: Guid(936056ec3ddb143549903ecd2f90bdc8) Importer(2089858483,0ecaa5967403d082aa24f35e1b516d23)
Start importing Assets/Simple UI/PNG/UI_Fill_Sky.png using Guid(936056ec3ddb143549903ecd2f90bdc8) Importer(2089858483,0ecaa5967403d082aa24f35e1b516d23) Generated GUIDs only implemented for interfaces!
 -> (artifact id: '6b1c6aa2c1f4459c57726c83d558a1b9') in 0.057649 seconds
Number of updated asset objects reloaded before import = 0
Number of asset objects unloaded after import = 3
========================================================================
Received Import Request.
  Time since last request: 0.000069 seconds.
  path: Assets/Simple UI/Simple Vector Icons/128px/UI_Icon_Aim.png
  artifactKey: Guid(9f8eeae144e1e464fb2fe20de2d3941f) Importer(2089858483,0ecaa5967403d082aa24f35e1b516d23)
Start importing Assets/Simple UI/Simple Vector Icons/128px/UI_Icon_Aim.png using Guid(9f8eeae144e1e464fb2fe20de2d3941f) Importer(2089858483,0ecaa5967403d082aa24f35e1b516d23) Generated GUIDs only implemented for interfaces!
 -> (artifact id: '04147e946055d85b9fca2d616c63104e') in 0.065432 seconds
Number of updated asset objects reloaded before import = 0
Number of asset objects unloaded after import = 3
========================================================================
Received Import Request.
  Time since last request: 0.000076 seconds.
  path: Assets/Simple UI/Resource Icons/Source/UI_Graphic_Resource_Gems.eps
  artifactKey: Guid(bb52649630fff42a88b71c124af0e19b) Importer(2089858483,0ecaa5967403d082aa24f35e1b516d23)
Start importing Assets/Simple UI/Resource Icons/Source/UI_Graphic_Resource_Gems.eps using Guid(bb52649630fff42a88b71c124af0e19b) Importer(2089858483,0ecaa5967403d082aa24f35e1b516d23) Generated GUIDs only implemented for interfaces!
 -> (artifact id: '9674f609d75fe6bb10d653949eb8b2b2') in 0.008610 seconds
Number of updated asset objects reloaded before import = 0
Number of asset objects unloaded after import = 1
========================================================================
Received Import Request.
  Time since last request: 0.000072 seconds.
  path: Assets/GoogleMobileAds/Platforms/iOS/CustomNativeTemplateClient.cs
  artifactKey: Guid(5a8d8a8af9c7540899a0ca681a8c6ac3) Importer(2089858483,0ecaa5967403d082aa24f35e1b516d23)
Start importing Assets/GoogleMobileAds/Platforms/iOS/CustomNativeTemplateClient.cs using Guid(5a8d8a8af9c7540899a0ca681a8c6ac3) Importer(2089858483,0ecaa5967403d082aa24f35e1b516d23) Generated GUIDs only implemented for interfaces!
 -> (artifact id: 'b0e357dbe3ec18a0692a6d9e466e412f') in 0.009895 seconds
Number of updated asset objects reloaded before import = 0
Number of asset objects unloaded after import = 1
========================================================================
Received Import Request.
  Time since last request: 0.000143 seconds.
  path: Assets/Simple UI/Simple Vector Icons/128px/UI_Icon_BtnPsSquareRound.png
  artifactKey: Guid(0d36b04e0f3204d60ba58106d82a6677) Importer(2089858483,0ecaa5967403d082aa24f35e1b516d23)
Start importing Assets/Simple UI/Simple Vector Icons/128px/UI_Icon_BtnPsSquareRound.png using Guid(0d36b04e0f3204d60ba58106d82a6677) Importer(2089858483,0ecaa5967403d082aa24f35e1b516d23) Generated GUIDs only implemented for interfaces!
 -> (artifact id: 'a27747d68b0ce63200783cf52f172be1') in 0.081631 seconds
Number of updated asset objects reloaded before import = 0
Number of asset objects unloaded after import = 3
========================================================================
Received Import Request.
  Time since last request: 0.000107 seconds.
  path: Assets/GoogleMobileAds/Platforms/Android/CustomNativeTemplateClient.cs
  artifactKey: Guid(7e76e9223a0d64aa7972f18446dab8ff) Importer(2089858483,0ecaa5967403d082aa24f35e1b516d23)
Start importing Assets/GoogleMobileAds/Platforms/Android/CustomNativeTemplateClient.cs using Guid(7e76e9223a0d64aa7972f18446dab8ff) Importer(2089858483,0ecaa5967403d082aa24f35e1b516d23) Generated GUIDs only implemented for interfaces!
 -> (artifact id: '3f77f9738e738d43d6214a2076116d75') in 0.010411 seconds
Number of updated asset objects reloaded before import = 0
Number of asset objects unloaded after import = 1
========================================================================
Received Import Request.
  Time since last request: 0.000099 seconds.
  path: Assets/GoogleMobileAds/Platforms/Android/InterstitialClient.cs
  artifactKey: Guid(0a6253761f8804645a2ab74d916284ed) Importer(2089858483,0ecaa5967403d082aa24f35e1b516d23)
Start importing Assets/GoogleMobileAds/Platforms/Android/InterstitialClient.cs using Guid(0a6253761f8804645a2ab74d916284ed) Importer(2089858483,0ecaa5967403d082aa24f35e1b516d23) Generated GUIDs only implemented for interfaces!
 -> (artifact id: '41b0072f661b3f9af26ed883ee84cf24') in 0.014960 seconds
Number of updated asset objects reloaded before import = 0
Number of asset objects unloaded after import = 1
========================================================================
Received Import Request.
  Time since last request: 0.000148 seconds.
  path: Assets/Plugins/Android/com.google.android.gms.play-services-ads-base-15.0.1.aar
  artifactKey: Guid(2e94062ebaac54a02a7a137b348354c1) Importer(2089858483,0ecaa5967403d082aa24f35e1b516d23)
Start importing Assets/Plugins/Android/com.google.android.gms.play-services-ads-base-15.0.1.aar using Guid(2e94062ebaac54a02a7a137b348354c1) Importer(2089858483,0ecaa5967403d082aa24f35e1b516d23) Generated GUIDs only implemented for interfaces!
 -> (artifact id: '51c894d008e986f1fd52963747ad20a4') in 0.011543 seconds
Number of updated asset objects reloaded before import = 0
Number of asset objects unloaded after import = 1
========================================================================
Received Import Request.
  Time since last request: 0.000125 seconds.
  path: Assets/Simple UI/PNG/UI_Frame_Dark_Transparent.png
  artifactKey: Guid(11d75de4e00bf4ca096aa248388d6a76) Importer(2089858483,0ecaa5967403d082aa24f35e1b516d23)
Start importing Assets/Simple UI/PNG/UI_Frame_Dark_Transparent.png using Guid(11d75de4e00bf4ca096aa248388d6a76) Importer(2089858483,0ecaa5967403d082aa24f35e1b516d23) Generated GUIDs only implemented for interfaces!
 -> (artifact id: '7ca397eb80f35c2ef922129ba819ed90') in 0.051556 seconds
Number of updated asset objects reloaded before import = 0
Number of asset objects unloaded after import = 3
========================================================================
Received Import Request.
  Time since last request: 0.000014 seconds.
  path: Assets/Simple UI/Simple Vector Icons/128px/UI_Icon_BtnDpadDirUp.png
  artifactKey: Guid(1fff1f4f12bb84b36983621b24a3d897) Importer(2089858483,0ecaa5967403d082aa24f35e1b516d23)
Start importing Assets/Simple UI/Simple Vector Icons/128px/UI_Icon_BtnDpadDirUp.png using Guid(1fff1f4f12bb84b36983621b24a3d897) Importer(2089858483,0ecaa5967403d082aa24f35e1b516d23) Generated GUIDs only implemented for interfaces!
 -> (artifact id: 'd95ff28155512efcacbe63d41b51523f') in 0.068972 seconds
Number of updated asset objects reloaded before import = 0
Number of asset objects unloaded after import = 3
========================================================================
Received Import Request.
  Time since last request: 0.000017 seconds.
  path: Assets/Prefab/Eff_MagicAttack_7.prefab
  artifactKey: Guid(e94d4a817e60c423a833000aceeafb95) Importer(2089858483,0ecaa5967403d082aa24f35e1b516d23)
Start importing Assets/Prefab/Eff_MagicAttack_7.prefab using Guid(e94d4a817e60c423a833000aceeafb95) Importer(2089858483,0ecaa5967403d082aa24f35e1b516d23) Generated GUIDs only implemented for interfaces!
 -> (artifact id: '47f5a57181b6e958481d38f6b64d16f5') in 0.024869 seconds
Number of updated asset objects reloaded before import = 0
Number of asset objects unloaded after import = 29
========================================================================
Received Import Request.
  Time since last request: 0.000021 seconds.
  path: Assets/Sprites/play.png
  artifactKey: Guid(899d6a156f6d4a1458be22fd65a262f4) Importer(2089858483,0ecaa5967403d082aa24f35e1b516d23)
Start importing Assets/Sprites/play.png using Guid(899d6a156f6d4a1458be22fd65a262f4) Importer(2089858483,0ecaa5967403d082aa24f35e1b516d23) Generated GUIDs only implemented for interfaces!
 -> (artifact id: 'ba9eda4d79c07e37b8439600d7794b7d') in 0.029165 seconds
Number of updated asset objects reloaded before import = 0
Number of asset objects unloaded after import = 3
========================================================================
Received Import Request.
  Time since last request: 0.000084 seconds.
  path: Assets/Materials/Jupiter.mat
  artifactKey: Guid(93f8cb730624a1845a3dc3f2941bb831) Importer(2089858483,0ecaa5967403d082aa24f35e1b516d23)
Start importing Assets/Materials/Jupiter.mat using Guid(93f8cb730624a1845a3dc3f2941bb831) Importer(2089858483,0ecaa5967403d082aa24f35e1b516d23) Generated GUIDs only implemented for interfaces!
 -> (artifact id: 'e58ca0946fb0bc86d3a207feb9875aa5') in 0.027241 seconds
Number of updated asset objects reloaded before import = 0
Number of asset objects unloaded after import = 2
========================================================================
Received Import Request.
  Time since last request: 0.000019 seconds.
  path: Assets/Sprites/ura0fss1.jpg
  artifactKey: Guid(c6848b283d61cb84ca32430a1145283e) Importer(2089858483,0ecaa5967403d082aa24f35e1b516d23)
Start importing Assets/Sprites/ura0fss1.jpg using Guid(c6848b283d61cb84ca32430a1145283e) Importer(2089858483,0ecaa5967403d082aa24f35e1b516d23) Generated GUIDs only implemented for interfaces!
 -> (artifact id: '45beaa4a1e2358502eea26fd11beb942') in 0.027665 seconds
Number of updated asset objects reloaded before import = 0
Number of asset objects unloaded after import = 1
========================================================================
Received Import Request.
  Time since last request: 0.000132 seconds.
  path: Assets/GoogleMobileAds/Platforms/Android/AdLoaderClient.cs
  artifactKey: Guid(5bc0a5f7f000d4027bd3e5192cc1269a) Importer(2089858483,0ecaa5967403d082aa24f35e1b516d23)
Start importing Assets/GoogleMobileAds/Platforms/Android/AdLoaderClient.cs using Guid(5bc0a5f7f000d4027bd3e5192cc1269a) Importer(2089858483,0ecaa5967403d082aa24f35e1b516d23) Generated GUIDs only implemented for interfaces!
 -> (artifact id: 'f60f3a1204661e391eedc20bc7b019d2') in 0.009343 seconds
Number of updated asset objects reloaded before import = 0
Number of asset objects unloaded after import = 1
========================================================================
Received Import Request.
  Time since last request: 0.000138 seconds.
  path: Assets/Resources/ParticleSystemMultiplier.cs
  artifactKey: Guid(039587c051912eb4ead9e58344c5f3ce) Importer(2089858483,0ecaa5967403d082aa24f35e1b516d23)
Start importing Assets/Resources/ParticleSystemMultiplier.cs using Guid(039587c051912eb4ead9e58344c5f3ce) Importer(2089858483,0ecaa5967403d082aa24f35e1b516d23) Generated GUIDs only implemented for interfaces!
 -> (artifact id: 'ea686577b7ca4f0add4f807a9966a1d9') in 0.010214 seconds
Number of updated asset objects reloaded before import = 0
Number of asset objects unloaded after import = 1
========================================================================
Received Import Request.
  Time since last request: 0.000096 seconds.
  path: Assets/GoogleMobileAds/Platforms/Android/RewardBasedVideoAdClient.cs
  artifactKey: Guid(a1e210d603a434d7ba2021f95f0d666c) Importer(2089858483,0ecaa5967403d082aa24f35e1b516d23)
Start importing Assets/GoogleMobileAds/Platforms/Android/RewardBasedVideoAdClient.cs using Guid(a1e210d603a434d7ba2021f95f0d666c) Importer(2089858483,0ecaa5967403d082aa24f35e1b516d23) Generated GUIDs only implemented for interfaces!
 -> (artifact id: '9b82a64f45905417201ae7b64cd6de5a') in 0.009696 seconds
Number of updated asset objects reloaded before import = 0
Number of asset objects unloaded after import = 1
========================================================================
Received Import Request.
  Time since last request: 0.000146 seconds.
  path: Assets/Simple UI/Simple Vector Icons/128px/UI_Icon_ArrowRight.png
  artifactKey: Guid(242705e073d98433bbf94e68fd02957b) Importer(2089858483,0ecaa5967403d082aa24f35e1b516d23)
Start importing Assets/Simple UI/Simple Vector Icons/128px/UI_Icon_ArrowRight.png using Guid(242705e073d98433bbf94e68fd02957b) Importer(2089858483,0ecaa5967403d082aa24f35e1b516d23) Generated GUIDs only implemented for interfaces!
 -> (artifact id: 'ce6ca75fd8af9b0b95954e7c5b4a7fa0') in 0.046866 seconds
Number of updated asset objects reloaded before import = 0
Number of asset objects unloaded after import = 3
========================================================================
Received Import Request.
  Time since last request: 0.000125 seconds.
  path: Assets/Simple UI/Simple Vector Icons/128px/UI_Icon_BtnPsCross.png
  artifactKey: Guid(41d0f9e20b7f3444ab53263d503df75c) Importer(2089858483,0ecaa5967403d082aa24f35e1b516d23)
Start importing Assets/Simple UI/Simple Vector Icons/128px/UI_Icon_BtnPsCross.png using Guid(41d0f9e20b7f3444ab53263d503df75c) Importer(2089858483,0ecaa5967403d082aa24f35e1b516d23) Generated GUIDs only implemented for interfaces!
 -> (artifact id: 'b13654b5a5113577e43a059aa51a8504') in 0.059465 seconds
Number of updated asset objects reloaded before import = 0
Number of asset objects unloaded after import = 3
========================================================================
Received Import Request.
  Time since last request: 0.000089 seconds.
  path: Assets/Plugins/iOS/GADURequest.h
  artifactKey: Guid(ce63e67f4e40b4584aa5a7d6cfd99c25) Importer(2089858483,0ecaa5967403d082aa24f35e1b516d23)
Start importing Assets/Plugins/iOS/GADURequest.h using Guid(ce63e67f4e40b4584aa5a7d6cfd99c25) Importer(2089858483,0ecaa5967403d082aa24f35e1b516d23) Generated GUIDs only implemented for interfaces!
 -> (artifact id: 'c60f2d2512059c87093596b84aec2786') in 0.010418 seconds
Number of updated asset objects reloaded before import = 0
Number of asset objects unloaded after import = 1
========================================================================
Received Import Request.
  Time since last request: 0.000137 seconds.
  path: Assets/Simple UI/Simple Vector Icons/128px/UI_Icon_BtnPsTriangle.png
  artifactKey: Guid(a6f454f6eda86426bb1ff0e142e449d7) Importer(2089858483,0ecaa5967403d082aa24f35e1b516d23)
Start importing Assets/Simple UI/Simple Vector Icons/128px/UI_Icon_BtnPsTriangle.png using Guid(a6f454f6eda86426bb1ff0e142e449d7) Importer(2089858483,0ecaa5967403d082aa24f35e1b516d23) Generated GUIDs only implemented for interfaces!
 -> (artifact id: '10ae8f68724dff901d516075a87ebb55') in 0.067295 seconds
Number of updated asset objects reloaded before import = 0
Number of asset objects unloaded after import = 3
========================================================================
Received Import Request.
  Time since last request: 0.000013 seconds.
  path: Assets/Simple UI/Simple Vector Icons/128px/UI_Icon_FilmPlay.png
  artifactKey: Guid(6ed1021ce31204b00bf397803a666c77) Importer(2089858483,0ecaa5967403d082aa24f35e1b516d23)
Start importing Assets/Simple UI/Simple Vector Icons/128px/UI_Icon_FilmPlay.png using Guid(6ed1021ce31204b00bf397803a666c77) Importer(2089858483,0ecaa5967403d082aa24f35e1b516d23) Generated GUIDs only implemented for interfaces!
 -> (artifact id: 'e0d4471a462c533ee0c1cd439b610b67') in 0.089279 seconds
Number of updated asset objects reloaded before import = 0
Number of asset objects unloaded after import = 3
========================================================================
Received Import Request.
  Time since last request: 0.000013 seconds.
  path: Assets/Simple UI/Simple Vector Icons/128px/UI_Icon_Edit.png
  artifactKey: Guid(9be9ae48cea07404ba22e29fee9554ef) Importer(2089858483,0ecaa5967403d082aa24f35e1b516d23)
Start importing Assets/Simple UI/Simple Vector Icons/128px/UI_Icon_Edit.png using Guid(9be9ae48cea07404ba22e29fee9554ef) Importer(2089858483,0ecaa5967403d082aa24f35e1b516d23) Generated GUIDs only implemented for interfaces!
 -> (artifact id: 'dedc4368df19caac6930a761808ec694') in 0.114940 seconds
Number of updated asset objects reloaded before import = 0
Number of asset objects unloaded after import = 3
========================================================================
Received Import Request.
  Time since last request: 0.000091 seconds.
  path: Assets/Simple UI/Simple Vector Icons/128px/UI_Icon_Film.png
  artifactKey: Guid(c78d95d19711b4468a6f3ce582536116) Importer(2089858483,0ecaa5967403d082aa24f35e1b516d23)
Start importing Assets/Simple UI/Simple Vector Icons/128px/UI_Icon_Film.png using Guid(c78d95d19711b4468a6f3ce582536116) Importer(2089858483,0ecaa5967403d082aa24f35e1b516d23) Generated GUIDs only implemented for interfaces!
 -> (artifact id: 'a60435d4e96d49d4fe8f01443a7dbeea') in 0.070202 seconds
Number of updated asset objects reloaded before import = 0
Number of asset objects unloaded after import = 3
========================================================================
Received Import Request.
  Time since last request: 0.000085 seconds.
  path: Assets/Simple UI/Simple Vector Icons/128px/UI_Icon_Cloud.png
  artifactKey: Guid(443344a6c2de049528da8996f11a842c) Importer(2089858483,0ecaa5967403d082aa24f35e1b516d23)
Start importing Assets/Simple UI/Simple Vector Icons/128px/UI_Icon_Cloud.png using Guid(443344a6c2de049528da8996f11a842c) Importer(2089858483,0ecaa5967403d082aa24f35e1b516d23) Generated GUIDs only implemented for interfaces!
 -> (artifact id: '1e6d85b3b3afa45d37988976929135fa') in 0.230715 seconds
Number of updated asset objects reloaded before import = 0
Number of asset objects unloaded after import = 3
========================================================================
Received Import Request.
  Time since last request: 0.000038 seconds.
  path: Assets/Simple UI/Simple Vector Icons/128px/UI_Icon_DeviceComputer.png
  artifactKey: Guid(aa017c9ee3f694ebfac54655d82af33b) Importer(2089858483,0ecaa5967403d082aa24f35e1b516d23)
Start importing Assets/Simple UI/Simple Vector Icons/128px/UI_Icon_DeviceComputer.png using Guid(aa017c9ee3f694ebfac54655d82af33b) Importer(2089858483,0ecaa5967403d082aa24f35e1b516d23) Generated GUIDs only implemented for interfaces!
 -> (artifact id: '9ae76235f4250bb06fae73cd8a0f0706') in 0.210731 seconds
Number of updated asset objects reloaded before import = 0
Number of asset objects unloaded after import = 3
========================================================================
Received Import Request.
  Time since last request: 0.000084 seconds.
  path: Assets/Simple UI/Simple Vector Icons/128px/UI_Icon_InvCloak.png
  artifactKey: Guid(278d18f832c934f9583b82edf8649a9e) Importer(2089858483,0ecaa5967403d082aa24f35e1b516d23)
Start importing Assets/Simple UI/Simple Vector Icons/128px/UI_Icon_InvCloak.png using Guid(278d18f832c934f9583b82edf8649a9e) Importer(2089858483,0ecaa5967403d082aa24f35e1b516d23) Generated GUIDs only implemented for interfaces!
 -> (artifact id: '327a36558f92d870864e72697ca38e6a') in 0.055852 seconds
Number of updated asset objects reloaded before import = 0
Number of asset objects unloaded after import = 3
========================================================================
Received Import Request.
  Time since last request: 0.000096 seconds.
  path: Assets/Simple UI/Simple Vector Icons/128px/UI_Icon_CurrencyBitcoin.png
  artifactKey: Guid(f2049338d20094f73840244571d92f0f) Importer(2089858483,0ecaa5967403d082aa24f35e1b516d23)
Start importing Assets/Simple UI/Simple Vector Icons/128px/UI_Icon_CurrencyBitcoin.png using Guid(f2049338d20094f73840244571d92f0f) Importer(2089858483,0ecaa5967403d082aa24f35e1b516d23) Generated GUIDs only implemented for interfaces!
 -> (artifact id: '0ab32fc29ad1a58737f38f68d554f181') in 0.049595 seconds
Number of updated asset objects reloaded before import = 0
Number of asset objects unloaded after import = 3
========================================================================
Received Import Request.
  Time since last request: 0.000014 seconds.
  path: Assets/Simple UI/Simple Vector Icons/128px/UI_Icon_InvPotion.png
  artifactKey: Guid(a6787aa1279224c8fb106dee96f11c28) Importer(2089858483,0ecaa5967403d082aa24f35e1b516d23)
Start importing Assets/Simple UI/Simple Vector Icons/128px/UI_Icon_InvPotion.png using Guid(a6787aa1279224c8fb106dee96f11c28) Importer(2089858483,0ecaa5967403d082aa24f35e1b516d23) Generated GUIDs only implemented for interfaces!
 -> (artifact id: '872e8ea26b6f505303020fd495fa5530') in 0.053830 seconds
Number of updated asset objects reloaded before import = 0
Number of asset objects unloaded after import = 3
========================================================================
Received Import Request.
  Time since last request: 0.000013 seconds.
  path: Assets/Simple UI/Simple Vector Icons/128px/UI_Icon_CurrencyWon.png
  artifactKey: Guid(a5e1cc7e61f094be9bc8bd35cf52a411) Importer(2089858483,0ecaa5967403d082aa24f35e1b516d23)
Start importing Assets/Simple UI/Simple Vector Icons/128px/UI_Icon_CurrencyWon.png using Guid(a5e1cc7e61f094be9bc8bd35cf52a411) Importer(2089858483,0ecaa5967403d082aa24f35e1b516d23) Generated GUIDs only implemented for interfaces!
 -> (artifact id: 'c0ff633424c73bd5779c145c8decc7cf') in 0.065579 seconds
Number of updated asset objects reloaded before import = 0
Number of asset objects unloaded after import = 3
========================================================================
Received Import Request.
  Time since last request: 0.000064 seconds.
  path: Assets/Simple UI/Simple Vector Icons/128px/UI_Icon_Location.png
  artifactKey: Guid(348c0058fec5040f293b6731a46e86a2) Importer(2089858483,0ecaa5967403d082aa24f35e1b516d23)
Start importing Assets/Simple UI/Simple Vector Icons/128px/UI_Icon_Location.png using Guid(348c0058fec5040f293b6731a46e86a2) Importer(2089858483,0ecaa5967403d082aa24f35e1b516d23) Generated GUIDs only implemented for interfaces!
 -> (artifact id: '75461e61f582243e30ce364e1cf367c6') in 0.052051 seconds
Number of updated asset objects reloaded before import = 0
Number of asset objects unloaded after import = 3
========================================================================
Received Import Request.
  Time since last request: 0.000013 seconds.
  path: Assets/Simple UI/Simple Vector Icons/128px/UI_Icon_FaithTaosim.png
  artifactKey: Guid(18949019ce95d497aa2a1d9a4de91a09) Importer(2089858483,0ecaa5967403d082aa24f35e1b516d23)
Start importing Assets/Simple UI/Simple Vector Icons/128px/UI_Icon_FaithTaosim.png using Guid(18949019ce95d497aa2a1d9a4de91a09) Importer(2089858483,0ecaa5967403d082aa24f35e1b516d23) Generated GUIDs only implemented for interfaces!
 -> (artifact id: '6e6a7093a10fc0212edcb3958cbc4252') in 0.060195 seconds
Number of updated asset objects reloaded before import = 0
Number of asset objects unloaded after import = 3
========================================================================
Received Import Request.
  Time since last request: 0.000039 seconds.
  path: Assets/Simple UI/Simple Vector Icons/128px/UI_Icon_Info.png
  artifactKey: Guid(d16e5c50389db4ed9b1a3c31c5ff2fed) Importer(2089858483,0ecaa5967403d082aa24f35e1b516d23)
Start importing Assets/Simple UI/Simple Vector Icons/128px/UI_Icon_Info.png using Guid(d16e5c50389db4ed9b1a3c31c5ff2fed) Importer(2089858483,0ecaa5967403d082aa24f35e1b516d23) Generated GUIDs only implemented for interfaces!
 -> (artifact id: '457e2542f43524b77d629a3634649a90') in 0.062011 seconds
Number of updated asset objects reloaded before import = 0
Number of asset objects unloaded after import = 3
========================================================================
Received Import Request.
  Time since last request: 0.000015 seconds.
  path: Assets/Simple UI/Simple Vector Icons/128px/UI_Icon_FaithIslam.png
  artifactKey: Guid(d3b2d6922dd4440718c229905d8659e4) Importer(2089858483,0ecaa5967403d082aa24f35e1b516d23)
Start importing Assets/Simple UI/Simple Vector Icons/128px/UI_Icon_FaithIslam.png using Guid(d3b2d6922dd4440718c229905d8659e4) Importer(2089858483,0ecaa5967403d082aa24f35e1b516d23) Generated GUIDs only implemented for interfaces!
 -> (artifact id: '3569b89beec86b246797eb5463bf7881') in 0.053405 seconds
Number of updated asset objects reloaded before import = 0
Number of asset objects unloaded after import = 3
========================================================================
Received Import Request.
  Time since last request: 0.000018 seconds.
  path: Assets/Simple UI/Simple Vector Icons/128px/UI_Icon_Close.png
  artifactKey: Guid(d634d038ef5454d0daa664d6d2de6cda) Importer(2089858483,0ecaa5967403d082aa24f35e1b516d23)
Start importing Assets/Simple UI/Simple Vector Icons/128px/UI_Icon_Close.png using Guid(d634d038ef5454d0daa664d6d2de6cda) Importer(2089858483,0ecaa5967403d082aa24f35e1b516d23) Generated GUIDs only implemented for interfaces!
 -> (artifact id: 'cb877dfbcf3f1f93a2ce7c8c6b41eb28') in 0.051273 seconds
Number of updated asset objects reloaded before import = 0
Number of asset objects unloaded after import = 3
========================================================================
Received Import Request.
  Time since last request: 0.000022 seconds.
  path: Assets/Simple UI/Simple Vector Icons/128px/UI_Icon_FaithChristianity.png
  artifactKey: Guid(e283a689275804caa8d9b216cad15ddc) Importer(2089858483,0ecaa5967403d082aa24f35e1b516d23)
Start importing Assets/Simple UI/Simple Vector Icons/128px/UI_Icon_FaithChristianity.png using Guid(e283a689275804caa8d9b216cad15ddc) Importer(2089858483,0ecaa5967403d082aa24f35e1b516d23) Generated GUIDs only implemented for interfaces!
 -> (artifact id: '53dba7203233a718326a578f4858a21a') in 0.049230 seconds
Number of updated asset objects reloaded before import = 0
Number of asset objects unloaded after import = 3
========================================================================
Received Import Request.
  Time since last request: 0.000023 seconds.
  path: Assets/Simple UI/Simple Vector Icons/128px/UI_Icon_InvHelmet.png
  artifactKey: Guid(8abb14d97fc2f4c999f5291f611d5893) Importer(2089858483,0ecaa5967403d082aa24f35e1b516d23)
Start importing Assets/Simple UI/Simple Vector Icons/128px/UI_Icon_InvHelmet.png using Guid(8abb14d97fc2f4c999f5291f611d5893) Importer(2089858483,0ecaa5967403d082aa24f35e1b516d23) Generated GUIDs only implemented for interfaces!
 -> (artifact id: 'bd944a843ecd6e09a18e737bd58a1fbd') in 0.075328 seconds
Number of updated asset objects reloaded before import = 0
Number of asset objects unloaded after import = 3
========================================================================
Received Import Request.
  Time since last request: 0.000067 seconds.
  path: Assets/Simple UI/Simple Vector Icons/128px/UI_Icon_InvGloves.png
  artifactKey: Guid(e25d65ac4e22b477daba2a878670c45e) Importer(2089858483,0ecaa5967403d082aa24f35e1b516d23)
Start importing Assets/Simple UI/Simple Vector Icons/128px/UI_Icon_InvGloves.png using Guid(e25d65ac4e22b477daba2a878670c45e) Importer(2089858483,0ecaa5967403d082aa24f35e1b516d23) Generated GUIDs only implemented for interfaces!
 -> (artifact id: '91d603697e89a796b6391c9f5a5ebb4b') in 0.045251 seconds
Number of updated asset objects reloaded before import = 0
Number of asset objects unloaded after import = 3
========================================================================
Received Import Request.
  Time since last request: 0.000081 seconds.
  path: Assets/Simple UI/Simple Vector Icons/128px/UI_Icon_NewPlayer.png
  artifactKey: Guid(43b12a9fd2753417d810ea2952bb5c70) Importer(2089858483,0ecaa5967403d082aa24f35e1b516d23)
Start importing Assets/Simple UI/Simple Vector Icons/128px/UI_Icon_NewPlayer.png using Guid(43b12a9fd2753417d810ea2952bb5c70) Importer(2089858483,0ecaa5967403d082aa24f35e1b516d23) Generated GUIDs only implemented for interfaces!
 -> (artifact id: 'a01279710ef6426b14f423a283e45f80') in 0.066158 seconds
Number of updated asset objects reloaded before import = 0
Number of asset objects unloaded after import = 3
========================================================================
Received Import Request.
  Time since last request: 0.000120 seconds.
  path: Assets/Simple UI/Simple Vector Icons/128px/UI_Icon_PlayBackwards.png
  artifactKey: Guid(3ae27d1e1a7cf4bcfb20e085b4f4b3a8) Importer(2089858483,0ecaa5967403d082aa24f35e1b516d23)
Start importing Assets/Simple UI/Simple Vector Icons/128px/UI_Icon_PlayBackwards.png using Guid(3ae27d1e1a7cf4bcfb20e085b4f4b3a8) Importer(2089858483,0ecaa5967403d082aa24f35e1b516d23) Generated GUIDs only implemented for interfaces!
 -> (artifact id: 'af49d0364572ee7e1aca796a382f92cf') in 0.056421 seconds
Number of updated asset objects reloaded before import = 0
Number of asset objects unloaded after import = 3
========================================================================
Received Import Request.
  Time since last request: 0.000051 seconds.
  path: Assets/Simple UI/Simple Vector Icons/128px/UI_Icon_Merge.png
  artifactKey: Guid(f48619531958b42c6ba520ae88fb8333) Importer(2089858483,0ecaa5967403d082aa24f35e1b516d23)
Start importing Assets/Simple UI/Simple Vector Icons/128px/UI_Icon_Merge.png using Guid(f48619531958b42c6ba520ae88fb8333) Importer(2089858483,0ecaa5967403d082aa24f35e1b516d23) Generated GUIDs only implemented for interfaces!
 -> (artifact id: '4dc85c7fc4e88bfd7fd13af42b2e560e') in 0.129346 seconds
Number of updated asset objects reloaded before import = 0
Number of asset objects unloaded after import = 3
========================================================================
Received Import Request.
  Time since last request: 0.000069 seconds.
  path: Assets/Simple UI/Simple Vector Icons/128px/UI_Icon_Home.png
  artifactKey: Guid(ff12e1d838ca44f0d8573b68005c4816) Importer(2089858483,0ecaa5967403d082aa24f35e1b516d23)
Start importing Assets/Simple UI/Simple Vector Icons/128px/UI_Icon_Home.png using Guid(ff12e1d838ca44f0d8573b68005c4816) Importer(2089858483,0ecaa5967403d082aa24f35e1b516d23) Generated GUIDs only implemented for interfaces!
 -> (artifact id: '5823018e93a6e8c23de6aaa44501b323') in 0.074389 seconds
Number of updated asset objects reloaded before import = 0
Number of asset objects unloaded after import = 3
========================================================================
Received Import Request.
  Time since last request: 0.000064 seconds.
  path: Assets/Simple UI/Simple Vector Icons/128px/UI_Icon_Energy.png
  artifactKey: Guid(d868f2043e783499687e4cdb30517b16) Importer(2089858483,0ecaa5967403d082aa24f35e1b516d23)
Start importing Assets/Simple UI/Simple Vector Icons/128px/UI_Icon_Energy.png using Guid(d868f2043e783499687e4cdb30517b16) Importer(2089858483,0ecaa5967403d082aa24f35e1b516d23) Generated GUIDs only implemented for interfaces!
 -> (artifact id: '8cbea7ca0dede531af6895f70c7385ed') in 0.068448 seconds
Number of updated asset objects reloaded before import = 0
Number of asset objects unloaded after import = 3
========================================================================
Received Import Request.
  Time since last request: 0.000056 seconds.
  path: Assets/Simple UI/Simple Vector Icons/128px/UI_Icon_MicOff.png
  artifactKey: Guid(6c65a8e92c7ce453cac224546ce0e07a) Importer(2089858483,0ecaa5967403d082aa24f35e1b516d23)
Start importing Assets/Simple UI/Simple Vector Icons/128px/UI_Icon_MicOff.png using Guid(6c65a8e92c7ce453cac224546ce0e07a) Importer(2089858483,0ecaa5967403d082aa24f35e1b516d23) Generated GUIDs only implemented for interfaces!
 -> (artifact id: '972de1b32d642d1a0003f57b55c1cece') in 0.170202 seconds
Number of updated asset objects reloaded before import = 0
Number of asset objects unloaded after import = 3
========================================================================
Received Import Request.
  Time since last request: 0.000137 seconds.
  path: Assets/Simple UI/Simple Vector Icons/128px/UI_Icon_Save2.png
  artifactKey: Guid(198ed74cf9455487eac5895a4cbaba42) Importer(2089858483,0ecaa5967403d082aa24f35e1b516d23)
Start importing Assets/Simple UI/Simple Vector Icons/128px/UI_Icon_Save2.png using Guid(198ed74cf9455487eac5895a4cbaba42) Importer(2089858483,0ecaa5967403d082aa24f35e1b516d23) Generated GUIDs only implemented for interfaces!
 -> (artifact id: '9b322cf7cf032363655a5d7270589999') in 0.085777 seconds
Number of updated asset objects reloaded before import = 0
Number of asset objects unloaded after import = 3
========================================================================
Received Import Request.
  Time since last request: 0.000059 seconds.
  path: Assets/Simple UI/Simple Vector Icons/128px/UI_Icon_Return.png
  artifactKey: Guid(3601987d52be64dc0ba65e66b4bf67b9) Importer(2089858483,0ecaa5967403d082aa24f35e1b516d23)
Start importing Assets/Simple UI/Simple Vector Icons/128px/UI_Icon_Return.png using Guid(3601987d52be64dc0ba65e66b4bf67b9) Importer(2089858483,0ecaa5967403d082aa24f35e1b516d23) Generated GUIDs only implemented for interfaces!
 -> (artifact id: '4dff1974fd3450d1cbdef12458d07eb6') in 0.047307 seconds
Number of updated asset objects reloaded before import = 0
Number of asset objects unloaded after import = 3
========================================================================
Received Import Request.
  Time since last request: 0.000044 seconds.
  path: Assets/Simple UI/Simple Vector Icons/128px/UI_Icon_Search.png
  artifactKey: Guid(e6a79480b593b4ee1b3098d62af92909) Importer(2089858483,0ecaa5967403d082aa24f35e1b516d23)
Start importing Assets/Simple UI/Simple Vector Icons/128px/UI_Icon_Search.png using Guid(e6a79480b593b4ee1b3098d62af92909) Importer(2089858483,0ecaa5967403d082aa24f35e1b516d23) Generated GUIDs only implemented for interfaces!
 -> (artifact id: 'df987942c3a3b72ac5f7c21af07f805f') in 0.073984 seconds
Number of updated asset objects reloaded before import = 0
Number of asset objects unloaded after import = 3
========================================================================
Received Import Request.
  Time since last request: 0.000056 seconds.
  path: Assets/Simple UI/Simple Vector Icons/128px/UI_Icon_Defend.png
  artifactKey: Guid(40c8c3e0dc28b4b528376525f84fa1e5) Importer(2089858483,0ecaa5967403d082aa24f35e1b516d23)
Start importing Assets/Simple UI/Simple Vector Icons/128px/UI_Icon_Defend.png using Guid(40c8c3e0dc28b4b528376525f84fa1e5) Importer(2089858483,0ecaa5967403d082aa24f35e1b516d23) Generated GUIDs only implemented for interfaces!
 -> (artifact id: '1093a7b090949ab2063eec28e67630c6') in 0.042124 seconds
Number of updated asset objects reloaded before import = 0
Number of asset objects unloaded after import = 3
========================================================================
Received Import Request.
  Time since last request: 0.000016 seconds.
  path: Assets/Simple UI/Simple Vector Icons/128px/UI_Icon_Rewind.png
  artifactKey: Guid(207f46600d3c640dabadcef7c9cf7290) Importer(2089858483,0ecaa5967403d082aa24f35e1b516d23)
Start importing Assets/Simple UI/Simple Vector Icons/128px/UI_Icon_Rewind.png using Guid(207f46600d3c640dabadcef7c9cf7290) Importer(2089858483,0ecaa5967403d082aa24f35e1b516d23) Generated GUIDs only implemented for interfaces!
 -> (artifact id: '9c303e99892599a1c720064e0ea922db') in 0.079901 seconds
Number of updated asset objects reloaded before import = 0
Number of asset objects unloaded after import = 3
========================================================================
Received Import Request.
  Time since last request: 0.000049 seconds.
  path: Assets/Simple UI/Simple Vector Icons/128px/UI_Icon_Fire.png
  artifactKey: Guid(2957cac7ce6a34edab70108e9e8f39f2) Importer(2089858483,0ecaa5967403d082aa24f35e1b516d23)
Start importing Assets/Simple UI/Simple Vector Icons/128px/UI_Icon_Fire.png using Guid(2957cac7ce6a34edab70108e9e8f39f2) Importer(2089858483,0ecaa5967403d082aa24f35e1b516d23) Generated GUIDs only implemented for interfaces!
 -> (artifact id: 'f2b34fb76b31967f418d93549a64d3e7') in 0.071462 seconds
Number of updated asset objects reloaded before import = 0
Number of asset objects unloaded after import = 3
========================================================================
Received Import Request.
  Time since last request: 0.000011 seconds.
  path: Assets/Simple UI/Simple Vector Icons/128px/UI_Icon_LockLocked.png
  artifactKey: Guid(b11885c99927248a3b672b99a6e838c2) Importer(2089858483,0ecaa5967403d082aa24f35e1b516d23)
Start importing Assets/Simple UI/Simple Vector Icons/128px/UI_Icon_LockLocked.png using Guid(b11885c99927248a3b672b99a6e838c2) Importer(2089858483,0ecaa5967403d082aa24f35e1b516d23) Generated GUIDs only implemented for interfaces!
 -> (artifact id: 'f5a40d8556bd5c9412d3ac36fe48628b') in 0.076398 seconds
Number of updated asset objects reloaded before import = 0
Number of asset objects unloaded after import = 3
========================================================================
Received Import Request.
  Time since last request: 0.000081 seconds.
  path: Assets/Simple UI/Simple Vector Icons/128px/UI_Icon_ShoppingCart.png
  artifactKey: Guid(a9a07259885f345a3b7122b4a822d6db) Importer(2089858483,0ecaa5967403d082aa24f35e1b516d23)
Start importing Assets/Simple UI/Simple Vector Icons/128px/UI_Icon_ShoppingCart.png using Guid(a9a07259885f345a3b7122b4a822d6db) Importer(2089858483,0ecaa5967403d082aa24f35e1b516d23) Generated GUIDs only implemented for interfaces!
 -> (artifact id: '8267fb4249f245e70b347bdee917543a') in 0.055426 seconds
Number of updated asset objects reloaded before import = 0
Number of asset objects unloaded after import = 3
========================================================================
Received Import Request.
  Time since last request: 0.000062 seconds.
  path: Assets/Simple UI/Simple Vector Icons/128px/UI_Icon_Select.png
  artifactKey: Guid(003044f3d2b2242df863f39651d72ba9) Importer(2089858483,0ecaa5967403d082aa24f35e1b516d23)
Start importing Assets/Simple UI/Simple Vector Icons/128px/UI_Icon_Select.png using Guid(003044f3d2b2242df863f39651d72ba9) Importer(2089858483,0ecaa5967403d082aa24f35e1b516d23) Generated GUIDs only implemented for interfaces!
 -> (artifact id: '260db753a4ab52513db6d7ed95d73a68') in 0.060447 seconds
Number of updated asset objects reloaded before import = 0
Number of asset objects unloaded after import = 3
========================================================================
Received Import Request.
  Time since last request: 0.000078 seconds.
  path: Assets/Simple UI/Simple Vector Icons/128px/UI_Icon_Loop.png
  artifactKey: Guid(b6b1f04bce11e4cdb8edc1cf70708bf9) Importer(2089858483,0ecaa5967403d082aa24f35e1b516d23)
Start importing Assets/Simple UI/Simple Vector Icons/128px/UI_Icon_Loop.png using Guid(b6b1f04bce11e4cdb8edc1cf70708bf9) Importer(2089858483,0ecaa5967403d082aa24f35e1b516d23) Generated GUIDs only implemented for interfaces!
 -> (artifact id: 'd037ebb3fcfd4b1975421bc7f5b635e9') in 0.067689 seconds
Number of updated asset objects reloaded before import = 0
Number of asset objects unloaded after import = 3
========================================================================
Received Import Request.
  Time since last request: 0.000015 seconds.
  path: Assets/Simple UI/Simple Vector Icons/128px/UI_Icon_Crown.png
  artifactKey: Guid(b53f3d7b9eb7b43af97f4fbfa685a115) Importer(2089858483,0ecaa5967403d082aa24f35e1b516d23)
Start importing Assets/Simple UI/Simple Vector Icons/128px/UI_Icon_Crown.png using Guid(b53f3d7b9eb7b43af97f4fbfa685a115) Importer(2089858483,0ecaa5967403d082aa24f35e1b516d23) Generated GUIDs only implemented for interfaces!
 -> (artifact id: '15e07a879ad8d3abcc631483a6e1fa26') in 0.044324 seconds
Number of updated asset objects reloaded before import = 0
Number of asset objects unloaded after import = 3
========================================================================
Received Import Request.
  Time since last request: 0.000017 seconds.
  path: Assets/Simple UI/Simple Vector Icons/128px/UI_Icon_Refresh.png
  artifactKey: Guid(080363c49d03b4e90a5ad5397d635e57) Importer(2089858483,0ecaa5967403d082aa24f35e1b516d23)
Start importing Assets/Simple UI/Simple Vector Icons/128px/UI_Icon_Refresh.png using Guid(080363c49d03b4e90a5ad5397d635e57) Importer(2089858483,0ecaa5967403d082aa24f35e1b516d23) Generated GUIDs only implemented for interfaces!
 -> (artifact id: '63093a4b56ec4518e43d0e4616abc01d') in 0.081437 seconds
Number of updated asset objects reloaded before import = 0
Number of asset objects unloaded after import = 3
========================================================================
Received Import Request.
  Time since last request: 0.000022 seconds.
  path: Assets/Simple UI/Simple Vector Icons/128px/UI_Icon_MusicOff.png
  artifactKey: Guid(29c9b3de4143e450988e67ee03268bbf) Importer(2089858483,0ecaa5967403d082aa24f35e1b516d23)
Start importing Assets/Simple UI/Simple Vector Icons/128px/UI_Icon_MusicOff.png using Guid(29c9b3de4143e450988e67ee03268bbf) Importer(2089858483,0ecaa5967403d082aa24f35e1b516d23) Generated GUIDs only implemented for interfaces!
 -> (artifact id: 'd2fbad741887c941d4a88d291fdacac4') in 0.038119 seconds
Number of updated asset objects reloaded before import = 0
Number of asset objects unloaded after import = 3
========================================================================
Received Import Request.
  Time since last request: 0.000016 seconds.
  path: Assets/Simple UI/Simple Vector Icons/128px/UI_Icon_Sliders.png
  artifactKey: Guid(414c0e0f68a8a4c988e7c8f46cb8c73c) Importer(2089858483,0ecaa5967403d082aa24f35e1b516d23)
Start importing Assets/Simple UI/Simple Vector Icons/128px/UI_Icon_Sliders.png using Guid(414c0e0f68a8a4c988e7c8f46cb8c73c) Importer(2089858483,0ecaa5967403d082aa24f35e1b516d23) Generated GUIDs only implemented for interfaces!
 -> (artifact id: 'a28f6fbbb8c7aa968f760ab72168e9d5') in 0.081879 seconds
Number of updated asset objects reloaded before import = 0
Number of asset objects unloaded after import = 3
========================================================================
Received Import Request.
  Time since last request: 0.000089 seconds.
  path: Assets/Simple UI/Simple Vector Icons/128px/UI_Icon_Sleep.png
  artifactKey: Guid(1db8125b589004385b0a61e2935fcbbf) Importer(2089858483,0ecaa5967403d082aa24f35e1b516d23)
Start importing Assets/Simple UI/Simple Vector Icons/128px/UI_Icon_Sleep.png using Guid(1db8125b589004385b0a61e2935fcbbf) Importer(2089858483,0ecaa5967403d082aa24f35e1b516d23) Generated GUIDs only implemented for interfaces!
 -> (artifact id: '7e834cec36619976c96ec28dd9432e54') in 0.056812 seconds
Number of updated asset objects reloaded before import = 0
Number of asset objects unloaded after import = 3
========================================================================
Received Import Request.
  Time since last request: 0.000015 seconds.
  path: Assets/Simple UI/Simple Vector Icons/128px/UI_Icon_StarEmpty.png
  artifactKey: Guid(095ba5de41f8b4ff1b1d19c2df4ed0e9) Importer(2089858483,0ecaa5967403d082aa24f35e1b516d23)
Start importing Assets/Simple UI/Simple Vector Icons/128px/UI_Icon_StarEmpty.png using Guid(095ba5de41f8b4ff1b1d19c2df4ed0e9) Importer(2089858483,0ecaa5967403d082aa24f35e1b516d23) Generated GUIDs only implemented for interfaces!
 -> (artifact id: '4664a307c7eed1be886382d2a1564201') in 0.048072 seconds
Number of updated asset objects reloaded before import = 0
Number of asset objects unloaded after import = 3
========================================================================
Received Import Request.
  Time since last request: 0.000016 seconds.
  path: Assets/Simple UI/Simple Vector Icons/128px/UI_Icon_SmileyLaughing.png
  artifactKey: Guid(d1018210abbd3468cbde3a19aed12fba) Importer(2089858483,0ecaa5967403d082aa24f35e1b516d23)
Start importing Assets/Simple UI/Simple Vector Icons/128px/UI_Icon_SmileyLaughing.png using Guid(d1018210abbd3468cbde3a19aed12fba) Importer(2089858483,0ecaa5967403d082aa24f35e1b516d23) Generated GUIDs only implemented for interfaces!
 -> (artifact id: 'a22e3d4f0661fec318a4c941db13c005') in 0.053350 seconds
Number of updated asset objects reloaded before import = 0
Number of asset objects unloaded after import = 3
========================================================================
Received Import Request.
  Time since last request: 0.000026 seconds.
  path: Assets/Simple UI/Simple Vector Icons/128px/UI_Icon_SoundOff.png
  artifactKey: Guid(c1439c82ab3d143d0a37dbf58bec5491) Importer(2089858483,0ecaa5967403d082aa24f35e1b516d23)
Start importing Assets/Simple UI/Simple Vector Icons/128px/UI_Icon_SoundOff.png using Guid(c1439c82ab3d143d0a37dbf58bec5491) Importer(2089858483,0ecaa5967403d082aa24f35e1b516d23) Generated GUIDs only implemented for interfaces!
 -> (artifact id: 'c8cbf831320fba020061bd66d7084663') in 0.039121 seconds
Number of updated asset objects reloaded before import = 0
Number of asset objects unloaded after import = 3
========================================================================
Received Import Request.
  Time since last request: 0.000044 seconds.
  path: Assets/Simple UI/Simple Vector Icons/128px/UI_Icon_SocialYoutube.png
  artifactKey: Guid(f3c525ea09e8e4eab85d4453fb6958a2) Importer(2089858483,0ecaa5967403d082aa24f35e1b516d23)
Start importing Assets/Simple UI/Simple Vector Icons/128px/UI_Icon_SocialYoutube.png using Guid(f3c525ea09e8e4eab85d4453fb6958a2) Importer(2089858483,0ecaa5967403d082aa24f35e1b516d23) Generated GUIDs only implemented for interfaces!
 -> (artifact id: '5c8648f447eed2cd1aee54d041416b3a') in 0.062742 seconds
Number of updated asset objects reloaded before import = 0
Number of asset objects unloaded after import = 3
========================================================================
Received Import Request.
  Time since last request: 0.000013 seconds.
  path: Assets/Simple UI/Simple Vector Icons/128px/UI_Icon_Stats.png
  artifactKey: Guid(20961f65edf6f4660b808c3997a121b3) Importer(2089858483,0ecaa5967403d082aa24f35e1b516d23)
Start importing Assets/Simple UI/Simple Vector Icons/128px/UI_Icon_Stats.png using Guid(20961f65edf6f4660b808c3997a121b3) Importer(2089858483,0ecaa5967403d082aa24f35e1b516d23) Generated GUIDs only implemented for interfaces!
 -> (artifact id: 'bfc158a7109d163f0b60890dd32fb36b') in 0.059313 seconds
Number of updated asset objects reloaded before import = 0
Number of asset objects unloaded after import = 3
========================================================================
Received Import Request.
  Time since last request: 0.000072 seconds.
  path: Assets/Simple UI/Simple Vector Icons/128px/UI_Icon_SocialInstagram.png
  artifactKey: Guid(8c7dfc8bf7b8f489a9b4cb878269cbc6) Importer(2089858483,0ecaa5967403d082aa24f35e1b516d23)
Start importing Assets/Simple UI/Simple Vector Icons/128px/UI_Icon_SocialInstagram.png using Guid(8c7dfc8bf7b8f489a9b4cb878269cbc6) Importer(2089858483,0ecaa5967403d082aa24f35e1b516d23) Generated GUIDs only implemented for interfaces!
 -> (artifact id: 'd3afa520106d04ff0a901e87fed27887') in 0.078490 seconds
Number of updated asset objects reloaded before import = 0
Number of asset objects unloaded after import = 3
========================================================================
Received Import Request.
  Time since last request: 0.000014 seconds.
  path: Assets/Simple UI/Simple Vector Icons/128px/UI_Icon_Plus.png
  artifactKey: Guid(c97375c23bca64d21b813603aa727166) Importer(2089858483,0ecaa5967403d082aa24f35e1b516d23)
Start importing Assets/Simple UI/Simple Vector Icons/128px/UI_Icon_Plus.png using Guid(c97375c23bca64d21b813603aa727166) Importer(2089858483,0ecaa5967403d082aa24f35e1b516d23) Generated GUIDs only implemented for interfaces!
 -> (artifact id: '4ae21454817cd85699fda6c98725ead7') in 0.052481 seconds
Number of updated asset objects reloaded before import = 0
Number of asset objects unloaded after import = 3
========================================================================
Received Import Request.
  Time since last request: 0.000021 seconds.
  path: Assets/Simple UI/Simple Vector Icons/128px/UI_Icon_SmileyDead.png
  artifactKey: Guid(41e1dab459c764518bb7df14a984baed) Importer(2089858483,0ecaa5967403d082aa24f35e1b516d23)
Start importing Assets/Simple UI/Simple Vector Icons/128px/UI_Icon_SmileyDead.png using Guid(41e1dab459c764518bb7df14a984baed) Importer(2089858483,0ecaa5967403d082aa24f35e1b516d23) Generated GUIDs only implemented for interfaces!
 -> (artifact id: '4a00e39fd009b48b9c9128239e0a6f30') in 0.048686 seconds
Number of updated asset objects reloaded before import = 0
Number of asset objects unloaded after import = 3
========================================================================
Received Import Request.
  Time since last request: 0.000053 seconds.
  path: Assets/Simple UI/Simple Vector Icons/128px/UI_Icon_CurrencyEuro.png
  artifactKey: Guid(92bc0b906d95648b48dbf45941e6ca47) Importer(2089858483,0ecaa5967403d082aa24f35e1b516d23)
Start importing Assets/Simple UI/Simple Vector Icons/128px/UI_Icon_CurrencyEuro.png using Guid(92bc0b906d95648b48dbf45941e6ca47) Importer(2089858483,0ecaa5967403d082aa24f35e1b516d23) Generated GUIDs only implemented for interfaces!
 -> (artifact id: '99dd8ad215e78775bddb2aaa167681ac') in 0.068669 seconds
Number of updated asset objects reloaded before import = 0
Number of asset objects unloaded after import = 3
========================================================================
Received Import Request.
  Time since last request: 0.000026 seconds.
  path: Assets/Simple UI/Simple Vector Icons/128px/UI_Icon_Swap.png
  artifactKey: Guid(49b3750e931e64df6b56c901630c1214) Importer(2089858483,0ecaa5967403d082aa24f35e1b516d23)
Start importing Assets/Simple UI/Simple Vector Icons/128px/UI_Icon_Swap.png using Guid(49b3750e931e64df6b56c901630c1214) Importer(2089858483,0ecaa5967403d082aa24f35e1b516d23) Generated GUIDs only implemented for interfaces!
 -> (artifact id: 'a067940f8d6467f4293fc45b1eb6953b') in 0.059160 seconds
Number of updated asset objects reloaded before import = 0
Number of asset objects unloaded after import = 3
========================================================================
Received Import Request.
  Time since last request: 0.000030 seconds.
  path: Assets/Simple UI/Simple Vector Icons/128px/UI_Icon_Trophy.png
  artifactKey: Guid(75b7b72a760384741a5ae2502e120f33) Importer(2089858483,0ecaa5967403d082aa24f35e1b516d23)
Start importing Assets/Simple UI/Simple Vector Icons/128px/UI_Icon_Trophy.png using Guid(75b7b72a760384741a5ae2502e120f33) Importer(2089858483,0ecaa5967403d082aa24f35e1b516d23) Generated GUIDs only implemented for interfaces!
 -> (artifact id: '301988f3d0dca4e42971bc62de8f0f8b') in 0.077421 seconds
Number of updated asset objects reloaded before import = 0
Number of asset objects unloaded after import = 3
========================================================================
Received Import Request.
  Time since last request: 0.000016 seconds.
  path: Assets/Simple UI/Simple Vector Icons/128px/UI_Icon_Wrench.png
  artifactKey: Guid(ba568f3d8b16348b39eb73863764b6e4) Importer(2089858483,0ecaa5967403d082aa24f35e1b516d23)
Start importing Assets/Simple UI/Simple Vector Icons/128px/UI_Icon_Wrench.png using Guid(ba568f3d8b16348b39eb73863764b6e4) Importer(2089858483,0ecaa5967403d082aa24f35e1b516d23) Generated GUIDs only implemented for interfaces!
 -> (artifact id: 'e27f3fcab2999dd7fb73c10bd29b13eb') in 0.062239 seconds
Number of updated asset objects reloaded before import = 0
Number of asset objects unloaded after import = 3
========================================================================
Received Import Request.
  Time since last request: 0.000032 seconds.
  path: Assets/Simple UI/Simple Vector Icons/128px/UI_Icon_TurnRight.png
  artifactKey: Guid(5733a0c62d35a424c935b3e7323c26f8) Importer(2089858483,0ecaa5967403d082aa24f35e1b516d23)
Start importing Assets/Simple UI/Simple Vector Icons/128px/UI_Icon_TurnRight.png using Guid(5733a0c62d35a424c935b3e7323c26f8) Importer(2089858483,0ecaa5967403d082aa24f35e1b516d23) Generated GUIDs only implemented for interfaces!
 -> (artifact id: 'c1ad9ccdf6d98c5ba3262d181ab22d9e') in 0.073283 seconds
Number of updated asset objects reloaded before import = 0
Number of asset objects unloaded after import = 3
========================================================================
Received Import Request.
  Time since last request: 0.000015 seconds.
  path: Assets/Simple UI/Simple Vector Icons/128px/UI_Icon_WifiProblem.png
  artifactKey: Guid(93662905ea39f4590b5fe31ce1c09068) Importer(2089858483,0ecaa5967403d082aa24f35e1b516d23)
Start importing Assets/Simple UI/Simple Vector Icons/128px/UI_Icon_WifiProblem.png using Guid(93662905ea39f4590b5fe31ce1c09068) Importer(2089858483,0ecaa5967403d082aa24f35e1b516d23) Generated GUIDs only implemented for interfaces!
 -> (artifact id: 'c51c85624d6f7e0cc531b0abd6d46423') in 0.048147 seconds
Number of updated asset objects reloaded before import = 0
Number of asset objects unloaded after import = 3
========================================================================
Received Import Request.
  Time since last request: 0.000014 seconds.
  path: Assets/Simple UI/Simple Vector Icons/128px/UI_Icon_Visible.png
  artifactKey: Guid(080b2d56cf6e64254b53bc9d7f9a9659) Importer(2089858483,0ecaa5967403d082aa24f35e1b516d23)
Start importing Assets/Simple UI/Simple Vector Icons/128px/UI_Icon_Visible.png using Guid(080b2d56cf6e64254b53bc9d7f9a9659) Importer(2089858483,0ecaa5967403d082aa24f35e1b516d23) Generated GUIDs only implemented for interfaces!
 -> (artifact id: '17b32b512d9c0946c3d5092d17529258') in 0.091369 seconds
Number of updated asset objects reloaded before import = 0
Number of asset objects unloaded after import = 3
========================================================================
Received Import Request.
  Time since last request: 0.000016 seconds.
  path: Assets/Simple UI/Simple Vector Icons/128px/UI_Icon_ToggleNext.png
  artifactKey: Guid(764e71b9fb848490b818ec151f6828d0) Importer(2089858483,0ecaa5967403d082aa24f35e1b516d23)
Start importing Assets/Simple UI/Simple Vector Icons/128px/UI_Icon_ToggleNext.png using Guid(764e71b9fb848490b818ec151f6828d0) Importer(2089858483,0ecaa5967403d082aa24f35e1b516d23) Generated GUIDs only implemented for interfaces!
 -> (artifact id: '10ce683584d01c908a6c1c8cda73520b') in 0.048048 seconds
Number of updated asset objects reloaded before import = 0
Number of asset objects unloaded after import = 3
========================================================================
Received Import Request.
  Time since last request: 0.000030 seconds.
  path: Assets/Simple UI/Simple Vector Icons/128px/UI_Icon_Warning.png
  artifactKey: Guid(29c015137e4974586a5e5ac823501657) Importer(2089858483,0ecaa5967403d082aa24f35e1b516d23)
Start importing Assets/Simple UI/Simple Vector Icons/128px/UI_Icon_Warning.png using Guid(29c015137e4974586a5e5ac823501657) Importer(2089858483,0ecaa5967403d082aa24f35e1b516d23) Generated GUIDs only implemented for interfaces!
 -> (artifact id: 'c9524bb93a6cb844e8da7f37b993520a') in 0.053204 seconds
Number of updated asset objects reloaded before import = 0
Number of asset objects unloaded after import = 3
========================================================================
Received Import Request.
  Time since last request: 0.000016 seconds.
  path: Assets/Simple UI/Simple Vector Icons/128px/UI_Icon_Photo.png
  artifactKey: Guid(e460c533a82244d32bfe07ffcc1cb983) Importer(2089858483,0ecaa5967403d082aa24f35e1b516d23)
Start importing Assets/Simple UI/Simple Vector Icons/128px/UI_Icon_Photo.png using Guid(e460c533a82244d32bfe07ffcc1cb983) Importer(2089858483,0ecaa5967403d082aa24f35e1b516d23) Generated GUIDs only implemented for interfaces!
 -> (artifact id: '4ad65624be487a29c848c720a3613a8c') in 0.093351 seconds
Number of updated asset objects reloaded before import = 0
Number of asset objects unloaded after import = 3
========================================================================
Received Import Request.
  Time since last request: 0.000020 seconds.
  path: Assets/Simple UI/Simple Vector Icons/128px/UI_Icon_InputController.png
  artifactKey: Guid(8832da9ca731b4490aabbe2848f02a0c) Importer(2089858483,0ecaa5967403d082aa24f35e1b516d23)
Start importing Assets/Simple UI/Simple Vector Icons/128px/UI_Icon_InputController.png using Guid(8832da9ca731b4490aabbe2848f02a0c) Importer(2089858483,0ecaa5967403d082aa24f35e1b516d23) Generated GUIDs only implemented for interfaces!
 -> (artifact id: '9ba33dd8cec0f2e91d02520d900b0332') in 0.132466 seconds
Number of updated asset objects reloaded before import = 0
Number of asset objects unloaded after import = 3
========================================================================
Received Import Request.
  Time since last request: 0.000078 seconds.
  path: Assets/Simple UI/Simple Vector Icons/128px/UI_Icon_FileDocument.png
  artifactKey: Guid(163d5e5b9102a4e448afc1f7e08d4efa) Importer(2089858483,0ecaa5967403d082aa24f35e1b516d23)
Start importing Assets/Simple UI/Simple Vector Icons/128px/UI_Icon_FileDocument.png using Guid(163d5e5b9102a4e448afc1f7e08d4efa) Importer(2089858483,0ecaa5967403d082aa24f35e1b516d23) Generated GUIDs only implemented for interfaces!
 -> (artifact id: '69cabdbad2f11c21cb04ad67e849fb9f') in 0.066248 seconds
Number of updated asset objects reloaded before import = 0
Number of asset objects unloaded after import = 3
========================================================================
Received Import Request.
  Time since last request: 0.000022 seconds.
  path: Assets/Simple UI/Simple Vector Icons/128px/UI_Icon_DevicePhone.png
  artifactKey: Guid(c4d6560c6b71b48969bb201ddbba658b) Importer(2089858483,0ecaa5967403d082aa24f35e1b516d23)
Start importing Assets/Simple UI/Simple Vector Icons/128px/UI_Icon_DevicePhone.png using Guid(c4d6560c6b71b48969bb201ddbba658b) Importer(2089858483,0ecaa5967403d082aa24f35e1b516d23) Generated GUIDs only implemented for interfaces!
 -> (artifact id: '5d5e722e24375520630449779ee424bc') in 0.164364 seconds
Number of updated asset objects reloaded before import = 0
Number of asset objects unloaded after import = 3
========================================================================
Received Import Request.
  Time since last request: 0.000024 seconds.
  path: Assets/Simple UI/Simple Vector Icons/128px/UI_Icon_TurnLeft.png
  artifactKey: Guid(88861aff7ce224fbb87f6ff59459a6e7) Importer(2089858483,0ecaa5967403d082aa24f35e1b516d23)
Start importing Assets/Simple UI/Simple Vector Icons/128px/UI_Icon_TurnLeft.png using Guid(88861aff7ce224fbb87f6ff59459a6e7) Importer(2089858483,0ecaa5967403d082aa24f35e1b516d23) Generated GUIDs only implemented for interfaces!
 -> (artifact id: '00247c7897eb5a4d41c9440d3764b96d') in 0.039456 seconds
Number of updated asset objects reloaded before import = 0
Number of asset objects unloaded after import = 3
========================================================================
Received Import Request.
  Time since last request: 0.000023 seconds.
  path: Assets/Simple UI/Simple Vector Icons/128px/UI_Icon_Invisible.png
  artifactKey: Guid(34da03ad02a0a40b79dff03d3660be7b) Importer(2089858483,0ecaa5967403d082aa24f35e1b516d23)
Start importing Assets/Simple UI/Simple Vector Icons/128px/UI_Icon_Invisible.png using Guid(34da03ad02a0a40b79dff03d3660be7b) Importer(2089858483,0ecaa5967403d082aa24f35e1b516d23) Generated GUIDs only implemented for interfaces!
 -> (artifact id: 'fd600c47b20a567f6432629fb4e41b1e') in 0.066233 seconds
Number of updated asset objects reloaded before import = 0
Number of asset objects unloaded after import = 3
========================================================================
Received Import Request.
  Time since last request: 0.000078 seconds.
  path: Assets/Simple UI/Simple Vector Icons/128px/UI_Icon_RotateRight.png
  artifactKey: Guid(634c385f9f0f343bfb6020168a1dddda) Importer(2089858483,0ecaa5967403d082aa24f35e1b516d23)
Start importing Assets/Simple UI/Simple Vector Icons/128px/UI_Icon_RotateRight.png using Guid(634c385f9f0f343bfb6020168a1dddda) Importer(2089858483,0ecaa5967403d082aa24f35e1b516d23) Generated GUIDs only implemented for interfaces!
 -> (artifact id: '7d8266d25eabab0fa5bc5999143a3fb3') in 0.061149 seconds
Number of updated asset objects reloaded before import = 0
Number of asset objects unloaded after import = 3
========================================================================
Received Import Request.
  Time since last request: 0.000014 seconds.
  path: Assets/Simple UI/Simple Vector Icons/128px/UI_Icon_LockUnlocked.png
  artifactKey: Guid(7b7b34ac073474b02b8969c15d49d01d) Importer(2089858483,0ecaa5967403d082aa24f35e1b516d23)
Start importing Assets/Simple UI/Simple Vector Icons/128px/UI_Icon_LockUnlocked.png using Guid(7b7b34ac073474b02b8969c15d49d01d) Importer(2089858483,0ecaa5967403d082aa24f35e1b516d23) Generated GUIDs only implemented for interfaces!
 -> (artifact id: 'e464ca78cedf6c9147d8a3b0d27a307c') in 0.117596 seconds
Number of updated asset objects reloaded before import = 0
Number of asset objects unloaded after import = 3
========================================================================
Received Import Request.
  Time since last request: 0.000082 seconds.
  path: Assets/Standard Assets/Effects/LightFlares/Materials/Flare50mm.mat
  artifactKey: Guid(a6dbb96b9d112024d000e929e39e7c39) Importer(2089858483,0ecaa5967403d082aa24f35e1b516d23)
Start importing Assets/Standard Assets/Effects/LightFlares/Materials/Flare50mm.mat using Guid(a6dbb96b9d112024d000e929e39e7c39) Importer(2089858483,0ecaa5967403d082aa24f35e1b516d23) Generated GUIDs only implemented for interfaces!
 -> (artifact id: '1cbdf7efc34f23c55f1d4330b431def9') in 0.070416 seconds
Number of updated asset objects reloaded before import = 0
Number of asset objects unloaded after import = 2
========================================================================
Received Import Request.
  Time since last request: 0.000111 seconds.
  path: Assets/Standard Assets/Effects/LightFlares/Textures/FlareStar.psd
  artifactKey: Guid(51dc82ef9d11c594d000e7c9e39e7c39) Importer(2089858483,0ecaa5967403d082aa24f35e1b516d23)
Start importing Assets/Standard Assets/Effects/LightFlares/Textures/FlareStar.psd using Guid(51dc82ef9d11c594d000e7c9e39e7c39) Importer(2089858483,0ecaa5967403d082aa24f35e1b516d23) Generated GUIDs only implemented for interfaces!
 -> (artifact id: 'bd33b687610200cd94b1e74546bd3cc1') in 0.090308 seconds
Number of updated asset objects reloaded before import = 0
Number of asset objects unloaded after import = 1
========================================================================
Received Import Request.
  Time since last request: 0.000150 seconds.
  path: Assets/Standard Assets/Effects/LightFlares/Flares/Sun.flare
  artifactKey: Guid(09ebe82dbd1113c3d000dc0b8d76c639) Importer(2089858483,0ecaa5967403d082aa24f35e1b516d23)
Start importing Assets/Standard Assets/Effects/LightFlares/Flares/Sun.flare using Guid(09ebe82dbd1113c3d000dc0b8d76c639) Importer(2089858483,0ecaa5967403d082aa24f35e1b516d23) Generated GUIDs only implemented for interfaces!
 -> (artifact id: 'e8be8e8ee1d0e7f2fef680e828b33874') in 0.144402 seconds
Number of updated asset objects reloaded before import = 0
Number of asset objects unloaded after import = 2
========================================================================
Received Import Request.
  Time since last request: 0.000039 seconds.
  path: Assets/Standard Assets/Effects/Projectors/Shaders/ProjectorMultiply.shader
  artifactKey: Guid(01a668cc78047034a8a0c5ca2d24c6f7) Importer(2089858483,0ecaa5967403d082aa24f35e1b516d23)
Start importing Assets/Standard Assets/Effects/Projectors/Shaders/ProjectorMultiply.shader using Guid(01a668cc78047034a8a0c5ca2d24c6f7) Importer(2089858483,0ecaa5967403d082aa24f35e1b516d23) Generated GUIDs only implemented for interfaces!
 -> (artifact id: '756f98eb94963c1dba90c8a11b66c0e1') in 0.017187 seconds
Number of updated asset objects reloaded before import = 0
Number of asset objects unloaded after import = 1
========================================================================
Received Import Request.
  Time since last request: 0.000079 seconds.
  path: Assets/Standard Assets/Effects/Projectors/Guidelines.txt
  artifactKey: Guid(b238cc13e9896f04eb5e06978d2b393e) Importer(2089858483,0ecaa5967403d082aa24f35e1b516d23)
Start importing Assets/Standard Assets/Effects/Projectors/Guidelines.txt using Guid(b238cc13e9896f04eb5e06978d2b393e) Importer(2089858483,0ecaa5967403d082aa24f35e1b516d23) Generated GUIDs only implemented for interfaces!
 -> (artifact id: 'e8947b5ffcc5289b4ffe08e3e2bae04b') in 0.075432 seconds
Number of updated asset objects reloaded before import = 0
Number of asset objects unloaded after import = 1
========================================================================
Received Import Request.
  Time since last request: 0.000016 seconds.
  path: Assets/Standard Assets/Effects/Projectors/Materials/LightProjector.mat
  artifactKey: Guid(c8c80c5b03f5c7e40b07eb2170e667e5) Importer(2089858483,0ecaa5967403d082aa24f35e1b516d23)
Start importing Assets/Standard Assets/Effects/Projectors/Materials/LightProjector.mat using Guid(c8c80c5b03f5c7e40b07eb2170e667e5) Importer(2089858483,0ecaa5967403d082aa24f35e1b516d23) Generated GUIDs only implemented for interfaces!
 -> (artifact id: '1a63844c917c735d9c268146ae59e541') in 0.037289 seconds
Number of updated asset objects reloaded before import = 0
Number of asset objects unloaded after import = 3
========================================================================
Received Import Request.
  Time since last request: 0.000016 seconds.
  path: Assets/Standard Assets/Effects/TessellationShaders/Shaders/BumpedSpecularSmooth.shader
  artifactKey: Guid(3954501323f24464f9e4418c78d8e8ce) Importer(2089858483,0ecaa5967403d082aa24f35e1b516d23)
Start importing Assets/Standard Assets/Effects/TessellationShaders/Shaders/BumpedSpecularSmooth.shader using Guid(3954501323f24464f9e4418c78d8e8ce) Importer(2089858483,0ecaa5967403d082aa24f35e1b516d23) Generated GUIDs only implemented for interfaces!
 -> (artifact id: 'e14880ea4cac6a276272e9f667561b4f') in 0.019242 seconds
Number of updated asset objects reloaded before import = 0
Number of asset objects unloaded after import = 1
========================================================================
Received Import Request.
  Time since last request: 0.000015 seconds.
  path: Assets/Standard Assets/Effects/TessellationShaders/Materials/TesselatedBumpSpecularSmooth.mat
  artifactKey: Guid(06893cec523208643a91b7a393737700) Importer(2089858483,0ecaa5967403d082aa24f35e1b516d23)
Start importing Assets/Standard Assets/Effects/TessellationShaders/Materials/TesselatedBumpSpecularSmooth.mat using Guid(06893cec523208643a91b7a393737700) Importer(2089858483,0ecaa5967403d082aa24f35e1b516d23) Generated GUIDs only implemented for interfaces!
 -> (artifact id: '4d6eb74ffee58dd8fbc10d5d5aba9b8b') in 0.038905 seconds
Number of updated asset objects reloaded before import = 0
Number of asset objects unloaded after import = 1
========================================================================
Received Import Request.
  Time since last request: 0.000018 seconds.
  path: Assets/Standard Assets/Effects/ToonShading/Materials/ToonLit.mat
  artifactKey: Guid(c9e6294c9d11cb8d11006bf944295342) Importer(2089858483,0ecaa5967403d082aa24f35e1b516d23)
Start importing Assets/Standard Assets/Effects/ToonShading/Materials/ToonLit.mat using Guid(c9e6294c9d11cb8d11006bf944295342) Importer(2089858483,0ecaa5967403d082aa24f35e1b516d23) Generated GUIDs only implemented for interfaces!
 -> (artifact id: 'a1e8a3ce04a186e53c505af4443bf629') in 0.102594 seconds
Number of updated asset objects reloaded before import = 0
Number of asset objects unloaded after import = 2
========================================================================
Received Import Request.
  Time since last request: 0.000023 seconds.
  path: Assets/Standard Assets/Effects/Projectors/Textures/Shadow.psd
  artifactKey: Guid(68386fc9897223346a683105b4dc1662) Importer(2089858483,0ecaa5967403d082aa24f35e1b516d23)
Start importing Assets/Standard Assets/Effects/Projectors/Textures/Shadow.psd using Guid(68386fc9897223346a683105b4dc1662) Importer(2089858483,0ecaa5967403d082aa24f35e1b516d23) Generated GUIDs only implemented for interfaces!
 -> (artifact id: '050a2de1f12b4d966242abea161c264e') in 0.285004 seconds
Number of updated asset objects reloaded before import = 0
Number of asset objects unloaded after import = 1
========================================================================
Received Import Request.
  Time since last request: 0.000120 seconds.
  path: Assets/Standard Assets/Effects/ToonShading/Materials/ToonBasic.mat
  artifactKey: Guid(84b9e1d19d11078d11005b9844295342) Importer(2089858483,0ecaa5967403d082aa24f35e1b516d23)
Start importing Assets/Standard Assets/Effects/ToonShading/Materials/ToonBasic.mat using Guid(84b9e1d19d11078d11005b9844295342) Importer(2089858483,0ecaa5967403d082aa24f35e1b516d23) Generated GUIDs only implemented for interfaces!
 -> (artifact id: '1f3182a418627284e620d8c935f84f3c') in 0.169461 seconds
Number of updated asset objects reloaded before import = 0
Number of asset objects unloaded after import = 2
========================================================================
Received Import Request.
  Time since last request: 0.000013 seconds.
  path: Assets/Standard Assets/Effects/ToonShading/Textures/UtilToonGradient.png
  artifactKey: Guid(4a056241e2722dc46a7262a8e7073fd9) Importer(2089858483,0ecaa5967403d082aa24f35e1b516d23)
Start importing Assets/Standard Assets/Effects/ToonShading/Textures/UtilToonGradient.png using Guid(4a056241e2722dc46a7262a8e7073fd9) Importer(2089858483,0ecaa5967403d082aa24f35e1b516d23) Generated GUIDs only implemented for interfaces!
 -> (artifact id: 'e8658199b70fa346f7e156ef3cec046c') in 0.030256 seconds
Number of updated asset objects reloaded before import = 0
Number of asset objects unloaded after import = 1
========================================================================
Received Import Request.
  Time since last request: 0.000133 seconds.
  path: Assets/Standard Assets/Effects/ToonShading/Textures/ToonLit.psd
  artifactKey: Guid(b995d4bd9d11078d11005b9844295342) Importer(2089858483,0ecaa5967403d082aa24f35e1b516d23)
Start importing Assets/Standard Assets/Effects/ToonShading/Textures/ToonLit.psd using Guid(b995d4bd9d11078d11005b9844295342) Importer(2089858483,0ecaa5967403d082aa24f35e1b516d23) Generated GUIDs only implemented for interfaces!
 -> (artifact id: 'eb3476630b0e0d5bc2fe67ec610c4c04') in 0.031390 seconds
Number of updated asset objects reloaded before import = 0
Number of asset objects unloaded after import = 1
========================================================================
Received Import Request.
  Time since last request: 0.000137 seconds.
  path: Assets/Standard Assets/Effects/ToonShading/Shaders/ToonLit.shader
  artifactKey: Guid(48dca5b99d113b8d11006bab44295342) Importer(2089858483,0ecaa5967403d082aa24f35e1b516d23)
Start importing Assets/Standard Assets/Effects/ToonShading/Shaders/ToonLit.shader using Guid(48dca5b99d113b8d11006bab44295342) Importer(2089858483,0ecaa5967403d082aa24f35e1b516d23) Generated GUIDs only implemented for interfaces!
 -> (artifact id: 'daf939304d07dc7554b463a861148e20') in 0.019693 seconds
Number of updated asset objects reloaded before import = 0
Number of asset objects unloaded after import = 1
========================================================================
Received Import Request.
  Time since last request: 0.000088 seconds.
  path: Assets/Standard Assets/Effects/GlassRefraction/Textures/GlassStainedAlbedo.tif
  artifactKey: Guid(19555d7d9d114c7f1100f5ab44295342) Importer(2089858483,0ecaa5967403d082aa24f35e1b516d23)
Start importing Assets/Standard Assets/Effects/GlassRefraction/Textures/GlassStainedAlbedo.tif using Guid(19555d7d9d114c7f1100f5ab44295342) Importer(2089858483,0ecaa5967403d082aa24f35e1b516d23) Generated GUIDs only implemented for interfaces!
 -> (artifact id: '31be5a9344c7cd8da141aa0f7ff8af9e') in 0.079502 seconds
Number of updated asset objects reloaded before import = 0
Number of asset objects unloaded after import = 1
========================================================================
Received Import Request.
  Time since last request: 0.000043 seconds.
  path: Assets/Standard Assets/Effects/GlassRefraction/Shaders/GlassStainedBumpDistort.shader
  artifactKey: Guid(963484209d11fd7f110076aa44295342) Importer(2089858483,0ecaa5967403d082aa24f35e1b516d23)
Start importing Assets/Standard Assets/Effects/GlassRefraction/Shaders/GlassStainedBumpDistort.shader using Guid(963484209d11fd7f110076aa44295342) Importer(2089858483,0ecaa5967403d082aa24f35e1b516d23) Generated GUIDs only implemented for interfaces!
 -> (artifact id: '5e9f8b6b73df2cc8c70b3bca4088c6d0') in 0.012955 seconds
Number of updated asset objects reloaded before import = 0
Number of asset objects unloaded after import = 1
========================================================================
Received Import Request.
  Time since last request: 0.000135 seconds.
  path: Assets/Standard Assets/Effects/LightCookies/Textures/FlashlightIrregularCookie.tif
  artifactKey: Guid(641bb2dce818a8a499b537a1963889ac) Importer(2089858483,0ecaa5967403d082aa24f35e1b516d23)
Start importing Assets/Standard Assets/Effects/LightCookies/Textures/FlashlightIrregularCookie.tif using Guid(641bb2dce818a8a499b537a1963889ac) Importer(2089858483,0ecaa5967403d082aa24f35e1b516d23) Generated GUIDs only implemented for interfaces!
 -> (artifact id: 'fc2edc18c5f0dec1d7e13dad4ffe6741') in 0.056380 seconds
Number of updated asset objects reloaded before import = 0
Number of asset objects unloaded after import = 1
========================================================================
Received Import Request.
  Time since last request: 0.000090 seconds.
  path: Assets/Standard Assets/Effects/TessellationShaders/Textures/CliffNormals.png
  artifactKey: Guid(e08c295755c0885479ad19f518286ff2) Importer(2089858483,0ecaa5967403d082aa24f35e1b516d23)
Start importing Assets/Standard Assets/Effects/TessellationShaders/Textures/CliffNormals.png using Guid(e08c295755c0885479ad19f518286ff2) Importer(2089858483,0ecaa5967403d082aa24f35e1b516d23) Generated GUIDs only implemented for interfaces!
 -> (artifact id: '2af733bd8a8f6c10121762518f99aa55') in 0.028074 seconds
Number of updated asset objects reloaded before import = 0
Number of asset objects unloaded after import = 1
========================================================================
Received Import Request.
  Time since last request: 0.000097 seconds.
  path: Assets/Standard Assets/Effects/ToonShading/Shaders/ToonBasic.shader
  artifactKey: Guid(d84268709d11078d11005b9844295342) Importer(2089858483,0ecaa5967403d082aa24f35e1b516d23)
Start importing Assets/Standard Assets/Effects/ToonShading/Shaders/ToonBasic.shader using Guid(d84268709d11078d11005b9844295342) Importer(2089858483,0ecaa5967403d082aa24f35e1b516d23) Generated GUIDs only implemented for interfaces!
 -> (artifact id: '8a3583d69f41dc8644f41a02608c3fc6') in 0.013027 seconds
Number of updated asset objects reloaded before import = 0
Number of asset objects unloaded after import = 1
========================================================================
Received Import Request.
  Time since last request: 0.000164 seconds.
  path: Assets/Standard Assets/Effects/Projectors/Materials/GridProjector.mat
  artifactKey: Guid(c7d1a73cf0f423947bae4e238665d9c5) Importer(2089858483,0ecaa5967403d082aa24f35e1b516d23)
Start importing Assets/Standard Assets/Effects/Projectors/Materials/GridProjector.mat using Guid(c7d1a73cf0f423947bae4e238665d9c5) Importer(2089858483,0ecaa5967403d082aa24f35e1b516d23) Generated GUIDs only implemented for interfaces!
 -> (artifact id: 'a7c316bcecfaffd884cbbf9d1c21e956') in 0.015392 seconds
Number of updated asset objects reloaded before import = 0
Number of asset objects unloaded after import = 2
========================================================================
Received Import Request.
  Time since last request: 0.000014 seconds.
  path: Assets/Standard Assets/Effects/Projectors/Materials/ShadowProjector.mat
  artifactKey: Guid(e30ff3588e719f34bbf0c66f22d97487) Importer(2089858483,0ecaa5967403d082aa24f35e1b516d23)
Start importing Assets/Standard Assets/Effects/Projectors/Materials/ShadowProjector.mat using Guid(e30ff3588e719f34bbf0c66f22d97487) Importer(2089858483,0ecaa5967403d082aa24f35e1b516d23) Generated GUIDs only implemented for interfaces!
 -> (artifact id: '16c7a89c0c1bd17216235ad8b8f24b8a') in 0.019304 seconds
Number of updated asset objects reloaded before import = 0
Number of asset objects unloaded after import = 3
========================================================================
Received Import Request.
  Time since last request: 0.000026 seconds.
  path: Assets/Simple UI/Simple Vector Icons/128px/UI_Icon_Chainlink.png
  artifactKey: Guid(b35c1f3fae2ea4a17ac3f8888278e6a1) Importer(2089858483,0ecaa5967403d082aa24f35e1b516d23)
Start importing Assets/Simple UI/Simple Vector Icons/128px/UI_Icon_Chainlink.png using Guid(b35c1f3fae2ea4a17ac3f8888278e6a1) Importer(2089858483,0ecaa5967403d082aa24f35e1b516d23) Generated GUIDs only implemented for interfaces!
 -> (artifact id: '3b8f220d143b7bf9ad5b930a98ea1344') in 0.057373 seconds
Number of updated asset objects reloaded before import = 0
Number of asset objects unloaded after import = 3
========================================================================
Received Import Request.
  Time since last request: 0.000016 seconds.
  path: Assets/Simple UI/Simple Vector Icons/128px/UI_Icon_Gift.png
  artifactKey: Guid(06ccad68a51e7475aa47fa790359f6dc) Importer(2089858483,0ecaa5967403d082aa24f35e1b516d23)
Start importing Assets/Simple UI/Simple Vector Icons/128px/UI_Icon_Gift.png using Guid(06ccad68a51e7475aa47fa790359f6dc) Importer(2089858483,0ecaa5967403d082aa24f35e1b516d23) Generated GUIDs only implemented for interfaces!
 -> (artifact id: 'e88da200651942b8b402f32d0e84a8f4') in 0.054720 seconds
Number of updated asset objects reloaded before import = 0
Number of asset objects unloaded after import = 3
========================================================================
Received Import Request.
  Time since last request: 0.000017 seconds.
  path: Assets/Simple UI/Simple Vector Icons/128px/UI_Icon_InvBoots.png
  artifactKey: Guid(ed9637a0af1604597ab7999fd425b1ee) Importer(2089858483,0ecaa5967403d082aa24f35e1b516d23)
Start importing Assets/Simple UI/Simple Vector Icons/128px/UI_Icon_InvBoots.png using Guid(ed9637a0af1604597ab7999fd425b1ee) Importer(2089858483,0ecaa5967403d082aa24f35e1b516d23) Generated GUIDs only implemented for interfaces!
 -> (artifact id: 'db7e38661d46fbed938d1971e82cfe85') in 0.054002 seconds
Number of updated asset objects reloaded before import = 0
Number of asset objects unloaded after import = 3
========================================================================
Received Import Request.
  Time since last request: 0.000016 seconds.
  path: Assets/Standard Assets/Effects/ToonShading/Materials/ToonBasicOutline.mat
  artifactKey: Guid(215977489d11178d11005b9844295342) Importer(2089858483,0ecaa5967403d082aa24f35e1b516d23)
Start importing Assets/Standard Assets/Effects/ToonShading/Materials/ToonBasicOutline.mat using Guid(215977489d11178d11005b9844295342) Importer(2089858483,0ecaa5967403d082aa24f35e1b516d23) Generated GUIDs only implemented for interfaces!
 -> (artifact id: '65e32cf8151449eedface018bf0f8f01') in 0.019519 seconds
Number of updated asset objects reloaded before import = 0
Number of asset objects unloaded after import = 3
========================================================================
Received Import Request.
  Time since last request: 0.000022 seconds.
  path: Assets/Simple UI/Simple Vector Icons/128px/UI_Icon_Chat.png
  artifactKey: Guid(e91cf4aa8cec148a4b6ba86eefc6a553) Importer(2089858483,0ecaa5967403d082aa24f35e1b516d23)
Start importing Assets/Simple UI/Simple Vector Icons/128px/UI_Icon_Chat.png using Guid(e91cf4aa8cec148a4b6ba86eefc6a553) Importer(2089858483,0ecaa5967403d082aa24f35e1b516d23) Generated GUIDs only implemented for interfaces!
 -> (artifact id: '26dc32147b808f2294ba7a21706b72d1') in 0.080098 seconds
Number of updated asset objects reloaded before import = 0
Number of asset objects unloaded after import = 3
========================================================================
Received Import Request.
  Time since last request: 0.000112 seconds.
  path: Assets/Simple UI/Simple Vector Icons/128px/UI_Icon_MultiPlayer.png
  artifactKey: Guid(132298f71584b4b71a58725dd7d69a9a) Importer(2089858483,0ecaa5967403d082aa24f35e1b516d23)
Start importing Assets/Simple UI/Simple Vector Icons/128px/UI_Icon_MultiPlayer.png using Guid(132298f71584b4b71a58725dd7d69a9a) Importer(2089858483,0ecaa5967403d082aa24f35e1b516d23) Generated GUIDs only implemented for interfaces!
 -> (artifact id: '2ffc390030323b899eb21ac2a5958b11') in 0.052128 seconds
Number of updated asset objects reloaded before import = 0
Number of asset objects unloaded after import = 3
========================================================================
Received Import Request.
  Time since last request: 0.000078 seconds.
  path: Assets/Simple UI/Simple Vector Icons/128px/UI_Icon_InvPants.png
  artifactKey: Guid(511ce488dc0504d599904b66842443e2) Importer(2089858483,0ecaa5967403d082aa24f35e1b516d23)
Start importing Assets/Simple UI/Simple Vector Icons/128px/UI_Icon_InvPants.png using Guid(511ce488dc0504d599904b66842443e2) Importer(2089858483,0ecaa5967403d082aa24f35e1b516d23) Generated GUIDs only implemented for interfaces!
 -> (artifact id: 'f7109558d90c6de381ddd3458fd00595') in 0.046474 seconds
Number of updated asset objects reloaded before import = 0
Number of asset objects unloaded after import = 3
========================================================================
Received Import Request.
  Time since last request: 0.000079 seconds.
  path: Assets/Simple UI/Simple Vector Icons/128px/UI_Icon_FullscreenEnter.png
  artifactKey: Guid(7eae0dc6ee63240e392973dd6d02b8d3) Importer(2089858483,0ecaa5967403d082aa24f35e1b516d23)
Start importing Assets/Simple UI/Simple Vector Icons/128px/UI_Icon_FullscreenEnter.png using Guid(7eae0dc6ee63240e392973dd6d02b8d3) Importer(2089858483,0ecaa5967403d082aa24f35e1b516d23) Generated GUIDs only implemented for interfaces!
 -> (artifact id: '6947de6719a3b6f78c9fd1c2cee06969') in 0.064175 seconds
Number of updated asset objects reloaded before import = 0
Number of asset objects unloaded after import = 3
========================================================================
Received Import Request.
  Time since last request: 0.000085 seconds.
  path: Assets/Simple UI/Simple Vector Icons/128px/UI_Icon_SkipBack.png
  artifactKey: Guid(0e3875234c5954b6f9954c5d2eb1c64c) Importer(2089858483,0ecaa5967403d082aa24f35e1b516d23)
Start importing Assets/Simple UI/Simple Vector Icons/128px/UI_Icon_SkipBack.png using Guid(0e3875234c5954b6f9954c5d2eb1c64c) Importer(2089858483,0ecaa5967403d082aa24f35e1b516d23) Generated GUIDs only implemented for interfaces!
 -> (artifact id: '11342e9e2f9d98e37a494159d31fb4cf') in 0.047544 seconds
Number of updated asset objects reloaded before import = 0
Number of asset objects unloaded after import = 3
========================================================================
Received Import Request.
  Time since last request: 0.000016 seconds.
  path: Assets/Simple UI/Samples/Achievements.unity
  artifactKey: Guid(25868143033004857a50688c5c8f49fb) Importer(2089858483,0ecaa5967403d082aa24f35e1b516d23)
Start importing Assets/Simple UI/Samples/Achievements.unity using Guid(25868143033004857a50688c5c8f49fb) Importer(2089858483,0ecaa5967403d082aa24f35e1b516d23) Generated GUIDs only implemented for interfaces!
 -> (artifact id: '738071d0f9db058e33a4ea1c6fb4a178') in 0.009169 seconds
Number of updated asset objects reloaded before import = 0
Number of asset objects unloaded after import = 1
========================================================================
Received Import Request.
  Time since last request: 0.000112 seconds.
  path: Assets/GoogleMobileAds/Platforms/iOS/Utils.cs
  artifactKey: Guid(6cdc5afff21d6462390f1e3fc01cdcf1) Importer(2089858483,0ecaa5967403d082aa24f35e1b516d23)
Start importing Assets/GoogleMobileAds/Platforms/iOS/Utils.cs using Guid(6cdc5afff21d6462390f1e3fc01cdcf1) Importer(2089858483,0ecaa5967403d082aa24f35e1b516d23) Generated GUIDs only implemented for interfaces!
 -> (artifact id: 'b6967cc048807a3820cc06613493b32d') in 0.010163 seconds
Number of updated asset objects reloaded before import = 0
Number of asset objects unloaded after import = 1
========================================================================
Received Import Request.
  Time since last request: 0.000108 seconds.
  path: Assets/Simple UI/Simple Vector Icons/128px/UI_Icon_Leaf.png
  artifactKey: Guid(2f848c5befa8f4a90aeb87349ef8d8fd) Importer(2089858483,0ecaa5967403d082aa24f35e1b516d23)
Start importing Assets/Simple UI/Simple Vector Icons/128px/UI_Icon_Leaf.png using Guid(2f848c5befa8f4a90aeb87349ef8d8fd) Importer(2089858483,0ecaa5967403d082aa24f35e1b516d23) Generated GUIDs only implemented for interfaces!
 -> (artifact id: 'a25e19232d50e1d75f3a2a5f143090a7') in 0.045659 seconds
Number of updated asset objects reloaded before import = 0
Number of asset objects unloaded after import = 3
========================================================================
Received Import Request.
  Time since last request: 0.000056 seconds.
  path: Assets/Textures/Eff_Glitter2.png
  artifactKey: Guid(b0ffb540d124f4144ad76e36fe41b91d) Importer(2089858483,0ecaa5967403d082aa24f35e1b516d23)
Start importing Assets/Textures/Eff_Glitter2.png using Guid(b0ffb540d124f4144ad76e36fe41b91d) Importer(2089858483,0ecaa5967403d082aa24f35e1b516d23) Generated GUIDs only implemented for interfaces!
 -> (artifact id: '46c57ed23f22964bf2101fb839fea81b') in 0.035821 seconds
Number of updated asset objects reloaded before import = 0
Number of asset objects unloaded after import = 1
========================================================================
Received Import Request.
  Time since last request: 0.000023 seconds.
  path: Assets/Materials/eff_aura1.mat
  artifactKey: Guid(68cd23dd8f2e94a5a8198b72e5899bce) Importer(2089858483,0ecaa5967403d082aa24f35e1b516d23)
Start importing Assets/Materials/eff_aura1.mat using Guid(68cd23dd8f2e94a5a8198b72e5899bce) Importer(2089858483,0ecaa5967403d082aa24f35e1b516d23) Generated GUIDs only implemented for interfaces!
 -> (artifact id: '2cd1ad1ff156329c54af986c1873dc55') in 0.031759 seconds
Number of updated asset objects reloaded before import = 0
Number of asset objects unloaded after import = 2
========================================================================
Received Import Request.
  Time since last request: 0.000075 seconds.
  path: Assets/Plugins/Android/com.android.support.support-core-utils-26.1.0.aar
  artifactKey: Guid(325471b243bb1c91bb5bb72b00301c9b) Importer(2089858483,0ecaa5967403d082aa24f35e1b516d23)
Start importing Assets/Plugins/Android/com.android.support.support-core-utils-26.1.0.aar using Guid(325471b243bb1c91bb5bb72b00301c9b) Importer(2089858483,0ecaa5967403d082aa24f35e1b516d23) Generated GUIDs only implemented for interfaces!
 -> (artifact id: '4c03cf0832fa5f9a359579e8411ee0c2') in 0.011767 seconds
Number of updated asset objects reloaded before import = 0
Number of asset objects unloaded after import = 1
========================================================================
Received Import Request.
  Time since last request: 0.000137 seconds.
  path: Assets/Simple UI/Samples/IconPreview.cs
  artifactKey: Guid(b8fa2981275434cd0ba04a77ada65478) Importer(2089858483,0ecaa5967403d082aa24f35e1b516d23)
Start importing Assets/Simple UI/Samples/IconPreview.cs using Guid(b8fa2981275434cd0ba04a77ada65478) Importer(2089858483,0ecaa5967403d082aa24f35e1b516d23) Generated GUIDs only implemented for interfaces!
 -> (artifact id: 'c83f6fac8dd50efc619aaed6ca88f101') in 0.049410 seconds
Number of updated asset objects reloaded before import = 0
Number of asset objects unloaded after import = 1
========================================================================
Received Import Request.
  Time since last request: 0.000053 seconds.
  path: Assets/Materials/Neptune.mat
  artifactKey: Guid(c1396630db0244048ae9330319b68828) Importer(2089858483,0ecaa5967403d082aa24f35e1b516d23)
Start importing Assets/Materials/Neptune.mat using Guid(c1396630db0244048ae9330319b68828) Importer(2089858483,0ecaa5967403d082aa24f35e1b516d23) Generated GUIDs only implemented for interfaces!
 -> (artifact id: '03499b276ff099107342e6eff417e35c') in 0.085201 seconds
Number of updated asset objects reloaded before import = 0
Number of asset objects unloaded after import = 2
========================================================================
Received Import Request.
  Time since last request: 0.000025 seconds.
  path: Assets/Standard Assets/Effects/ToonShading/Shaders/ToonBasicOutline.shader
  artifactKey: Guid(9ce107479d11178d11005b9844295342) Importer(2089858483,0ecaa5967403d082aa24f35e1b516d23)
Start importing Assets/Standard Assets/Effects/ToonShading/Shaders/ToonBasicOutline.shader using Guid(9ce107479d11178d11005b9844295342) Importer(2089858483,0ecaa5967403d082aa24f35e1b516d23) Generated GUIDs only implemented for interfaces!
 -> (artifact id: '415993b3450dafc14a3b5fa835e11d88') in 0.012662 seconds
Number of updated asset objects reloaded before import = 0
Number of asset objects unloaded after import = 1
========================================================================
Received Import Request.
  Time since last request: 0.000092 seconds.
  path: Assets/Plugins/iOS/GADUInterstitial.h
  artifactKey: Guid(323d27647d5df45d9998ae0894903f88) Importer(2089858483,0ecaa5967403d082aa24f35e1b516d23)
Start importing Assets/Plugins/iOS/GADUInterstitial.h using Guid(323d27647d5df45d9998ae0894903f88) Importer(2089858483,0ecaa5967403d082aa24f35e1b516d23) Generated GUIDs only implemented for interfaces!
 -> (artifact id: 'a0f621761898cdc19c41eab112a82ae2') in 0.011835 seconds
Number of updated asset objects reloaded before import = 0
Number of asset objects unloaded after import = 1
========================================================================
Received Import Request.
  Time since last request: 0.000148 seconds.
  path: Assets/GoogleMobileAds/Editor/GoogleMobileAdsDependencies.xml
  artifactKey: Guid(2c9357ed17521401bb7b6733145ebcd9) Importer(2089858483,0ecaa5967403d082aa24f35e1b516d23)
Start importing Assets/GoogleMobileAds/Editor/GoogleMobileAdsDependencies.xml using Guid(2c9357ed17521401bb7b6733145ebcd9) Importer(2089858483,0ecaa5967403d082aa24f35e1b516d23) Generated GUIDs only implemented for interfaces!
 -> (artifact id: 'f0e0fc1c7d1cf41977602eb05f1f62cc') in 0.107450 seconds
Number of updated asset objects reloaded before import = 0
Number of asset objects unloaded after import = 1
========================================================================
Received Import Request.
  Time since last request: 0.000131 seconds.
  path: Assets/Scripts/Commons/EffectVanisher.cs
  artifactKey: Guid(029093e311e619041a7b706e7df4ae84) Importer(2089858483,0ecaa5967403d082aa24f35e1b516d23)
Start importing Assets/Scripts/Commons/EffectVanisher.cs using Guid(029093e311e619041a7b706e7df4ae84) Importer(2089858483,0ecaa5967403d082aa24f35e1b516d23) Generated GUIDs only implemented for interfaces!
 -> (artifact id: '962a51da928ad4dfeacc36630bb84389') in 0.010707 seconds
Number of updated asset objects reloaded before import = 0
Number of asset objects unloaded after import = 1
========================================================================
Received Import Request.
  Time since last request: 0.000110 seconds.
  path: Assets/Simple UI/PNG/UI_Panel_Window.png
  artifactKey: Guid(8bba60bd272ff4978982a12a88f56b11) Importer(2089858483,0ecaa5967403d082aa24f35e1b516d23)
Start importing Assets/Simple UI/PNG/UI_Panel_Window.png using Guid(8bba60bd272ff4978982a12a88f56b11) Importer(2089858483,0ecaa5967403d082aa24f35e1b516d23) Generated GUIDs only implemented for interfaces!
 -> (artifact id: '7ac026b9b70ff95dbd34ca84f34f1572') in 0.158641 seconds
Number of updated asset objects reloaded before import = 0
Number of asset objects unloaded after import = 3
========================================================================
Received Import Request.
  Time since last request: 0.000092 seconds.
  path: Assets/Simple UI/Resource Icons/UI_Graphic_Resource_Wood.png
  artifactKey: Guid(350f2e489c1d0458db18e969f67cb28a) Importer(2089858483,0ecaa5967403d082aa24f35e1b516d23)
Start importing Assets/Simple UI/Resource Icons/UI_Graphic_Resource_Wood.png using Guid(350f2e489c1d0458db18e969f67cb28a) Importer(2089858483,0ecaa5967403d082aa24f35e1b516d23) Generated GUIDs only implemented for interfaces!
 -> (artifact id: 'cfb9ca1cf8efb48d7b962cc632f72274') in 0.131289 seconds
Number of updated asset objects reloaded before import = 0
Number of asset objects unloaded after import = 3
========================================================================
Received Import Request.
  Time since last request: 0.000040 seconds.
  path: Assets/Standard Assets/Effects/Projectors/Prefabs/BlobShadowProjector.prefab
  artifactKey: Guid(28a5e79925e3ce04a82856c16a572cbe) Importer(2089858483,0ecaa5967403d082aa24f35e1b516d23)
Start importing Assets/Standard Assets/Effects/Projectors/Prefabs/BlobShadowProjector.prefab using Guid(28a5e79925e3ce04a82856c16a572cbe) Importer(2089858483,0ecaa5967403d082aa24f35e1b516d23) Generated GUIDs only implemented for interfaces!
 -> (artifact id: '0b10f3bbcc811cf93ca18a3085f356a5') in 0.109801 seconds
Number of updated asset objects reloaded before import = 0
Number of asset objects unloaded after import = 6
========================================================================
Received Import Request.
  Time since last request: 0.000013 seconds.
  path: Assets/Simple UI/Simple Vector Icons/128px/UI_Icon_Settings.png
  artifactKey: Guid(be652a86bfecb40f8a9991e2ac107307) Importer(2089858483,0ecaa5967403d082aa24f35e1b516d23)
Start importing Assets/Simple UI/Simple Vector Icons/128px/UI_Icon_Settings.png using Guid(be652a86bfecb40f8a9991e2ac107307) Importer(2089858483,0ecaa5967403d082aa24f35e1b516d23) Generated GUIDs only implemented for interfaces!
 -> (artifact id: 'f7c2764e9a48e0e42ab1d6797c2db6cb') in 0.057522 seconds
Number of updated asset objects reloaded before import = 0
Number of asset objects unloaded after import = 3
========================================================================
Received Import Request.
  Time since last request: 0.000025 seconds.
  path: Assets/Standard Assets/Effects/Projectors/Prefabs/BlobLightProjector.prefab
  artifactKey: Guid(21543d2b66928224f8a9536ff3811682) Importer(2089858483,0ecaa5967403d082aa24f35e1b516d23)
Start importing Assets/Standard Assets/Effects/Projectors/Prefabs/BlobLightProjector.prefab using Guid(21543d2b66928224f8a9536ff3811682) Importer(2089858483,0ecaa5967403d082aa24f35e1b516d23) Generated GUIDs only implemented for interfaces!
 -> (artifact id: '3cb38fdfeaeb70fe9d173926cf36fc44') in 0.085448 seconds
Number of updated asset objects reloaded before import = 0
Number of asset objects unloaded after import = 6
========================================================================
Received Import Request.
  Time since last request: 0.000123 seconds.
  path: Assets/Fonts/mplus-1c-medium.ttf
  artifactKey: Guid(1cf0e2688d3e35367868c714dca7a2a6) Importer(2089858483,0ecaa5967403d082aa24f35e1b516d23)
Start importing Assets/Fonts/mplus-1c-medium.ttf using Guid(1cf0e2688d3e35367868c714dca7a2a6) Importer(2089858483,0ecaa5967403d082aa24f35e1b516d23) Generated GUIDs only implemented for interfaces!
 -> (artifact id: '3e83f64e1871c3566e1fd72fbe7dd4a5') in 0.026501 seconds
Number of updated asset objects reloaded before import = 0
Number of asset objects unloaded after import = 3
========================================================================
Received Import Request.
  Time since last request: 0.000014 seconds.
  path: Assets/Scripts/CommonLibs/UsefulMethods.cs
  artifactKey: Guid(dd985b1c144a66a449edd5990e4701de) Importer(2089858483,0ecaa5967403d082aa24f35e1b516d23)
Start importing Assets/Scripts/CommonLibs/UsefulMethods.cs using Guid(dd985b1c144a66a449edd5990e4701de) Importer(2089858483,0ecaa5967403d082aa24f35e1b516d23) Generated GUIDs only implemented for interfaces!
 -> (artifact id: '41f30737e883ae0a7147d8a51800ad60') in 0.010415 seconds
Number of updated asset objects reloaded before import = 0
Number of asset objects unloaded after import = 1
========================================================================
Received Import Request.
  Time since last request: 0.000106 seconds.
  path: Assets/Simple UI/Simple Vector Icons/128px/UI_Icon_Mirror.png
  artifactKey: Guid(47c122af1b2224d418f5ee13316536c1) Importer(2089858483,0ecaa5967403d082aa24f35e1b516d23)
Start importing Assets/Simple UI/Simple Vector Icons/128px/UI_Icon_Mirror.png using Guid(47c122af1b2224d418f5ee13316536c1) Importer(2089858483,0ecaa5967403d082aa24f35e1b516d23) Generated GUIDs only implemented for interfaces!
 -> (artifact id: '568ce3f73deeb75e59430e8df06b27ee') in 0.061806 seconds
Number of updated asset objects reloaded before import = 0
Number of asset objects unloaded after import = 3
========================================================================
Received Import Request.
  Time since last request: 0.000070 seconds.
  path: Assets/Simple UI/Simple Vector Icons/128px/UI_Icon_BtnDpadDirDown.png
  artifactKey: Guid(b64d7e57c0638468aaa5dbb057bb00e0) Importer(2089858483,0ecaa5967403d082aa24f35e1b516d23)
Start importing Assets/Simple UI/Simple Vector Icons/128px/UI_Icon_BtnDpadDirDown.png using Guid(b64d7e57c0638468aaa5dbb057bb00e0) Importer(2089858483,0ecaa5967403d082aa24f35e1b516d23) Generated GUIDs only implemented for interfaces!
 -> (artifact id: '2a8c2d6444c0d27c96101bc1ec0e98f2') in 0.077462 seconds
Number of updated asset objects reloaded before import = 0
Number of asset objects unloaded after import = 3
========================================================================
Received Import Request.
  Time since last request: 0.000058 seconds.
  path: Assets/Simple UI/Resource Icons/UI_Graphic_Resource_Coins.png
  artifactKey: Guid(aebcbaf5d1d2146bf9ff69b1b95334d6) Importer(2089858483,0ecaa5967403d082aa24f35e1b516d23)
Start importing Assets/Simple UI/Resource Icons/UI_Graphic_Resource_Coins.png using Guid(aebcbaf5d1d2146bf9ff69b1b95334d6) Importer(2089858483,0ecaa5967403d082aa24f35e1b516d23) Generated GUIDs only implemented for interfaces!
 -> (artifact id: '172ac8e2425f1dd34981dad2bf72f365') in 0.055395 seconds
Number of updated asset objects reloaded before import = 0
Number of asset objects unloaded after import = 3
========================================================================
Received Import Request.
  Time since last request: 0.000013 seconds.
  path: Assets/Prefab/Eff_Burst_7.prefab
  artifactKey: Guid(db19ec2b7abd8405f9c7323400d53c1b) Importer(2089858483,0ecaa5967403d082aa24f35e1b516d23)
Start importing Assets/Prefab/Eff_Burst_7.prefab using Guid(db19ec2b7abd8405f9c7323400d53c1b) Importer(2089858483,0ecaa5967403d082aa24f35e1b516d23) Generated GUIDs only implemented for interfaces!
 -> (artifact id: 'f4308dd97bbb9704e026f914d1d4e744') in 0.151951 seconds
Number of updated asset objects reloaded before import = 0
Number of asset objects unloaded after import = 33
========================================================================
Received Import Request.
  Time since last request: 0.000014 seconds.
  path: Assets/Resources/ParticleFirecloud.mat
  artifactKey: Guid(77d08210df254d845885518314593544) Importer(2089858483,0ecaa5967403d082aa24f35e1b516d23)
Start importing Assets/Resources/ParticleFirecloud.mat using Guid(77d08210df254d845885518314593544) Importer(2089858483,0ecaa5967403d082aa24f35e1b516d23) Generated GUIDs only implemented for interfaces!
 -> (artifact id: '86a7eb749b67290c3c6706bba8e6d62b') in 0.047751 seconds
Number of updated asset objects reloaded before import = 0
Number of asset objects unloaded after import = 1
========================================================================
Received Import Request.
  Time since last request: 0.000017 seconds.
  path: Assets/Simple UI/Simple Vector Icons/128px/UI_Icon_Camera.png
  artifactKey: Guid(bbea513035dbf473c94bef464808f665) Importer(2089858483,0ecaa5967403d082aa24f35e1b516d23)
Start importing Assets/Simple UI/Simple Vector Icons/128px/UI_Icon_Camera.png using Guid(bbea513035dbf473c94bef464808f665) Importer(2089858483,0ecaa5967403d082aa24f35e1b516d23) Generated GUIDs only implemented for interfaces!
 -> (artifact id: '7c35da9573bdc899e90644218109350d') in 0.088286 seconds
Number of updated asset objects reloaded before import = 0
Number of asset objects unloaded after import = 3
========================================================================
Received Import Request.
  Time since last request: 0.000021 seconds.
  path: Assets/Textures/Eff_smoke_1.png
  artifactKey: Guid(3c006f387d1b24898aa7ed5056023bb3) Importer(2089858483,0ecaa5967403d082aa24f35e1b516d23)
Start importing Assets/Textures/Eff_smoke_1.png using Guid(3c006f387d1b24898aa7ed5056023bb3) Importer(2089858483,0ecaa5967403d082aa24f35e1b516d23) Generated GUIDs only implemented for interfaces!
 -> (artifact id: 'f4a5ee3abebf5fe2fa3cf95f6669adbd') in 0.028282 seconds
Number of updated asset objects reloaded before import = 0
Number of asset objects unloaded after import = 1
========================================================================
Received Import Request.
  Time since last request: 0.000037 seconds.
  path: Assets/Simple UI/Simple Vector Icons/128px/UI_Icon_TurnAround.png
  artifactKey: Guid(27400ccb2f7ec4b4a88e2a0c8c080b95) Importer(2089858483,0ecaa5967403d082aa24f35e1b516d23)
Start importing Assets/Simple UI/Simple Vector Icons/128px/UI_Icon_TurnAround.png using Guid(27400ccb2f7ec4b4a88e2a0c8c080b95) Importer(2089858483,0ecaa5967403d082aa24f35e1b516d23) Generated GUIDs only implemented for interfaces!
 -> (artifact id: '69f641e358bef71a953842833ec31f1d') in 0.108455 seconds
Number of updated asset objects reloaded before import = 0
Number of asset objects unloaded after import = 3
========================================================================
Received Prepare
Refreshing native plugins compatible for Editor in 20.40 ms, found 2 plugins.
Preloading 0 native plugins for Editor in 0.00 ms.
Unloading 3 Unused Serialized files (Serialized files now loaded: 0)
Unloading 3 unused Assets / (381.1 KB). Loaded Objects now: 3044.
Memory consumption went from 78.4 MB to 78.1 MB.
Total: 11.215200 ms (FindLiveObjects: 0.220500 ms CreateObjectMapping: 0.221500 ms MarkObjects: 10.576900 ms  DeleteObjects: 0.194900 ms)

Prepare: number of updated asset objects reloaded= 1
AssetImportParameters requested are different than current active one (requested -> active):
  custom:video-decoder-webm-vp8: 9c59270c3fd7afecdb556c50c9e8de78 -> 
  custom:SearchIndexIgnoredProperties: e643bd26f0fe6173181afceb89e7c659 -> 
  custom:container-demuxer-ogg: 62fdf1f143b41e24485cea50d1cbac27 -> 
  custom:AudioImporter_EditorPlatform: d09bf68614088b80899f8185d706f6e7 -> 
  custom:video-codec-MediaFoundation-h265: 746d11721c4dcdbdad8f713fa42b33f4 -> 
  custom:video-decoder-ogg-theora: a1e56fd34408186e4bbccfd4996cb3dc -> 
  custom:framework-win-MediaFoundation: 216162199b28c13a410421893ffa2e32 -> 
  custom:video-encoder-webm-vp8: eb34c28f22e8b96e1ab97ce403110664 -> 
  custom:audio-decoder-ogg-vorbis: bf7c407c2cedff20999df2af8eb42d56 -> 
  custom:CustomObjectIndexerAttribute: 756ad292c208cfabdd7b50bc23989ffe -> 
  custom:container-demuxer-webm: 4f35f7cbe854078d1ac9338744f61a02 -> 
  custom:audio-encoder-webm-vorbis: bf7c407c2cedff20999df2af8eb42d56 -> 
  custom:container-muxer-webm: aa71ff27fc2769a1b78a27578f13a17b -> 
========================================================================
Received Prepare
Refreshing native plugins compatible for Editor in 16.63 ms, found 2 plugins.
Preloading 0 native plugins for Editor in 0.00 ms.
Unloading 3 Unused Serialized files (Serialized files now loaded: 0)
Unloading 3 unused Assets / (381.1 KB). Loaded Objects now: 3044.
Memory consumption went from 78.4 MB to 78.1 MB.
Total: 9.800200 ms (FindLiveObjects: 0.209900 ms CreateObjectMapping: 0.172900 ms MarkObjects: 9.206500 ms  DeleteObjects: 0.209600 ms)

Prepare: number of updated asset objects reloaded= 0
AssetImportParameters requested are different than current active one (requested -> active):
  custom:video-decoder-webm-vp8: 9c59270c3fd7afecdb556c50c9e8de78 -> 
  custom:SearchIndexIgnoredProperties: e643bd26f0fe6173181afceb89e7c659 -> 
  custom:container-demuxer-ogg: 62fdf1f143b41e24485cea50d1cbac27 -> 
  custom:AudioImporter_EditorPlatform: d09bf68614088b80899f8185d706f6e7 -> 
  custom:video-codec-MediaFoundation-h265: 746d11721c4dcdbdad8f713fa42b33f4 -> 
  custom:video-decoder-ogg-theora: a1e56fd34408186e4bbccfd4996cb3dc -> 
  custom:framework-win-MediaFoundation: 216162199b28c13a410421893ffa2e32 -> 
  custom:video-encoder-webm-vp8: eb34c28f22e8b96e1ab97ce403110664 -> 
  custom:audio-decoder-ogg-vorbis: bf7c407c2cedff20999df2af8eb42d56 -> 
  custom:CustomObjectIndexerAttribute: 756ad292c208cfabdd7b50bc23989ffe -> 
  custom:container-demuxer-webm: 4f35f7cbe854078d1ac9338744f61a02 -> 
  custom:audio-encoder-webm-vorbis: bf7c407c2cedff20999df2af8eb42d56 -> 
  custom:container-muxer-webm: aa71ff27fc2769a1b78a27578f13a17b -> 
========================================================================
Received Import Request.
  Time since last request: 172.815143 seconds.
  path: Assets/Scripts/back2.jpg
  artifactKey: Guid(832944245742d4f4790b9ebb0138dbb2) Importer(815301076,1909f56bfc062723c751e8b465ee728b)
Start importing Assets/Scripts/back2.jpg using Guid(832944245742d4f4790b9ebb0138dbb2) Importer(815301076,1909f56bfc062723c751e8b465ee728b)  -> (artifact id: '2ec4b3c368f957fffbba786bb252923a') in 0.180604 seconds
Number of updated asset objects reloaded before import = 0
Number of asset objects unloaded after import = 3
========================================================================
Received Prepare
Begin MonoManager ReloadAssembly
Symbol file LoadedFromMemory is not a mono symbol file
- Loaded All Assemblies, in  0.935 seconds
Refreshing native plugins compatible for Editor in 15.26 ms, found 2 plugins.
Native extension for WindowsStandalone target not found
Native extension for Android target not found
Native extension for WebGL target not found
[Package Manager] Server::EnsureServerProcessIsRunning -- launch failed, reason: Unity was launched with the -noUpm command-line argument
[Package Manager] UpmClient::Send -- Unable to send message (not connected to UPM process).
[Package Manager] Cannot connect to Unity Package Manager local server
Mono: successfully reloaded assembly
- Finished resetting the current domain, in  1.103 seconds
Domain Reload Profiling: 2035ms
	BeginReloadAssembly (508ms)
		ExecutionOrderSort (0ms)
		DisableScriptedObjects (12ms)
		BackupInstance (0ms)
		ReleaseScriptingObjects (0ms)
		CreateAndSetChildDomain (40ms)
	RebuildCommonClasses (45ms)
	RebuildNativeTypeToScriptingClass (12ms)
	initialDomainReloadingComplete (35ms)
	LoadAllAssembliesAndSetupDomain (332ms)
		LoadAssemblies (417ms)
		RebuildTransferFunctionScriptingTraits (0ms)
		AnalyzeDomain (73ms)
			TypeCache.Refresh (51ms)
				TypeCache.ScanAssembly (41ms)
			ScanForSourceGeneratedMonoScriptInfo (17ms)
			ResolveRequiredComponents (4ms)
	FinalizeReload (1103ms)
		ReleaseScriptCaches (0ms)
		RebuildScriptCaches (0ms)
		SetupLoadedEditorAssemblies (654ms)
			LogAssemblyErrors (0ms)
			InitializePlatformSupportModulesInManaged (41ms)
			SetLoadedEditorAssemblies (4ms)
			RefreshPlugins (0ms)
			BeforeProcessingInitializeOnLoad (99ms)
			ProcessInitializeOnLoadAttributes (328ms)
			ProcessInitializeOnLoadMethodAttributes (170ms)
			AfterProcessingInitializeOnLoad (12ms)
			EditorAssembliesLoaded (0ms)
		ExecutionOrderSort2 (0ms)
		AwakeInstancesAfterBackupRestoration (9ms)
Refreshing native plugins compatible for Editor in 14.98 ms, found 2 plugins.
Preloading 0 native plugins for Editor in 0.00 ms.
Unloading 2615 Unused Serialized files (Serialized files now loaded: 0)
Unloading 96 unused Assets / (383.2 KB). Loaded Objects now: 3052.
Memory consumption went from 120.7 MB to 120.3 MB.
Total: 6.224500 ms (FindLiveObjects: 0.215500 ms CreateObjectMapping: 0.210700 ms MarkObjects: 5.533600 ms  DeleteObjects: 0.263600 ms)

Prepare: number of updated asset objects reloaded= 0
AssetImportParameters requested are different than current active one (requested -> active):
  custom:video-decoder-webm-vp8: 9c59270c3fd7afecdb556c50c9e8de78 -> 
  custom:SearchIndexIgnoredProperties: e643bd26f0fe6173181afceb89e7c659 -> 
  custom:container-demuxer-ogg: 62fdf1f143b41e24485cea50d1cbac27 -> 
  custom:AudioImporter_EditorPlatform: d09bf68614088b80899f8185d706f6e7 -> 
  custom:video-codec-MediaFoundation-h265: 746d11721c4dcdbdad8f713fa42b33f4 -> 
  custom:video-decoder-ogg-theora: a1e56fd34408186e4bbccfd4996cb3dc -> 
  custom:framework-win-MediaFoundation: 216162199b28c13a410421893ffa2e32 -> 
  custom:video-encoder-webm-vp8: eb34c28f22e8b96e1ab97ce403110664 -> 
  custom:audio-decoder-ogg-vorbis: bf7c407c2cedff20999df2af8eb42d56 -> 
  custom:CustomObjectIndexerAttribute: 756ad292c208cfabdd7b50bc23989ffe -> 
  custom:container-demuxer-webm: 4f35f7cbe854078d1ac9338744f61a02 -> 
  custom:audio-encoder-webm-vorbis: bf7c407c2cedff20999df2af8eb42d56 -> 
  custom:container-muxer-webm: aa71ff27fc2769a1b78a27578f13a17b -> 
========================================================================
Received Prepare
Refreshing native plugins compatible for Editor in 14.04 ms, found 2 plugins.
Preloading 0 native plugins for Editor in 0.00 ms.
Unloading 3 Unused Serialized files (Serialized files now loaded: 0)
Unloading 3 unused Assets / (349.5 KB). Loaded Objects now: 3052.
Memory consumption went from 79.6 MB to 79.3 MB.
Total: 6.387100 ms (FindLiveObjects: 0.241600 ms CreateObjectMapping: 0.220300 ms MarkObjects: 5.723300 ms  DeleteObjects: 0.200500 ms)

Prepare: number of updated asset objects reloaded= 0
AssetImportParameters requested are different than current active one (requested -> active):
  custom:video-decoder-webm-vp8: 9c59270c3fd7afecdb556c50c9e8de78 -> 
  custom:SearchIndexIgnoredProperties: e643bd26f0fe6173181afceb89e7c659 -> 
  custom:container-demuxer-ogg: 62fdf1f143b41e24485cea50d1cbac27 -> 
  custom:AudioImporter_EditorPlatform: d09bf68614088b80899f8185d706f6e7 -> 
  custom:video-codec-MediaFoundation-h265: 746d11721c4dcdbdad8f713fa42b33f4 -> 
  custom:video-decoder-ogg-theora: a1e56fd34408186e4bbccfd4996cb3dc -> 
  custom:framework-win-MediaFoundation: 216162199b28c13a410421893ffa2e32 -> 
  custom:video-encoder-webm-vp8: eb34c28f22e8b96e1ab97ce403110664 -> 
  custom:audio-decoder-ogg-vorbis: bf7c407c2cedff20999df2af8eb42d56 -> 
  custom:CustomObjectIndexerAttribute: 756ad292c208cfabdd7b50bc23989ffe -> 
  custom:container-demuxer-webm: 4f35f7cbe854078d1ac9338744f61a02 -> 
  custom:audio-encoder-webm-vorbis: bf7c407c2cedff20999df2af8eb42d56 -> 
  custom:container-muxer-webm: aa71ff27fc2769a1b78a27578f13a17b -> 
========================================================================
Received Prepare
Refreshing native plugins compatible for Editor in 15.08 ms, found 2 plugins.
Preloading 0 native plugins for Editor in 0.00 ms.
Unloading 3 Unused Serialized files (Serialized files now loaded: 0)
Unloading 3 unused Assets / (349.5 KB). Loaded Objects now: 3052.
Memory consumption went from 79.4 MB to 79.1 MB.
Total: 6.552400 ms (FindLiveObjects: 0.227400 ms CreateObjectMapping: 0.171900 ms MarkObjects: 5.936400 ms  DeleteObjects: 0.215200 ms)

Prepare: number of updated asset objects reloaded= 0
AssetImportParameters requested are different than current active one (requested -> active):
  custom:video-decoder-webm-vp8: 9c59270c3fd7afecdb556c50c9e8de78 -> 
  custom:SearchIndexIgnoredProperties: e643bd26f0fe6173181afceb89e7c659 -> 
  custom:container-demuxer-ogg: 62fdf1f143b41e24485cea50d1cbac27 -> 
  custom:AudioImporter_EditorPlatform: d09bf68614088b80899f8185d706f6e7 -> 
  custom:video-codec-MediaFoundation-h265: 746d11721c4dcdbdad8f713fa42b33f4 -> 
  custom:video-decoder-ogg-theora: a1e56fd34408186e4bbccfd4996cb3dc -> 
  custom:framework-win-MediaFoundation: 216162199b28c13a410421893ffa2e32 -> 
  custom:video-encoder-webm-vp8: eb34c28f22e8b96e1ab97ce403110664 -> 
  custom:audio-decoder-ogg-vorbis: bf7c407c2cedff20999df2af8eb42d56 -> 
  custom:CustomObjectIndexerAttribute: 756ad292c208cfabdd7b50bc23989ffe -> 
  custom:container-demuxer-webm: 4f35f7cbe854078d1ac9338744f61a02 -> 
  custom:audio-encoder-webm-vorbis: bf7c407c2cedff20999df2af8eb42d56 -> 
  custom:container-muxer-webm: aa71ff27fc2769a1b78a27578f13a17b -> 
========================================================================
Received Prepare
Refreshing native plugins compatible for Editor in 16.38 ms, found 2 plugins.
Preloading 0 native plugins for Editor in 0.00 ms.
Unloading 3 Unused Serialized files (Serialized files now loaded: 0)
Unloading 3 unused Assets / (349.5 KB). Loaded Objects now: 3052.
Memory consumption went from 79.4 MB to 79.1 MB.
Total: 6.927500 ms (FindLiveObjects: 0.220200 ms CreateObjectMapping: 0.162400 ms MarkObjects: 6.143500 ms  DeleteObjects: 0.399800 ms)

Prepare: number of updated asset objects reloaded= 0
AssetImportParameters requested are different than current active one (requested -> active):
  custom:video-decoder-webm-vp8: 9c59270c3fd7afecdb556c50c9e8de78 -> 
  custom:SearchIndexIgnoredProperties: e643bd26f0fe6173181afceb89e7c659 -> 
  custom:container-demuxer-ogg: 62fdf1f143b41e24485cea50d1cbac27 -> 
  custom:AudioImporter_EditorPlatform: d09bf68614088b80899f8185d706f6e7 -> 
  custom:video-codec-MediaFoundation-h265: 746d11721c4dcdbdad8f713fa42b33f4 -> 
  custom:video-decoder-ogg-theora: a1e56fd34408186e4bbccfd4996cb3dc -> 
  custom:framework-win-MediaFoundation: 216162199b28c13a410421893ffa2e32 -> 
  custom:video-encoder-webm-vp8: eb34c28f22e8b96e1ab97ce403110664 -> 
  custom:audio-decoder-ogg-vorbis: bf7c407c2cedff20999df2af8eb42d56 -> 
  custom:CustomObjectIndexerAttribute: 756ad292c208cfabdd7b50bc23989ffe -> 
  custom:container-demuxer-webm: 4f35f7cbe854078d1ac9338744f61a02 -> 
  custom:audio-encoder-webm-vorbis: bf7c407c2cedff20999df2af8eb42d56 -> 
  custom:container-muxer-webm: aa71ff27fc2769a1b78a27578f13a17b -> 
