Using pre-set license
Built from '2022.3/staging' branch; Version is '2022.3.13f1 (5f90a5ebde0f) revision 6262949'; Using compiler version '192829333'; Build Type 'Release'
OS: 'Windows 11  (10.0.22631) 64bit Professional' Language: 'ja' Physical Memory: 32593 MB
BatchMode: 1, IsHumanControllingUs: 0, StartBugReporterOnCrash: 0, Is64bit: 1, IsPro: 1

COMMAND LINE ARGUMENTS:
C:\Users\sono8\Unity\2022.3.13f1\Editor\Unity.exe
-adb2
-batchMode
-noUpm
-name
AssetImportWorker1
-projectPath
D:/Unity/Projects/Planet-Pinball
-logFile
Logs/AssetImportWorker1.log
-srvPort
59282
Successfully changed project path to: D:/Unity/Projects/Planet-Pinball
D:/Unity/Projects/Planet-Pinball
[UnityMemory] Configuration Parameters - Can be set up in boot.config
    "memorysetup-bucket-allocator-granularity=16"
    "memorysetup-bucket-allocator-bucket-count=8"
    "memorysetup-bucket-allocator-block-size=33554432"
    "memorysetup-bucket-allocator-block-count=8"
    "memorysetup-main-allocator-block-size=16777216"
    "memorysetup-thread-allocator-block-size=16777216"
    "memorysetup-gfx-main-allocator-block-size=16777216"
    "memorysetup-gfx-thread-allocator-block-size=16777216"
    "memorysetup-cache-allocator-block-size=4194304"
    "memorysetup-typetree-allocator-block-size=2097152"
    "memorysetup-profiler-bucket-allocator-granularity=16"
    "memorysetup-profiler-bucket-allocator-bucket-count=8"
    "memorysetup-profiler-bucket-allocator-block-size=33554432"
    "memorysetup-profiler-bucket-allocator-block-count=8"
    "memorysetup-profiler-allocator-block-size=16777216"
    "memorysetup-profiler-editor-allocator-block-size=1048576"
    "memorysetup-temp-allocator-size-main=16777216"
    "memorysetup-job-temp-allocator-block-size=2097152"
    "memorysetup-job-temp-allocator-block-size-background=1048576"
    "memorysetup-job-temp-allocator-reduction-small-platforms=262144"
    "memorysetup-allocator-temp-initial-block-size-main=262144"
    "memorysetup-allocator-temp-initial-block-size-worker=262144"
    "memorysetup-temp-allocator-size-background-worker=32768"
    "memorysetup-temp-allocator-size-job-worker=262144"
    "memorysetup-temp-allocator-size-preload-manager=33554432"
    "memorysetup-temp-allocator-size-nav-mesh-worker=65536"
    "memorysetup-temp-allocator-size-audio-worker=65536"
    "memorysetup-temp-allocator-size-cloud-worker=32768"
    "memorysetup-temp-allocator-size-gi-baking-worker=262144"
    "memorysetup-temp-allocator-size-gfx=262144"
Unable to join player connection multicast group (err: 10013).
Player connection [32024] Host "[IP] 172.23.32.1 [Port] 0 [Flags] 2 [Guid] 4144985163 [EditorId] 4144985163 [Version] 1048832 [Id] WindowsEditor(7,DESKTOP-FCEJOI9) [Debug] 1 [PackageName] WindowsEditor [ProjectName] Editor" joined alternative multi-casting on [225.0.0.222:34997]...

[Physics::Module] Initialized MultithreadedJobDispatcher with 7 workers.
Refreshing native plugins compatible for Editor in 23.59 ms, found 2 plugins.
Preloading 0 native plugins for Editor in 0.00 ms.
Initialize engine version: 2022.3.13f1 (5f90a5ebde0f)
[Subsystems] Discovering subsystems at path C:/Users/sono8/Unity/2022.3.13f1/Editor/Data/Resources/UnitySubsystems
[Subsystems] Discovering subsystems at path D:/Unity/Projects/Planet-Pinball/Assets
GfxDevice: creating device client; threaded=0; jobified=0
Direct3D:
    Version:  Direct3D 11.0 [level 11.1]
    Renderer: NVIDIA GeForce RTX 2070 SUPER (ID=0x1e84)
    Vendor:   NVIDIA
    VRAM:     7989 MB
    Driver:   31.0.15.5168
Initialize mono
Mono path[0] = 'C:/Users/sono8/Unity/2022.3.13f1/Editor/Data/Managed'
Mono path[1] = 'C:/Users/sono8/Unity/2022.3.13f1/Editor/Data/MonoBleedingEdge/lib/mono/unityjit-win32'
Mono config path = 'C:/Users/sono8/Unity/2022.3.13f1/Editor/Data/MonoBleedingEdge/etc'
Using monoOptions --debugger-agent=transport=dt_socket,embedding=1,server=y,suspend=n,address=127.0.0.1:56524
Begin MonoManager ReloadAssembly
Registering precompiled unity dll's ...
Register platform support module: C:/Users/sono8/Unity/2022.3.13f1/Editor/Data/PlaybackEngines/WebGLSupport/UnityEditor.WebGL.Extensions.dll
Register platform support module: C:/Users/sono8/Unity/2022.3.13f1/Editor/Data/PlaybackEngines/AndroidPlayer/UnityEditor.Android.Extensions.dll
Register platform support module: C:/Users/sono8/Unity/2022.3.13f1/Editor/Data/PlaybackEngines/WindowsStandaloneSupport/UnityEditor.WindowsStandalone.Extensions.dll
Registered in 0.014341 seconds.
- Loaded All Assemblies, in  0.445 seconds
Native extension for WindowsStandalone target not found
Native extension for Android target not found
Android Extension - Scanning For ADB Devices 355 ms
Native extension for WebGL target not found
Mono: successfully reloaded assembly
- Finished resetting the current domain, in  0.690 seconds
Domain Reload Profiling: 1133ms
	BeginReloadAssembly (163ms)
		ExecutionOrderSort (0ms)
		DisableScriptedObjects (0ms)
		BackupInstance (0ms)
		ReleaseScriptingObjects (0ms)
		CreateAndSetChildDomain (1ms)
	RebuildCommonClasses (36ms)
	RebuildNativeTypeToScriptingClass (10ms)
	initialDomainReloadingComplete (66ms)
	LoadAllAssembliesAndSetupDomain (167ms)
		LoadAssemblies (163ms)
		RebuildTransferFunctionScriptingTraits (0ms)
		AnalyzeDomain (162ms)
			TypeCache.Refresh (161ms)
				TypeCache.ScanAssembly (148ms)
			ScanForSourceGeneratedMonoScriptInfo (0ms)
			ResolveRequiredComponents (0ms)
	FinalizeReload (690ms)
		ReleaseScriptCaches (0ms)
		RebuildScriptCaches (0ms)
		SetupLoadedEditorAssemblies (630ms)
			LogAssemblyErrors (0ms)
			InitializePlatformSupportModulesInManaged (471ms)
			SetLoadedEditorAssemblies (4ms)
			RefreshPlugins (0ms)
			BeforeProcessingInitializeOnLoad (3ms)
			ProcessInitializeOnLoadAttributes (100ms)
			ProcessInitializeOnLoadMethodAttributes (52ms)
			AfterProcessingInitializeOnLoad (0ms)
			EditorAssembliesLoaded (0ms)
		ExecutionOrderSort2 (0ms)
		AwakeInstancesAfterBackupRestoration (0ms)
========================================================================
Worker process is ready to serve import requests
Begin MonoManager ReloadAssembly
Symbol file LoadedFromMemory is not a mono symbol file
- Loaded All Assemblies, in  0.738 seconds
Refreshing native plugins compatible for Editor in 13.80 ms, found 2 plugins.
Native extension for WindowsStandalone target not found
Native extension for Android target not found
Native extension for WebGL target not found
Package Manager log level set to [2]
[Package Manager] Server::EnsureServerProcessIsRunning -- launch failed, reason: Unity was launched with the -noUpm command-line argument
[Package Manager] UpmClient::Send -- Unable to send message (not connected to UPM process).
[Package Manager] Cannot connect to Unity Package Manager local server
Mono: successfully reloaded assembly
- Finished resetting the current domain, in  0.788 seconds
Domain Reload Profiling: 1523ms
	BeginReloadAssembly (212ms)
		ExecutionOrderSort (0ms)
		DisableScriptedObjects (6ms)
		BackupInstance (0ms)
		ReleaseScriptingObjects (0ms)
		CreateAndSetChildDomain (22ms)
	RebuildCommonClasses (38ms)
	RebuildNativeTypeToScriptingClass (10ms)
	initialDomainReloadingComplete (46ms)
	LoadAllAssembliesAndSetupDomain (429ms)
		LoadAssemblies (435ms)
		RebuildTransferFunctionScriptingTraits (0ms)
		AnalyzeDomain (144ms)
			TypeCache.Refresh (122ms)
				TypeCache.ScanAssembly (101ms)
			ScanForSourceGeneratedMonoScriptInfo (18ms)
			ResolveRequiredComponents (3ms)
	FinalizeReload (788ms)
		ReleaseScriptCaches (0ms)
		RebuildScriptCaches (0ms)
		SetupLoadedEditorAssemblies (631ms)
			LogAssemblyErrors (0ms)
			InitializePlatformSupportModulesInManaged (32ms)
			SetLoadedEditorAssemblies (4ms)
			RefreshPlugins (0ms)
			BeforeProcessingInitializeOnLoad (81ms)
			ProcessInitializeOnLoadAttributes (324ms)
			ProcessInitializeOnLoadMethodAttributes (180ms)
			AfterProcessingInitializeOnLoad (10ms)
			EditorAssembliesLoaded (0ms)
		ExecutionOrderSort2 (0ms)
		AwakeInstancesAfterBackupRestoration (7ms)
Launched and connected shader compiler UnityShaderCompiler.exe after 0.05 seconds
Refreshing native plugins compatible for Editor in 13.48 ms, found 2 plugins.
Preloading 0 native plugins for Editor in 0.00 ms.
Unloading 2630 Unused Serialized files (Serialized files now loaded: 0)
Unloading 105 unused Assets / (410.9 KB). Loaded Objects now: 3041.
Memory consumption went from 121.8 MB to 121.4 MB.
Total: 6.463900 ms (FindLiveObjects: 0.210700 ms CreateObjectMapping: 0.197700 ms MarkObjects: 5.759900 ms  DeleteObjects: 0.294100 ms)

AssetImportParameters requested are different than current active one (requested -> active):
  custom:video-decoder-webm-vp8: 9c59270c3fd7afecdb556c50c9e8de78 -> 
  custom:SearchIndexIgnoredProperties: e643bd26f0fe6173181afceb89e7c659 -> 
  custom:container-demuxer-ogg: 62fdf1f143b41e24485cea50d1cbac27 -> 
  custom:AudioImporter_EditorPlatform: d09bf68614088b80899f8185d706f6e7 -> 
  custom:video-codec-MediaFoundation-h265: 746d11721c4dcdbdad8f713fa42b33f4 -> 
  custom:video-decoder-ogg-theora: a1e56fd34408186e4bbccfd4996cb3dc -> 
  custom:framework-win-MediaFoundation: 216162199b28c13a410421893ffa2e32 -> 
  custom:video-encoder-webm-vp8: eb34c28f22e8b96e1ab97ce403110664 -> 
  custom:audio-decoder-ogg-vorbis: bf7c407c2cedff20999df2af8eb42d56 -> 
  custom:CustomObjectIndexerAttribute: 756ad292c208cfabdd7b50bc23989ffe -> 
  custom:container-demuxer-webm: 4f35f7cbe854078d1ac9338744f61a02 -> 
  custom:audio-encoder-webm-vorbis: bf7c407c2cedff20999df2af8eb42d56 -> 
  custom:container-muxer-webm: aa71ff27fc2769a1b78a27578f13a17b -> 
========================================================================
Received Import Request.
  Time since last request: 256748.627787 seconds.
  path: Assets/Materials/eff_par_2.mat
  artifactKey: Guid(c91ba1d1494094ae0aa8fdd96e171933) Importer(2089858483,0ecaa5967403d082aa24f35e1b516d23)
Start importing Assets/Materials/eff_par_2.mat using Guid(c91ba1d1494094ae0aa8fdd96e171933) Importer(2089858483,0ecaa5967403d082aa24f35e1b516d23) Generated GUIDs only implemented for interfaces!
 -> (artifact id: '436082d8cfee9dac62ff54e2e70bcb09') in 0.173732 seconds
Number of updated asset objects reloaded before import = 0
Number of asset objects unloaded after import = 2
========================================================================
Received Import Request.
  Time since last request: 0.000023 seconds.
  path: Assets/Scenes/TitleSettings.lighting
  artifactKey: Guid(2e14b9d78a5057d40a6dfc93e9c55408) Importer(2089858483,0ecaa5967403d082aa24f35e1b516d23)
Start importing Assets/Scenes/TitleSettings.lighting using Guid(2e14b9d78a5057d40a6dfc93e9c55408) Importer(2089858483,0ecaa5967403d082aa24f35e1b516d23) LightingSettings: switching bake backend from 1 to 0.
Generated GUIDs only implemented for interfaces!
 -> (artifact id: '03a005cd2cf0c128900b1e42d3173f96') in 0.035299 seconds
Number of updated asset objects reloaded before import = 0
Number of asset objects unloaded after import = 1
========================================================================
Received Import Request.
  Time since last request: 0.000074 seconds.
  path: Assets/Sprites/Back_Flash.anim
  artifactKey: Guid(6fb45692360841a469e869869ea61768) Importer(2089858483,0ecaa5967403d082aa24f35e1b516d23)
Start importing Assets/Sprites/Back_Flash.anim using Guid(6fb45692360841a469e869869ea61768) Importer(2089858483,0ecaa5967403d082aa24f35e1b516d23) Generated GUIDs only implemented for interfaces!
 -> (artifact id: 'd7a96a278531c80bc047de3921c5b9d4') in 0.031151 seconds
Number of updated asset objects reloaded before import = 0
Number of asset objects unloaded after import = 1
========================================================================
Received Import Request.
  Time since last request: 0.000073 seconds.
  path: Assets/Materials/eff_glitter_2.mat
  artifactKey: Guid(ab6d36e9c16ce4fbea9b063c3ee8e129) Importer(2089858483,0ecaa5967403d082aa24f35e1b516d23)
Start importing Assets/Materials/eff_glitter_2.mat using Guid(ab6d36e9c16ce4fbea9b063c3ee8e129) Importer(2089858483,0ecaa5967403d082aa24f35e1b516d23) Generated GUIDs only implemented for interfaces!
 -> (artifact id: 'afbe9d9e545f20de35617d77203a50d2') in 0.059074 seconds
Number of updated asset objects reloaded before import = 0
Number of asset objects unloaded after import = 2
========================================================================
Received Import Request.
  Time since last request: 0.000014 seconds.
  path: Assets/Materials/Sun.mat
  artifactKey: Guid(b0f5cd57c17911d48a893d64e5eb9b43) Importer(2089858483,0ecaa5967403d082aa24f35e1b516d23)
Start importing Assets/Materials/Sun.mat using Guid(b0f5cd57c17911d48a893d64e5eb9b43) Importer(2089858483,0ecaa5967403d082aa24f35e1b516d23) Generated GUIDs only implemented for interfaces!
 -> (artifact id: 'df3e37cd7f3df1565a766fe72f0b2700') in 0.064615 seconds
Number of updated asset objects reloaded before import = 0
Number of asset objects unloaded after import = 2
========================================================================
Received Import Request.
  Time since last request: 0.000015 seconds.
  path: Assets/Scenes/ResultSettings.lighting
  artifactKey: Guid(490fa6f8a875f33489df4bcd9fdb69ec) Importer(2089858483,0ecaa5967403d082aa24f35e1b516d23)
Start importing Assets/Scenes/ResultSettings.lighting using Guid(490fa6f8a875f33489df4bcd9fdb69ec) Importer(2089858483,0ecaa5967403d082aa24f35e1b516d23) LightingSettings: switching bake backend from 1 to 0.
Generated GUIDs only implemented for interfaces!
 -> (artifact id: '6911cb638b3a5cf1c5a68bbf78b2aaad') in 0.045078 seconds
Number of updated asset objects reloaded before import = 0
Number of asset objects unloaded after import = 1
========================================================================
Received Import Request.
  Time since last request: 0.000081 seconds.
  path: Assets/Materials/eff_ring_1.mat
  artifactKey: Guid(2fbac1fb84fe14c79944e97176473868) Importer(2089858483,0ecaa5967403d082aa24f35e1b516d23)
Start importing Assets/Materials/eff_ring_1.mat using Guid(2fbac1fb84fe14c79944e97176473868) Importer(2089858483,0ecaa5967403d082aa24f35e1b516d23) Generated GUIDs only implemented for interfaces!
 -> (artifact id: 'e3d3dbe77d6319ab77a63450b0d16c7f') in 0.058250 seconds
Number of updated asset objects reloaded before import = 0
Number of asset objects unloaded after import = 2
========================================================================
Received Import Request.
  Time since last request: 0.000014 seconds.
  path: Assets/Prefabs/LifeCount.prefab
  artifactKey: Guid(b1d2f2bf117f556468164a4f05a023c5) Importer(2089858483,0ecaa5967403d082aa24f35e1b516d23)
Start importing Assets/Prefabs/LifeCount.prefab using Guid(b1d2f2bf117f556468164a4f05a023c5) Importer(2089858483,0ecaa5967403d082aa24f35e1b516d23) Generated GUIDs only implemented for interfaces!
 -> (artifact id: '6b7a77da065c51a17bb13936df127ada') in 0.042381 seconds
Number of updated asset objects reloaded before import = 0
Number of asset objects unloaded after import = 24
========================================================================
Received Import Request.
  Time since last request: 0.000013 seconds.
  path: Assets/Scripts/Result.cs
  artifactKey: Guid(22aa6669b7e56654db8be7f1be1823a5) Importer(2089858483,0ecaa5967403d082aa24f35e1b516d23)
Start importing Assets/Scripts/Result.cs using Guid(22aa6669b7e56654db8be7f1be1823a5) Importer(2089858483,0ecaa5967403d082aa24f35e1b516d23) Generated GUIDs only implemented for interfaces!
 -> (artifact id: '55bf2868f4c8aec7e4bb60bfa5a31f16') in 0.009787 seconds
Number of updated asset objects reloaded before import = 0
Number of asset objects unloaded after import = 1
========================================================================
Received Import Request.
  Time since last request: 0.000114 seconds.
  path: Assets/Prefabs/Saturn.prefab
  artifactKey: Guid(06ddc932092f0714ab1d6a0d089a053f) Importer(2089858483,0ecaa5967403d082aa24f35e1b516d23)
Start importing Assets/Prefabs/Saturn.prefab using Guid(06ddc932092f0714ab1d6a0d089a053f) Importer(2089858483,0ecaa5967403d082aa24f35e1b516d23) Generated GUIDs only implemented for interfaces!
 -> (artifact id: 'afa081d47477a9d81a76665ecf4f34b7') in 0.042706 seconds
Number of updated asset objects reloaded before import = 0
Number of asset objects unloaded after import = 10
========================================================================
Received Import Request.
  Time since last request: 0.000075 seconds.
  path: Assets/Sprites/mer0muu2.jpg
  artifactKey: Guid(c9fcb2cfdd1f1b043a7274bf6cbb8759) Importer(2089858483,0ecaa5967403d082aa24f35e1b516d23)
Start importing Assets/Sprites/mer0muu2.jpg using Guid(c9fcb2cfdd1f1b043a7274bf6cbb8759) Importer(2089858483,0ecaa5967403d082aa24f35e1b516d23) Generated GUIDs only implemented for interfaces!
 -> (artifact id: '1b1c0c006ec5ba466c2d0838a13b9927') in 0.106233 seconds
Number of updated asset objects reloaded before import = 0
Number of asset objects unloaded after import = 1
========================================================================
Received Import Request.
  Time since last request: 0.000071 seconds.
  path: Assets/Scripts/CameraController.cs
  artifactKey: Guid(a6b64b510b860604bbfa24e32a2035d0) Importer(2089858483,0ecaa5967403d082aa24f35e1b516d23)
Start importing Assets/Scripts/CameraController.cs using Guid(a6b64b510b860604bbfa24e32a2035d0) Importer(2089858483,0ecaa5967403d082aa24f35e1b516d23) Generated GUIDs only implemented for interfaces!
 -> (artifact id: '377bc20eb39ae2ac83ea37663db6e919') in 0.216755 seconds
Number of updated asset objects reloaded before import = 0
Number of asset objects unloaded after import = 1
========================================================================
Received Import Request.
  Time since last request: 0.000020 seconds.
  path: Assets/Scripts/PlanetController.cs
  artifactKey: Guid(554e77405cdcd794c989e3a8795a1662) Importer(2089858483,0ecaa5967403d082aa24f35e1b516d23)
Start importing Assets/Scripts/PlanetController.cs using Guid(554e77405cdcd794c989e3a8795a1662) Importer(2089858483,0ecaa5967403d082aa24f35e1b516d23) Generated GUIDs only implemented for interfaces!
 -> (artifact id: '9386fd322e5aec1a05e235111cfe7a42') in 0.097850 seconds
Number of updated asset objects reloaded before import = 0
Number of asset objects unloaded after import = 1
========================================================================
Received Import Request.
  Time since last request: 0.000193 seconds.
  path: Assets/Resources/shot1.mp3
  artifactKey: Guid(29f18eeaf81ed264e8299cff36e280b0) Importer(2089858483,0ecaa5967403d082aa24f35e1b516d23)
Start importing Assets/Resources/shot1.mp3 using Guid(29f18eeaf81ed264e8299cff36e280b0) Importer(2089858483,0ecaa5967403d082aa24f35e1b516d23) Generated GUIDs only implemented for interfaces!
 -> (artifact id: 'ef9c6a57ada315f4495d5b2bf34977e7') in 0.154961 seconds
Number of updated asset objects reloaded before import = 0
Number of asset objects unloaded after import = 1
========================================================================
Received Import Request.
  Time since last request: 0.000015 seconds.
  path: Assets/Prefabs/FadeCanvas.prefab
  artifactKey: Guid(93c7bd9c91cc3f140ae8698af49df618) Importer(2089858483,0ecaa5967403d082aa24f35e1b516d23)
Start importing Assets/Prefabs/FadeCanvas.prefab using Guid(93c7bd9c91cc3f140ae8698af49df618) Importer(2089858483,0ecaa5967403d082aa24f35e1b516d23) Generated GUIDs only implemented for interfaces!
 -> (artifact id: '00f4608417bb7756069fe2ec6ce98d9f') in 0.049203 seconds
Number of updated asset objects reloaded before import = 0
Number of asset objects unloaded after import = 13
========================================================================
Received Import Request.
  Time since last request: 0.000058 seconds.
  path: Assets/Materials/eff_glitter_1.mat
  artifactKey: Guid(8deacecb10135482fa3a8518a7c6f06f) Importer(2089858483,0ecaa5967403d082aa24f35e1b516d23)
Start importing Assets/Materials/eff_glitter_1.mat using Guid(8deacecb10135482fa3a8518a7c6f06f) Importer(2089858483,0ecaa5967403d082aa24f35e1b516d23) Generated GUIDs only implemented for interfaces!
 -> (artifact id: '369a1b28190d96a53c1d3e48a51a3587') in 0.071459 seconds
Number of updated asset objects reloaded before import = 0
Number of asset objects unloaded after import = 2
========================================================================
Received Import Request.
  Time since last request: 0.000019 seconds.
  path: Assets/Sounds/nv_sr.mp3
  artifactKey: Guid(8c7e742a9ac93f141972d8fe9c1a553c) Importer(2089858483,0ecaa5967403d082aa24f35e1b516d23)
Start importing Assets/Sounds/nv_sr.mp3 using Guid(8c7e742a9ac93f141972d8fe9c1a553c) Importer(2089858483,0ecaa5967403d082aa24f35e1b516d23) Generated GUIDs only implemented for interfaces!
 -> (artifact id: '14bdfd8abae791bae4c68a83ea0b106a') in 0.309430 seconds
Number of updated asset objects reloaded before import = 0
Number of asset objects unloaded after import = 1
========================================================================
Received Import Request.
  Time since last request: 0.000022 seconds.
  path: Assets/Textures/eff_wind_1.tga
  artifactKey: Guid(223fa01ee00b345779b86d605360a020) Importer(2089858483,0ecaa5967403d082aa24f35e1b516d23)
Start importing Assets/Textures/eff_wind_1.tga using Guid(223fa01ee00b345779b86d605360a020) Importer(2089858483,0ecaa5967403d082aa24f35e1b516d23) Generated GUIDs only implemented for interfaces!
 -> (artifact id: 'ccb3a22d8bc4053bd9308987a21406a5') in 0.056004 seconds
Number of updated asset objects reloaded before import = 0
Number of asset objects unloaded after import = 1
========================================================================
Received Import Request.
  Time since last request: 0.000117 seconds.
  path: Assets/Textures/Eff_Glitter.png
  artifactKey: Guid(73482fa4c414c4fc794125f12779afa5) Importer(2089858483,0ecaa5967403d082aa24f35e1b516d23)
Start importing Assets/Textures/Eff_Glitter.png using Guid(73482fa4c414c4fc794125f12779afa5) Importer(2089858483,0ecaa5967403d082aa24f35e1b516d23) Generated GUIDs only implemented for interfaces!
 -> (artifact id: '5b0e8a0f91300ac1d15ec78a01afc140') in 0.033609 seconds
Number of updated asset objects reloaded before import = 0
Number of asset objects unloaded after import = 1
========================================================================
Received Import Request.
  Time since last request: 0.000069 seconds.
  path: Assets/GoogleMobileAds/Api/RewardBasedVideoAd.cs
  artifactKey: Guid(c37b2a1ea20574580af643f02302c484) Importer(2089858483,0ecaa5967403d082aa24f35e1b516d23)
Start importing Assets/GoogleMobileAds/Api/RewardBasedVideoAd.cs using Guid(c37b2a1ea20574580af643f02302c484) Importer(2089858483,0ecaa5967403d082aa24f35e1b516d23) Generated GUIDs only implemented for interfaces!
 -> (artifact id: '2d2598d0a850ff5144c37ee1e68aaf40') in 0.011483 seconds
Number of updated asset objects reloaded before import = 0
Number of asset objects unloaded after import = 1
========================================================================
Received Import Request.
  Time since last request: 0.000078 seconds.
  path: Assets/GoogleMobileAds/Api/AdLoader.cs
  artifactKey: Guid(f5474196001554b6da135319d9475e61) Importer(2089858483,0ecaa5967403d082aa24f35e1b516d23)
Start importing Assets/GoogleMobileAds/Api/AdLoader.cs using Guid(f5474196001554b6da135319d9475e61) Importer(2089858483,0ecaa5967403d082aa24f35e1b516d23) Generated GUIDs only implemented for interfaces!
 -> (artifact id: '49f6b95a75a0a3e55a03b62edac638b5') in 0.010719 seconds
Number of updated asset objects reloaded before import = 0
Number of asset objects unloaded after import = 1
========================================================================
Received Import Request.
  Time since last request: 0.000084 seconds.
  path: Assets/GoogleMobileAds/Api/InterstitialAd.cs
  artifactKey: Guid(8e2900126dc684a6aaa9b7afc920845a) Importer(2089858483,0ecaa5967403d082aa24f35e1b516d23)
Start importing Assets/GoogleMobileAds/Api/InterstitialAd.cs using Guid(8e2900126dc684a6aaa9b7afc920845a) Importer(2089858483,0ecaa5967403d082aa24f35e1b516d23) Generated GUIDs only implemented for interfaces!
 -> (artifact id: '71b1f0f27435dd96306b856616d9087d') in 0.010790 seconds
Number of updated asset objects reloaded before import = 0
Number of asset objects unloaded after import = 1
========================================================================
Received Import Request.
  Time since last request: 0.000089 seconds.
  path: Assets/GoogleMobileAds/Api/AdFailedToLoadEventArgs.cs
  artifactKey: Guid(c1ed679d145ef4aa6beec9fdab3505fd) Importer(2089858483,0ecaa5967403d082aa24f35e1b516d23)
Start importing Assets/GoogleMobileAds/Api/AdFailedToLoadEventArgs.cs using Guid(c1ed679d145ef4aa6beec9fdab3505fd) Importer(2089858483,0ecaa5967403d082aa24f35e1b516d23) Generated GUIDs only implemented for interfaces!
 -> (artifact id: 'ab4e3330cbd833ce615b8a993e362981') in 0.011283 seconds
Number of updated asset objects reloaded before import = 0
Number of asset objects unloaded after import = 1
========================================================================
Received Import Request.
  Time since last request: 0.000146 seconds.
  path: Assets/GoogleMobileAds/Api/CustomNativeEventArgs.cs
  artifactKey: Guid(5188b1fa1a1b148ce8e88835595e660d) Importer(2089858483,0ecaa5967403d082aa24f35e1b516d23)
Start importing Assets/GoogleMobileAds/Api/CustomNativeEventArgs.cs using Guid(5188b1fa1a1b148ce8e88835595e660d) Importer(2089858483,0ecaa5967403d082aa24f35e1b516d23) Generated GUIDs only implemented for interfaces!
 -> (artifact id: '559f447bfd06ff607f7766f6104513b0') in 0.014002 seconds
Number of updated asset objects reloaded before import = 0
Number of asset objects unloaded after import = 1
========================================================================
Received Import Request.
  Time since last request: 0.000038 seconds.
  path: Assets/Textures/eff_par_1.tga
  artifactKey: Guid(f8b1a36af41214f079689857ae15f1ea) Importer(2089858483,0ecaa5967403d082aa24f35e1b516d23)
Start importing Assets/Textures/eff_par_1.tga using Guid(f8b1a36af41214f079689857ae15f1ea) Importer(2089858483,0ecaa5967403d082aa24f35e1b516d23) Generated GUIDs only implemented for interfaces!
 -> (artifact id: '0e3491906a0ec0a4526509eb76f25435') in 0.043928 seconds
Number of updated asset objects reloaded before import = 0
Number of asset objects unloaded after import = 1
========================================================================
Received Import Request.
  Time since last request: 0.000059 seconds.
  path: Assets/Sprites/Title Logo.controller
  artifactKey: Guid(504fbd177799d2548a473532ce0644f9) Importer(2089858483,0ecaa5967403d082aa24f35e1b516d23)
Start importing Assets/Sprites/Title Logo.controller using Guid(504fbd177799d2548a473532ce0644f9) Importer(2089858483,0ecaa5967403d082aa24f35e1b516d23) Generated GUIDs only implemented for interfaces!
 -> (artifact id: '0218ec0170e1ff286fc5375713213acb') in 0.041474 seconds
Number of updated asset objects reloaded before import = 0
Number of asset objects unloaded after import = 6
========================================================================
Received Import Request.
  Time since last request: 0.000015 seconds.
  path: Assets/GoogleMobileAds/Api/AdRequest.cs
  artifactKey: Guid(6e84aff9643a4452e934d1efe6ed0323) Importer(2089858483,0ecaa5967403d082aa24f35e1b516d23)
Start importing Assets/GoogleMobileAds/Api/AdRequest.cs using Guid(6e84aff9643a4452e934d1efe6ed0323) Importer(2089858483,0ecaa5967403d082aa24f35e1b516d23) Generated GUIDs only implemented for interfaces!
 -> (artifact id: 'b2fa6441cb8c56937598d78c7e6f1841') in 0.025284 seconds
Number of updated asset objects reloaded before import = 0
Number of asset objects unloaded after import = 1
========================================================================
Received Import Request.
  Time since last request: 0.000063 seconds.
  path: Assets/Textures/Eff_par_2.png
  artifactKey: Guid(9f664f0c0cef24f52b2bc1d28e6fe2d9) Importer(2089858483,0ecaa5967403d082aa24f35e1b516d23)
Start importing Assets/Textures/Eff_par_2.png using Guid(9f664f0c0cef24f52b2bc1d28e6fe2d9) Importer(2089858483,0ecaa5967403d082aa24f35e1b516d23) Generated GUIDs only implemented for interfaces!
 -> (artifact id: 'c04358c1f0a55630e5bb1de1f2bbfb21') in 0.118237 seconds
Number of updated asset objects reloaded before import = 0
Number of asset objects unloaded after import = 1
========================================================================
Received Import Request.
  Time since last request: 0.000102 seconds.
  path: Assets/GoogleMobileAds/Common/Utils.cs
  artifactKey: Guid(39482316a80234c968714f1959838123) Importer(2089858483,0ecaa5967403d082aa24f35e1b516d23)
Start importing Assets/GoogleMobileAds/Common/Utils.cs using Guid(39482316a80234c968714f1959838123) Importer(2089858483,0ecaa5967403d082aa24f35e1b516d23) Generated GUIDs only implemented for interfaces!
 -> (artifact id: '6848c0f1a0dae65d86ff759112907f55') in 0.026748 seconds
Number of updated asset objects reloaded before import = 0
Number of asset objects unloaded after import = 1
========================================================================
Received Import Request.
  Time since last request: 0.000136 seconds.
  path: Assets/GoogleMobileAds/Common/IBannerClient.cs
  artifactKey: Guid(622f4e1f14d7c4b889ca12eb78235e05) Importer(2089858483,0ecaa5967403d082aa24f35e1b516d23)
Start importing Assets/GoogleMobileAds/Common/IBannerClient.cs using Guid(622f4e1f14d7c4b889ca12eb78235e05) Importer(2089858483,0ecaa5967403d082aa24f35e1b516d23) Generated GUIDs only implemented for interfaces!
 -> (artifact id: '8e2777cd396cf6ac4d8f411f62bdd86d') in 0.018528 seconds
Number of updated asset objects reloaded before import = 0
Number of asset objects unloaded after import = 1
========================================================================
Received Import Request.
  Time since last request: 0.000077 seconds.
  path: Assets/Sprites/sat0fds1.jpg
  artifactKey: Guid(1d1dd3a31d82b794b8ed502cf27d5339) Importer(2089858483,0ecaa5967403d082aa24f35e1b516d23)
Start importing Assets/Sprites/sat0fds1.jpg using Guid(1d1dd3a31d82b794b8ed502cf27d5339) Importer(2089858483,0ecaa5967403d082aa24f35e1b516d23) Generated GUIDs only implemented for interfaces!
 -> (artifact id: '08e150fe096f689402d5d074d92aaade') in 0.041490 seconds
Number of updated asset objects reloaded before import = 0
Number of asset objects unloaded after import = 1
========================================================================
Received Import Request.
  Time since last request: 0.000135 seconds.
  path: Assets/Sprites/whiteC.png
  artifactKey: Guid(a9bcaa9e2f81fc9498973d1d308aae2c) Importer(2089858483,0ecaa5967403d082aa24f35e1b516d23)
Start importing Assets/Sprites/whiteC.png using Guid(a9bcaa9e2f81fc9498973d1d308aae2c) Importer(2089858483,0ecaa5967403d082aa24f35e1b516d23) Generated GUIDs only implemented for interfaces!
 -> (artifact id: 'cfd2a82a02ab462191f4915c5e26bf96') in 0.152495 seconds
Number of updated asset objects reloaded before import = 0
Number of asset objects unloaded after import = 3
========================================================================
Received Import Request.
  Time since last request: 0.000013 seconds.
  path: Assets/Sprites/Title Logo.png
  artifactKey: Guid(402a4abf4a916004fbb4eddcb5b84574) Importer(2089858483,0ecaa5967403d082aa24f35e1b516d23)
Start importing Assets/Sprites/Title Logo.png using Guid(402a4abf4a916004fbb4eddcb5b84574) Importer(2089858483,0ecaa5967403d082aa24f35e1b516d23) Generated GUIDs only implemented for interfaces!
 -> (artifact id: 'a257c99c8ebefe7e6db2dc08c4fd5158') in 0.111071 seconds
Number of updated asset objects reloaded before import = 0
Number of asset objects unloaded after import = 3
========================================================================
Received Import Request.
  Time since last request: 0.000089 seconds.
  path: Assets/GoogleMobileAds/Common/IMobileAdsClient.cs
  artifactKey: Guid(574593b9659a74b2289baf1760b0a016) Importer(2089858483,0ecaa5967403d082aa24f35e1b516d23)
Start importing Assets/GoogleMobileAds/Common/IMobileAdsClient.cs using Guid(574593b9659a74b2289baf1760b0a016) Importer(2089858483,0ecaa5967403d082aa24f35e1b516d23) Generated GUIDs only implemented for interfaces!
 -> (artifact id: '7ea6b6474a9dce398592a1cf9c7ddf1b') in 0.011942 seconds
Number of updated asset objects reloaded before import = 0
Number of asset objects unloaded after import = 1
========================================================================
Received Import Request.
  Time since last request: 0.000101 seconds.
  path: Assets/Sprites/Flash2.anim
  artifactKey: Guid(630cb5c6e13ff7e4890e4123d923e877) Importer(2089858483,0ecaa5967403d082aa24f35e1b516d23)
Start importing Assets/Sprites/Flash2.anim using Guid(630cb5c6e13ff7e4890e4123d923e877) Importer(2089858483,0ecaa5967403d082aa24f35e1b516d23) Generated GUIDs only implemented for interfaces!
 -> (artifact id: '8e6e5c8f99c4e32dd691b6b552cf17cb') in 0.012549 seconds
Number of updated asset objects reloaded before import = 0
Number of asset objects unloaded after import = 1
========================================================================
Received Import Request.
  Time since last request: 0.000100 seconds.
  path: Assets/Materials/Earth.mat
  artifactKey: Guid(52f4b63ab2d85174d9ddbe54d8c20ccb) Importer(2089858483,0ecaa5967403d082aa24f35e1b516d23)
Start importing Assets/Materials/Earth.mat using Guid(52f4b63ab2d85174d9ddbe54d8c20ccb) Importer(2089858483,0ecaa5967403d082aa24f35e1b516d23) Generated GUIDs only implemented for interfaces!
 -> (artifact id: '178c24bdee6f41736f6695195d7bdc4c') in 0.112624 seconds
Number of updated asset objects reloaded before import = 0
Number of asset objects unloaded after import = 2
========================================================================
Received Import Request.
  Time since last request: 0.000020 seconds.
  path: Assets/Plugins/Android/com.google.android.gms.play-services-ads-identifier-15.0.1.aar
  artifactKey: Guid(91a8209c06a1910d3b028ad1b0e21d86) Importer(2089858483,0ecaa5967403d082aa24f35e1b516d23)
Start importing Assets/Plugins/Android/com.google.android.gms.play-services-ads-identifier-15.0.1.aar using Guid(91a8209c06a1910d3b028ad1b0e21d86) Importer(2089858483,0ecaa5967403d082aa24f35e1b516d23) Generated GUIDs only implemented for interfaces!
 -> (artifact id: '7c40eb1a4efb819e234693733a57d029') in 0.014558 seconds
Number of updated asset objects reloaded before import = 0
Number of asset objects unloaded after import = 1
========================================================================
Received Import Request.
  Time since last request: 0.000130 seconds.
  path: Assets/Plugins/Android/com.android.support.support-annotations-26.1.0.jar
  artifactKey: Guid(027bf658a6542a036a71578a3d3bab8b) Importer(2089858483,0ecaa5967403d082aa24f35e1b516d23)
Start importing Assets/Plugins/Android/com.android.support.support-annotations-26.1.0.jar using Guid(027bf658a6542a036a71578a3d3bab8b) Importer(2089858483,0ecaa5967403d082aa24f35e1b516d23) Generated GUIDs only implemented for interfaces!
 -> (artifact id: 'ba4380b3b6acad8a16a6dc9aac618ee5') in 0.011570 seconds
Number of updated asset objects reloaded before import = 0
Number of asset objects unloaded after import = 1
========================================================================
Received Import Request.
  Time since last request: 0.000017 seconds.
  path: Assets/Plugins/Android/android.arch.lifecycle.common-1.0.0.jar
  artifactKey: Guid(f9d601d00c8ea5ccf8a50ae39feb1dde) Importer(2089858483,0ecaa5967403d082aa24f35e1b516d23)
Start importing Assets/Plugins/Android/android.arch.lifecycle.common-1.0.0.jar using Guid(f9d601d00c8ea5ccf8a50ae39feb1dde) Importer(2089858483,0ecaa5967403d082aa24f35e1b516d23) Generated GUIDs only implemented for interfaces!
 -> (artifact id: 'ab9509a7390cce1358ba9746a363d1b1') in 0.015259 seconds
Number of updated asset objects reloaded before import = 0
Number of asset objects unloaded after import = 1
========================================================================
Received Import Request.
  Time since last request: 0.000016 seconds.
  path: Assets/Plugins/Android/com.android.support.support-v4-26.1.0.aar
  artifactKey: Guid(bd72554f02b7b6f419933810cf841eb2) Importer(2089858483,0ecaa5967403d082aa24f35e1b516d23)
Start importing Assets/Plugins/Android/com.android.support.support-v4-26.1.0.aar using Guid(bd72554f02b7b6f419933810cf841eb2) Importer(2089858483,0ecaa5967403d082aa24f35e1b516d23) Generated GUIDs only implemented for interfaces!
 -> (artifact id: '9bd68a90a2186645ec28b7cd8cbe409a') in 0.014221 seconds
Number of updated asset objects reloaded before import = 0
Number of asset objects unloaded after import = 1
========================================================================
Received Import Request.
  Time since last request: 0.000103 seconds.
  path: Assets/Plugins/Android/com.google.android.gms.play-services-gass-15.0.1.aar
  artifactKey: Guid(e3093a4b61daac34082fad32cdf28cf7) Importer(2089858483,0ecaa5967403d082aa24f35e1b516d23)
Start importing Assets/Plugins/Android/com.google.android.gms.play-services-gass-15.0.1.aar using Guid(e3093a4b61daac34082fad32cdf28cf7) Importer(2089858483,0ecaa5967403d082aa24f35e1b516d23) Generated GUIDs only implemented for interfaces!
 -> (artifact id: 'ede1ae4fe7bae1ae39d58a9b110b9c8c') in 0.014159 seconds
Number of updated asset objects reloaded before import = 0
Number of asset objects unloaded after import = 1
========================================================================
Received Import Request.
  Time since last request: 0.000107 seconds.
  path: Assets/Plugins/Android/com.google.android.gms.play-services-ads-15.0.1.aar
  artifactKey: Guid(48193019232d25f6aa1d6308f6a46d6f) Importer(2089858483,0ecaa5967403d082aa24f35e1b516d23)
Start importing Assets/Plugins/Android/com.google.android.gms.play-services-ads-15.0.1.aar using Guid(48193019232d25f6aa1d6308f6a46d6f) Importer(2089858483,0ecaa5967403d082aa24f35e1b516d23) Generated GUIDs only implemented for interfaces!
 -> (artifact id: '66915ac722e1cf335b57bb93a91db888') in 0.021123 seconds
Number of updated asset objects reloaded before import = 0
Number of asset objects unloaded after import = 1
========================================================================
Received Import Request.
  Time since last request: 0.000149 seconds.
  path: Assets/Plugins/iOS/GADUAdLoader.h
  artifactKey: Guid(3df71bfe8cac54e5fbcf23aeed28d8e5) Importer(2089858483,0ecaa5967403d082aa24f35e1b516d23)
Start importing Assets/Plugins/iOS/GADUAdLoader.h using Guid(3df71bfe8cac54e5fbcf23aeed28d8e5) Importer(2089858483,0ecaa5967403d082aa24f35e1b516d23) Generated GUIDs only implemented for interfaces!
 -> (artifact id: '678127fe7c95b3b0334380ae8fc3a798') in 0.014245 seconds
Number of updated asset objects reloaded before import = 0
Number of asset objects unloaded after import = 1
========================================================================
Received Import Request.
  Time since last request: 0.000017 seconds.
  path: Assets/Plugins/Android/android.arch.lifecycle.runtime-1.0.0.aar
  artifactKey: Guid(260b154fd2385c15fa0fc8a0d707e7ed) Importer(2089858483,0ecaa5967403d082aa24f35e1b516d23)
Start importing Assets/Plugins/Android/android.arch.lifecycle.runtime-1.0.0.aar using Guid(260b154fd2385c15fa0fc8a0d707e7ed) Importer(2089858483,0ecaa5967403d082aa24f35e1b516d23) Generated GUIDs only implemented for interfaces!
 -> (artifact id: 'fc750f53ff05519d3990141a903fe269') in 0.014171 seconds
Number of updated asset objects reloaded before import = 0
Number of asset objects unloaded after import = 1
========================================================================
Received Import Request.
  Time since last request: 0.000033 seconds.
  path: Assets/Sprites/0189_2.png
  artifactKey: Guid(6b5dfb5f1b282364b827a905e9e6b49f) Importer(2089858483,0ecaa5967403d082aa24f35e1b516d23)
Start importing Assets/Sprites/0189_2.png using Guid(6b5dfb5f1b282364b827a905e9e6b49f) Importer(2089858483,0ecaa5967403d082aa24f35e1b516d23) Generated GUIDs only implemented for interfaces!
 -> (artifact id: '5f87fed53e9a85c24f27068b04ffee62') in 0.068428 seconds
Number of updated asset objects reloaded before import = 0
Number of asset objects unloaded after import = 3
========================================================================
Received Import Request.
  Time since last request: 0.000012 seconds.
  path: Assets/Sprites/Play.controller
  artifactKey: Guid(8f61701225c2f284ca806366214fa279) Importer(2089858483,0ecaa5967403d082aa24f35e1b516d23)
Start importing Assets/Sprites/Play.controller using Guid(8f61701225c2f284ca806366214fa279) Importer(2089858483,0ecaa5967403d082aa24f35e1b516d23) Generated GUIDs only implemented for interfaces!
 -> (artifact id: 'f8a9350038eb108059932a3e899631b9') in 0.039272 seconds
Number of updated asset objects reloaded before import = 0
Number of asset objects unloaded after import = 6
========================================================================
Received Import Request.
  Time since last request: 0.000047 seconds.
  path: Assets/Animation/Flash.anim
  artifactKey: Guid(5fa5937d0b0239445bc715ef8685b576) Importer(2089858483,0ecaa5967403d082aa24f35e1b516d23)
Start importing Assets/Animation/Flash.anim using Guid(5fa5937d0b0239445bc715ef8685b576) Importer(2089858483,0ecaa5967403d082aa24f35e1b516d23) Generated GUIDs only implemented for interfaces!
 -> (artifact id: 'a0eb9aff14ccb387e692886b663c4d78') in 0.012051 seconds
Number of updated asset objects reloaded before import = 0
Number of asset objects unloaded after import = 1
========================================================================
Received Import Request.
  Time since last request: 0.000029 seconds.
  path: Assets/Materials/eff_smoke_2.mat
  artifactKey: Guid(c336fee2e55784686950c68ddf95fc3a) Importer(2089858483,0ecaa5967403d082aa24f35e1b516d23)
Start importing Assets/Materials/eff_smoke_2.mat using Guid(c336fee2e55784686950c68ddf95fc3a) Importer(2089858483,0ecaa5967403d082aa24f35e1b516d23) Generated GUIDs only implemented for interfaces!
 -> (artifact id: '47344dbb25cf9c97781b62ce32812b84') in 0.034319 seconds
Number of updated asset objects reloaded before import = 0
Number of asset objects unloaded after import = 2
========================================================================
Received Import Request.
  Time since last request: 0.000015 seconds.
  path: Assets/Sprites/icon_xxxhdpi.png
  artifactKey: Guid(35b5b2cedd0f53a40a4d5f9f4434a87d) Importer(2089858483,0ecaa5967403d082aa24f35e1b516d23)
Start importing Assets/Sprites/icon_xxxhdpi.png using Guid(35b5b2cedd0f53a40a4d5f9f4434a87d) Importer(2089858483,0ecaa5967403d082aa24f35e1b516d23) Generated GUIDs only implemented for interfaces!
 -> (artifact id: '7f60b1f02bc14bb6a7a0f45828b628cf') in 0.045558 seconds
Number of updated asset objects reloaded before import = 0
Number of asset objects unloaded after import = 2
========================================================================
Received Import Request.
  Time since last request: 0.000015 seconds.
  path: Assets/GoogleMobileAds/Common/MobileAdsEventExecutor.cs
  artifactKey: Guid(47051d8b7ddc740e0b6b0810061c8872) Importer(2089858483,0ecaa5967403d082aa24f35e1b516d23)
Start importing Assets/GoogleMobileAds/Common/MobileAdsEventExecutor.cs using Guid(47051d8b7ddc740e0b6b0810061c8872) Importer(2089858483,0ecaa5967403d082aa24f35e1b516d23) Generated GUIDs only implemented for interfaces!
 -> (artifact id: '76ab1ce7d9a0c9a9d497f9fb49020601') in 0.010343 seconds
Number of updated asset objects reloaded before import = 0
Number of asset objects unloaded after import = 1
========================================================================
Received Import Request.
  Time since last request: 0.000020 seconds.
  path: Assets/GoogleMobileAds/Api/Reward.cs
  artifactKey: Guid(2425e016351594c53942029c254ba820) Importer(2089858483,0ecaa5967403d082aa24f35e1b516d23)
Start importing Assets/GoogleMobileAds/Api/Reward.cs using Guid(2425e016351594c53942029c254ba820) Importer(2089858483,0ecaa5967403d082aa24f35e1b516d23) Generated GUIDs only implemented for interfaces!
 -> (artifact id: 'fab4bdd2bd210691deb82c26ad1746b4') in 0.010582 seconds
Number of updated asset objects reloaded before import = 0
Number of asset objects unloaded after import = 1
========================================================================
Received Import Request.
  Time since last request: 0.000023 seconds.
  path: Assets/Sprites/cursor.png
  artifactKey: Guid(9cde166460bfd9644b1d241c869ad6cf) Importer(2089858483,0ecaa5967403d082aa24f35e1b516d23)
Start importing Assets/Sprites/cursor.png using Guid(9cde166460bfd9644b1d241c869ad6cf) Importer(2089858483,0ecaa5967403d082aa24f35e1b516d23) Generated GUIDs only implemented for interfaces!
 -> (artifact id: '541e7204ef57fef289fc58df1f9fda02') in 0.061407 seconds
Number of updated asset objects reloaded before import = 0
Number of asset objects unloaded after import = 3
========================================================================
Received Import Request.
  Time since last request: 0.000014 seconds.
  path: Assets/Resources/ParticleSmokeBlack.mat
  artifactKey: Guid(fc626cffedc907848a7b47b87aa5e34f) Importer(2089858483,0ecaa5967403d082aa24f35e1b516d23)
Start importing Assets/Resources/ParticleSmokeBlack.mat using Guid(fc626cffedc907848a7b47b87aa5e34f) Importer(2089858483,0ecaa5967403d082aa24f35e1b516d23) Generated GUIDs only implemented for interfaces!
 -> (artifact id: '18afd006c4ed8a777ee0440adefac376') in 0.025843 seconds
Number of updated asset objects reloaded before import = 0
Number of asset objects unloaded after import = 1
========================================================================
Received Import Request.
  Time since last request: 0.000012 seconds.
  path: Assets/Resources/BillingMode.json
  artifactKey: Guid(9882a59a97619ea4a888515b7b8da8ee) Importer(2089858483,0ecaa5967403d082aa24f35e1b516d23)
Start importing Assets/Resources/BillingMode.json using Guid(9882a59a97619ea4a888515b7b8da8ee) Importer(2089858483,0ecaa5967403d082aa24f35e1b516d23) Generated GUIDs only implemented for interfaces!
 -> (artifact id: '46e6e793879ff422d07fa627dc2b6b8e') in 0.055531 seconds
Number of updated asset objects reloaded before import = 0
Number of asset objects unloaded after import = 1
========================================================================
Received Import Request.
  Time since last request: 0.000099 seconds.
  path: Assets/Scripts/Ads/RewardVideo.cs
  artifactKey: Guid(108b9e8ae40bf6445a043ddea784d4cb) Importer(2089858483,0ecaa5967403d082aa24f35e1b516d23)
Start importing Assets/Scripts/Ads/RewardVideo.cs using Guid(108b9e8ae40bf6445a043ddea784d4cb) Importer(2089858483,0ecaa5967403d082aa24f35e1b516d23) Generated GUIDs only implemented for interfaces!
 -> (artifact id: 'a0a7ee725dfa2b1bc0bcdfebbbfc0848') in 0.010765 seconds
Number of updated asset objects reloaded before import = 0
Number of asset objects unloaded after import = 1
========================================================================
Received Import Request.
  Time since last request: 0.000042 seconds.
  path: Assets/Scripts/CommonLibs/FpsSettertxt
  artifactKey: Guid(f776073fe0ec3ca4b8e01ccd45a95bec) Importer(2089858483,0ecaa5967403d082aa24f35e1b516d23)
Start importing Assets/Scripts/CommonLibs/FpsSettertxt using Guid(f776073fe0ec3ca4b8e01ccd45a95bec) Importer(2089858483,0ecaa5967403d082aa24f35e1b516d23) Generated GUIDs only implemented for interfaces!
 -> (artifact id: '0672481235ff318890576b0d93670f31') in 0.007972 seconds
Number of updated asset objects reloaded before import = 0
Number of asset objects unloaded after import = 1
========================================================================
Received Import Request.
  Time since last request: 0.000011 seconds.
  path: Assets/Plugins/iOS/GADUObjectCache.h
  artifactKey: Guid(68fdd9372cef249429d781a5a3cca6cd) Importer(2089858483,0ecaa5967403d082aa24f35e1b516d23)
Start importing Assets/Plugins/iOS/GADUObjectCache.h using Guid(68fdd9372cef249429d781a5a3cca6cd) Importer(2089858483,0ecaa5967403d082aa24f35e1b516d23) Generated GUIDs only implemented for interfaces!
 -> (artifact id: '38fb8a9fd9e9dc149b975bdf205d264d') in 0.011676 seconds
Number of updated asset objects reloaded before import = 0
Number of asset objects unloaded after import = 1
========================================================================
Received Import Request.
  Time since last request: 0.000087 seconds.
  path: Assets/Scripts/CommonLibs/SoundPlayer.cs
  artifactKey: Guid(6a228b5cb9cda8c4da1ed334b888215d) Importer(2089858483,0ecaa5967403d082aa24f35e1b516d23)
Start importing Assets/Scripts/CommonLibs/SoundPlayer.cs using Guid(6a228b5cb9cda8c4da1ed334b888215d) Importer(2089858483,0ecaa5967403d082aa24f35e1b516d23) Generated GUIDs only implemented for interfaces!
 -> (artifact id: 'ebe92d81df96139495ed3b9c6aee781e') in 0.010507 seconds
Number of updated asset objects reloaded before import = 0
Number of asset objects unloaded after import = 1
========================================================================
Received Import Request.
  Time since last request: 0.000018 seconds.
  path: Assets/Plugins/iOS/GADUPluginUtil.m
  artifactKey: Guid(87eb1ffb8351042549e96dc7d6d46adf) Importer(2089858483,0ecaa5967403d082aa24f35e1b516d23)
Start importing Assets/Plugins/iOS/GADUPluginUtil.m using Guid(87eb1ffb8351042549e96dc7d6d46adf) Importer(2089858483,0ecaa5967403d082aa24f35e1b516d23) Generated GUIDs only implemented for interfaces!
 -> (artifact id: 'a0c3cd3d1ac0bb6ce4faefd0cb7730b8') in 0.020270 seconds
Number of updated asset objects reloaded before import = 0
Number of asset objects unloaded after import = 1
========================================================================
Received Import Request.
  Time since last request: 0.000022 seconds.
  path: Assets/Plugins/Android/com.android.support.support-fragment-26.1.0.aar
  artifactKey: Guid(45de436e0d0ddc80994225c7e27c514b) Importer(2089858483,0ecaa5967403d082aa24f35e1b516d23)
Start importing Assets/Plugins/Android/com.android.support.support-fragment-26.1.0.aar using Guid(45de436e0d0ddc80994225c7e27c514b) Importer(2089858483,0ecaa5967403d082aa24f35e1b516d23) Generated GUIDs only implemented for interfaces!
 -> (artifact id: 'e480232a2e4271c083e3cca29dc9528d') in 0.011695 seconds
Number of updated asset objects reloaded before import = 0
Number of asset objects unloaded after import = 1
========================================================================
Received Import Request.
  Time since last request: 0.000073 seconds.
  path: Assets/Prefabs/CommonLoader.prefab
  artifactKey: Guid(c43795fb83a37764197ea071c9f360d5) Importer(2089858483,0ecaa5967403d082aa24f35e1b516d23)
Start importing Assets/Prefabs/CommonLoader.prefab using Guid(c43795fb83a37764197ea071c9f360d5) Importer(2089858483,0ecaa5967403d082aa24f35e1b516d23) Generated GUIDs only implemented for interfaces!
 -> (artifact id: '87f5d793afe3d06ddbb1b37f980cc802') in 0.019058 seconds
Number of updated asset objects reloaded before import = 0
Number of asset objects unloaded after import = 21
========================================================================
Received Import Request.
  Time since last request: 0.000015 seconds.
  path: Assets/Plugins/Android/com.google.android.gms.play-services-ads-lite-15.0.1.aar
  artifactKey: Guid(11d30bf69148ca4d18b292f266763275) Importer(2089858483,0ecaa5967403d082aa24f35e1b516d23)
Start importing Assets/Plugins/Android/com.google.android.gms.play-services-ads-lite-15.0.1.aar using Guid(11d30bf69148ca4d18b292f266763275) Importer(2089858483,0ecaa5967403d082aa24f35e1b516d23) Generated GUIDs only implemented for interfaces!
 -> (artifact id: '93d5035dc8eee699ea936f04ceeb10ba') in 0.012242 seconds
Number of updated asset objects reloaded before import = 0
Number of asset objects unloaded after import = 1
========================================================================
Received Import Request.
  Time since last request: 0.000095 seconds.
  path: Assets/Plugins/iOS/GADUInterstitial.m
  artifactKey: Guid(0aa4938b8799d434386151cff177dc8b) Importer(2089858483,0ecaa5967403d082aa24f35e1b516d23)
Start importing Assets/Plugins/iOS/GADUInterstitial.m using Guid(0aa4938b8799d434386151cff177dc8b) Importer(2089858483,0ecaa5967403d082aa24f35e1b516d23) Generated GUIDs only implemented for interfaces!
 -> (artifact id: '58fe801495062704b36061ec89dea526') in 0.011297 seconds
Number of updated asset objects reloaded before import = 0
Number of asset objects unloaded after import = 1
========================================================================
Received Import Request.
  Time since last request: 0.000099 seconds.
  path: Assets/Materials/Mercury.mat
  artifactKey: Guid(44718c5f9737b0248a70785cf15abd77) Importer(2089858483,0ecaa5967403d082aa24f35e1b516d23)
Start importing Assets/Materials/Mercury.mat using Guid(44718c5f9737b0248a70785cf15abd77) Importer(2089858483,0ecaa5967403d082aa24f35e1b516d23) Generated GUIDs only implemented for interfaces!
 -> (artifact id: 'fbff398ecb284fbe5b399df7ef525e9e') in 0.048772 seconds
Number of updated asset objects reloaded before import = 0
Number of asset objects unloaded after import = 2
========================================================================
Received Import Request.
  Time since last request: 0.000013 seconds.
  path: Assets/Materials/Venus.mat
  artifactKey: Guid(5e5a86f294098ea48b5ab9525fdcf66b) Importer(2089858483,0ecaa5967403d082aa24f35e1b516d23)
Start importing Assets/Materials/Venus.mat using Guid(5e5a86f294098ea48b5ab9525fdcf66b) Importer(2089858483,0ecaa5967403d082aa24f35e1b516d23) Generated GUIDs only implemented for interfaces!
 -> (artifact id: '73457994ea32eb92642da20b105c4185') in 0.035544 seconds
Number of updated asset objects reloaded before import = 0
Number of asset objects unloaded after import = 2
========================================================================
Received Import Request.
  Time since last request: 0.000015 seconds.
  path: Assets/Materials/eff_water_2.mat
  artifactKey: Guid(abccc7f38ceed40618f7517cc3df3636) Importer(2089858483,0ecaa5967403d082aa24f35e1b516d23)
Start importing Assets/Materials/eff_water_2.mat using Guid(abccc7f38ceed40618f7517cc3df3636) Importer(2089858483,0ecaa5967403d082aa24f35e1b516d23) Generated GUIDs only implemented for interfaces!
 -> (artifact id: 'e75e0ad61aa85021a5f367712653e92f') in 0.109350 seconds
Number of updated asset objects reloaded before import = 0
Number of asset objects unloaded after import = 2
========================================================================
Received Import Request.
  Time since last request: 0.000014 seconds.
  path: Assets/Scripts/CommonLibs/Counter.cs
  artifactKey: Guid(693b01aec1544ba4c8bdf4596ab5b83e) Importer(2089858483,0ecaa5967403d082aa24f35e1b516d23)
Start importing Assets/Scripts/CommonLibs/Counter.cs using Guid(693b01aec1544ba4c8bdf4596ab5b83e) Importer(2089858483,0ecaa5967403d082aa24f35e1b516d23) Generated GUIDs only implemented for interfaces!
 -> (artifact id: '5f1146eb43f3eb308caeac723777c78f') in 0.009910 seconds
Number of updated asset objects reloaded before import = 0
Number of asset objects unloaded after import = 1
========================================================================
Received Import Request.
  Time since last request: 0.000062 seconds.
  path: Assets/Plugins/Android/com.android.support.support-core-ui-26.1.0.aar
  artifactKey: Guid(f0ea047c98c3cc1d98ab8a201003fcfe) Importer(2089858483,0ecaa5967403d082aa24f35e1b516d23)
Start importing Assets/Plugins/Android/com.android.support.support-core-ui-26.1.0.aar using Guid(f0ea047c98c3cc1d98ab8a201003fcfe) Importer(2089858483,0ecaa5967403d082aa24f35e1b516d23) Generated GUIDs only implemented for interfaces!
 -> (artifact id: 'e8693814e9947f00bf5067f14aa647ba') in 0.015820 seconds
Number of updated asset objects reloaded before import = 0
Number of asset objects unloaded after import = 1
========================================================================
Received Import Request.
  Time since last request: 0.000126 seconds.
  path: Assets/Textures/Eff_stone_1.png
  artifactKey: Guid(d6f1e60a9aae249e7b11bd4a6c585690) Importer(2089858483,0ecaa5967403d082aa24f35e1b516d23)
Start importing Assets/Textures/Eff_stone_1.png using Guid(d6f1e60a9aae249e7b11bd4a6c585690) Importer(2089858483,0ecaa5967403d082aa24f35e1b516d23) Generated GUIDs only implemented for interfaces!
 -> (artifact id: 'b8d325cb1c40dd2752b4532e10c7b7ea') in 0.042985 seconds
Number of updated asset objects reloaded before import = 0
Number of asset objects unloaded after import = 1
========================================================================
Received Import Request.
  Time since last request: 0.000015 seconds.
  path: Assets/Resources/plus3.mp3
  artifactKey: Guid(850c5baf82e31c2408f2332b0aad1854) Importer(2089858483,0ecaa5967403d082aa24f35e1b516d23)
Start importing Assets/Resources/plus3.mp3 using Guid(850c5baf82e31c2408f2332b0aad1854) Importer(2089858483,0ecaa5967403d082aa24f35e1b516d23) Generated GUIDs only implemented for interfaces!
 -> (artifact id: '8fed667d5f37772145de8f6ea0ccdd34') in 0.170175 seconds
Number of updated asset objects reloaded before import = 0
Number of asset objects unloaded after import = 1
========================================================================
Received Import Request.
  Time since last request: 0.000017 seconds.
  path: Assets/Simple UI/PSD/SimpleUI.psd
  artifactKey: Guid(b03511322802744d3af2111f51756802) Importer(2089858483,0ecaa5967403d082aa24f35e1b516d23)
Start importing Assets/Simple UI/PSD/SimpleUI.psd using Guid(b03511322802744d3af2111f51756802) Importer(2089858483,0ecaa5967403d082aa24f35e1b516d23) Generated GUIDs only implemented for interfaces!
 -> (artifact id: '9864a7fbe45263907be5d3f7257bd048') in 0.158143 seconds
Number of updated asset objects reloaded before import = 0
Number of asset objects unloaded after import = 1
========================================================================
Received Import Request.
  Time since last request: 0.000123 seconds.
  path: Assets/Simple UI/Fonts/FredokaOne-Regular.ttf
  artifactKey: Guid(4506bf6ca285b494ab0993e12703d5e6) Importer(2089858483,0ecaa5967403d082aa24f35e1b516d23)
Start importing Assets/Simple UI/Fonts/FredokaOne-Regular.ttf using Guid(4506bf6ca285b494ab0993e12703d5e6) Importer(2089858483,0ecaa5967403d082aa24f35e1b516d23) Generated GUIDs only implemented for interfaces!
 -> (artifact id: '480935099075d13657c7eb13108f7712') in 0.074969 seconds
Number of updated asset objects reloaded before import = 0
Number of asset objects unloaded after import = 3
========================================================================
Received Import Request.
  Time since last request: 0.000013 seconds.
  path: Assets/Simple UI/Fonts/OFL.txt
  artifactKey: Guid(4b71c2c5c5df842419113179fc527cd5) Importer(2089858483,0ecaa5967403d082aa24f35e1b516d23)
Start importing Assets/Simple UI/Fonts/OFL.txt using Guid(4b71c2c5c5df842419113179fc527cd5) Importer(2089858483,0ecaa5967403d082aa24f35e1b516d23) Generated GUIDs only implemented for interfaces!
 -> (artifact id: 'afb3b17872b39a679425bf6bfd202166') in 0.113858 seconds
Number of updated asset objects reloaded before import = 0
Number of asset objects unloaded after import = 1
========================================================================
Received Import Request.
  Time since last request: 0.000093 seconds.
  path: Assets/Scripts/Commons/IntVariable.cs
  artifactKey: Guid(10809d7adc8748545954e2d1de455863) Importer(2089858483,0ecaa5967403d082aa24f35e1b516d23)
Start importing Assets/Scripts/Commons/IntVariable.cs using Guid(10809d7adc8748545954e2d1de455863) Importer(2089858483,0ecaa5967403d082aa24f35e1b516d23) Generated GUIDs only implemented for interfaces!
 -> (artifact id: 'c328069e5c23090f05bfe21a5ec62060') in 0.010115 seconds
Number of updated asset objects reloaded before import = 0
Number of asset objects unloaded after import = 1
========================================================================
Received Import Request.
  Time since last request: 0.000077 seconds.
  path: Assets/Sprites/Flash.anim
  artifactKey: Guid(e4e0949497c817c4c9b5ee3cff9605a8) Importer(2089858483,0ecaa5967403d082aa24f35e1b516d23)
Start importing Assets/Sprites/Flash.anim using Guid(e4e0949497c817c4c9b5ee3cff9605a8) Importer(2089858483,0ecaa5967403d082aa24f35e1b516d23) Generated GUIDs only implemented for interfaces!
 -> (artifact id: 'af4d5522412783a5c252d465b98237f1') in 0.017086 seconds
Number of updated asset objects reloaded before import = 0
Number of asset objects unloaded after import = 1
========================================================================
Received Import Request.
  Time since last request: 0.000264 seconds.
  path: Assets/Plugins/iOS/GADUAdNetworkExtras.h
  artifactKey: Guid(a13595788fd634814a974499ebe9579e) Importer(2089858483,0ecaa5967403d082aa24f35e1b516d23)
Start importing Assets/Plugins/iOS/GADUAdNetworkExtras.h using Guid(a13595788fd634814a974499ebe9579e) Importer(2089858483,0ecaa5967403d082aa24f35e1b516d23) Generated GUIDs only implemented for interfaces!
 -> (artifact id: 'c62a3a2a5668e29b778793d85a4e6728') in 0.011365 seconds
Number of updated asset objects reloaded before import = 0
Number of asset objects unloaded after import = 1
========================================================================
Received Import Request.
  Time since last request: 0.000048 seconds.
  path: Assets/Sprites/Retry.png
  artifactKey: Guid(cfc277507367cde4497c749ecf8f8faa) Importer(2089858483,0ecaa5967403d082aa24f35e1b516d23)
Start importing Assets/Sprites/Retry.png using Guid(cfc277507367cde4497c749ecf8f8faa) Importer(2089858483,0ecaa5967403d082aa24f35e1b516d23) Generated GUIDs only implemented for interfaces!
 -> (artifact id: '15470c26a50e61153bcd4416261567e5') in 0.128705 seconds
Number of updated asset objects reloaded before import = 0
Number of asset objects unloaded after import = 3
========================================================================
Received Import Request.
  Time since last request: 0.000160 seconds.
  path: Assets/Simple UI/Resource Icons/UI_Graphic_Resource_Iron.png
  artifactKey: Guid(46c993598ebc54c0c9ebd8a0050516fb) Importer(2089858483,0ecaa5967403d082aa24f35e1b516d23)
Start importing Assets/Simple UI/Resource Icons/UI_Graphic_Resource_Iron.png using Guid(46c993598ebc54c0c9ebd8a0050516fb) Importer(2089858483,0ecaa5967403d082aa24f35e1b516d23) Generated GUIDs only implemented for interfaces!
 -> (artifact id: '2a9e537c5e432842cb68dfef5bb0b0fa') in 0.127725 seconds
Number of updated asset objects reloaded before import = 0
Number of asset objects unloaded after import = 3
========================================================================
Received Import Request.
  Time since last request: 0.000050 seconds.
  path: Assets/Scripts/Rotation.cs
  artifactKey: Guid(93f4f7fa8975c1b4b850d2be2a60a24a) Importer(2089858483,0ecaa5967403d082aa24f35e1b516d23)
Start importing Assets/Scripts/Rotation.cs using Guid(93f4f7fa8975c1b4b850d2be2a60a24a) Importer(2089858483,0ecaa5967403d082aa24f35e1b516d23) Generated GUIDs only implemented for interfaces!
 -> (artifact id: '84309023f42b93b4bd6b180d60c2ae0d') in 0.009737 seconds
Number of updated asset objects reloaded before import = 0
Number of asset objects unloaded after import = 1
========================================================================
Received Import Request.
  Time since last request: 0.000107 seconds.
  path: Assets/Textures/Eff_ring_1.png
  artifactKey: Guid(0c3d46e2006ff435caf7d53013ef460d) Importer(2089858483,0ecaa5967403d082aa24f35e1b516d23)
Start importing Assets/Textures/Eff_ring_1.png using Guid(0c3d46e2006ff435caf7d53013ef460d) Importer(2089858483,0ecaa5967403d082aa24f35e1b516d23) Generated GUIDs only implemented for interfaces!
 -> (artifact id: '5525900f89c1be56b278c379515b7812') in 0.028086 seconds
Number of updated asset objects reloaded before import = 0
Number of asset objects unloaded after import = 1
========================================================================
Received Import Request.
  Time since last request: 0.000084 seconds.
  path: Assets/Plugins/Android/com.google.android.gms.play-services-basement-15.0.1.aar
  artifactKey: Guid(beaf3e563de5a0861b45b62cccf57360) Importer(2089858483,0ecaa5967403d082aa24f35e1b516d23)
Start importing Assets/Plugins/Android/com.google.android.gms.play-services-basement-15.0.1.aar using Guid(beaf3e563de5a0861b45b62cccf57360) Importer(2089858483,0ecaa5967403d082aa24f35e1b516d23) Generated GUIDs only implemented for interfaces!
 -> (artifact id: '8637953f2381eaa9e7423eab451f0709') in 0.011967 seconds
Number of updated asset objects reloaded before import = 0
Number of asset objects unloaded after import = 1
========================================================================
Received Import Request.
  Time since last request: 0.000073 seconds.
  path: Assets/Sounds/decision5.mp3
  artifactKey: Guid(18c9f3a0c917979479932923293d7313) Importer(2089858483,0ecaa5967403d082aa24f35e1b516d23)
Start importing Assets/Sounds/decision5.mp3 using Guid(18c9f3a0c917979479932923293d7313) Importer(2089858483,0ecaa5967403d082aa24f35e1b516d23) Generated GUIDs only implemented for interfaces!
 -> (artifact id: '7abe926db8305a6ce1457d3998a7ec16') in 0.074616 seconds
Number of updated asset objects reloaded before import = 0
Number of asset objects unloaded after import = 1
========================================================================
Received Import Request.
  Time since last request: 0.000027 seconds.
  path: Assets/Scripts/GameController.cs
  artifactKey: Guid(2d6fae5bad8733b41b0cb088ce917fa2) Importer(2089858483,0ecaa5967403d082aa24f35e1b516d23)
Start importing Assets/Scripts/GameController.cs using Guid(2d6fae5bad8733b41b0cb088ce917fa2) Importer(2089858483,0ecaa5967403d082aa24f35e1b516d23) Generated GUIDs only implemented for interfaces!
 -> (artifact id: '03c19e6d29bedd3fe696f3a23bf1b04b') in 0.010840 seconds
Number of updated asset objects reloaded before import = 0
Number of asset objects unloaded after import = 1
========================================================================
Received Import Request.
  Time since last request: 0.000106 seconds.
  path: Assets/Plugins/iOS/GADUPluginUtil.h
  artifactKey: Guid(0dfd9850a4f9c46a0a2a811157f65769) Importer(2089858483,0ecaa5967403d082aa24f35e1b516d23)
Start importing Assets/Plugins/iOS/GADUPluginUtil.h using Guid(0dfd9850a4f9c46a0a2a811157f65769) Importer(2089858483,0ecaa5967403d082aa24f35e1b516d23) Generated GUIDs only implemented for interfaces!
 -> (artifact id: '64b959a6d2ffc66502dfe0a450a1c45d') in 0.010943 seconds
Number of updated asset objects reloaded before import = 0
Number of asset objects unloaded after import = 1
========================================================================
Received Import Request.
  Time since last request: 0.000143 seconds.
  path: Assets/Scripts/Ads/unityAds.cs
  artifactKey: Guid(5cf19c6957ac33645a8e3add9ccd7941) Importer(2089858483,0ecaa5967403d082aa24f35e1b516d23)
Start importing Assets/Scripts/Ads/unityAds.cs using Guid(5cf19c6957ac33645a8e3add9ccd7941) Importer(2089858483,0ecaa5967403d082aa24f35e1b516d23) Generated GUIDs only implemented for interfaces!
 -> (artifact id: 'd51462f3707cb2e5e505e897887638ea') in 0.010963 seconds
Number of updated asset objects reloaded before import = 0
Number of asset objects unloaded after import = 1
========================================================================
Received Import Request.
  Time since last request: 0.000040 seconds.
  path: Assets/Prefabs/LifeRecoverWindow.prefab
  artifactKey: Guid(7da0d9d22610c8243a08a060cdd2b960) Importer(2089858483,0ecaa5967403d082aa24f35e1b516d23)
Start importing Assets/Prefabs/LifeRecoverWindow.prefab using Guid(7da0d9d22610c8243a08a060cdd2b960) Importer(2089858483,0ecaa5967403d082aa24f35e1b516d23) Generated GUIDs only implemented for interfaces!
 -> (artifact id: 'f2ae45b9f7180a59b3b4ac5da135e615') in 0.028461 seconds
Number of updated asset objects reloaded before import = 0
Number of asset objects unloaded after import = 36
========================================================================
Received Import Request.
  Time since last request: 0.000015 seconds.
  path: Assets/GoogleMobileAds/Api/AdSize.cs
  artifactKey: Guid(c59631c955ded4938a66f755225b7dc5) Importer(2089858483,0ecaa5967403d082aa24f35e1b516d23)
Start importing Assets/GoogleMobileAds/Api/AdSize.cs using Guid(c59631c955ded4938a66f755225b7dc5) Importer(2089858483,0ecaa5967403d082aa24f35e1b516d23) Generated GUIDs only implemented for interfaces!
 -> (artifact id: 'ab813fadf0586af1843297489d61d759') in 0.010432 seconds
Number of updated asset objects reloaded before import = 0
Number of asset objects unloaded after import = 1
========================================================================
Received Import Request.
  Time since last request: 0.000022 seconds.
  path: Assets/FBX/Eff_Aura1.FBX
  artifactKey: Guid(f1349291c9a4a4529aef04f721ca217f) Importer(2089858483,0ecaa5967403d082aa24f35e1b516d23)
Start importing Assets/FBX/Eff_Aura1.FBX using Guid(f1349291c9a4a4529aef04f721ca217f) Importer(2089858483,0ecaa5967403d082aa24f35e1b516d23) Generated GUIDs only implemented for interfaces!
 -> (artifact id: 'f065988d02121482c449799f310ab185') in 0.068541 seconds
Number of updated asset objects reloaded before import = 0
Number of asset objects unloaded after import = 9
========================================================================
Received Import Request.
  Time since last request: 0.000013 seconds.
  path: Assets/GoogleMobileAds/Platforms/iOS/RewardBasedVideoAdClient.cs
  artifactKey: Guid(9a286a90e882c4cd59f81ee4dc9d41ca) Importer(2089858483,0ecaa5967403d082aa24f35e1b516d23)
Start importing Assets/GoogleMobileAds/Platforms/iOS/RewardBasedVideoAdClient.cs using Guid(9a286a90e882c4cd59f81ee4dc9d41ca) Importer(2089858483,0ecaa5967403d082aa24f35e1b516d23) Generated GUIDs only implemented for interfaces!
 -> (artifact id: '7c2d5af98ec237fbb8718d6aff530b23') in 0.018231 seconds
Number of updated asset objects reloaded before import = 0
Number of asset objects unloaded after import = 1
========================================================================
Received Import Request.
  Time since last request: 0.000013 seconds.
  path: Assets/Simple UI/Samples/Simple Vector Icons.unity
  artifactKey: Guid(8ff1e55cc17b347e6b324f73960203d6) Importer(2089858483,0ecaa5967403d082aa24f35e1b516d23)
Start importing Assets/Simple UI/Samples/Simple Vector Icons.unity using Guid(8ff1e55cc17b347e6b324f73960203d6) Importer(2089858483,0ecaa5967403d082aa24f35e1b516d23) Generated GUIDs only implemented for interfaces!
 -> (artifact id: '2c89fbd95b3e955fc94bdcea4a3129a3') in 0.009104 seconds
Number of updated asset objects reloaded before import = 0
Number of asset objects unloaded after import = 1
========================================================================
Received Import Request.
  Time since last request: 0.000097 seconds.
  path: Assets/Plugins/Android/GoogleMobileAdsPlugin/AndroidManifest.xml
  artifactKey: Guid(e869b36b657604102a7166a39ee7d9c9) Importer(2089858483,0ecaa5967403d082aa24f35e1b516d23)
Start importing Assets/Plugins/Android/GoogleMobileAdsPlugin/AndroidManifest.xml using Guid(e869b36b657604102a7166a39ee7d9c9) Importer(2089858483,0ecaa5967403d082aa24f35e1b516d23) Generated GUIDs only implemented for interfaces!
 -> (artifact id: '12533579e0a73cf33ca9ecc8e6c12411') in 0.218548 seconds
Number of updated asset objects reloaded before import = 0
Number of asset objects unloaded after import = 1
========================================================================
Received Import Request.
  Time since last request: 0.000021 seconds.
  path: Assets/Scenes/Result.unity
  artifactKey: Guid(4cb347a7ea02c144d8a85c5a82ac5715) Importer(2089858483,0ecaa5967403d082aa24f35e1b516d23)
Start importing Assets/Scenes/Result.unity using Guid(4cb347a7ea02c144d8a85c5a82ac5715) Importer(2089858483,0ecaa5967403d082aa24f35e1b516d23) Generated GUIDs only implemented for interfaces!
 -> (artifact id: '9473d4b8ef7c2a5fab28fcb2210dc450') in 0.033593 seconds
Number of updated asset objects reloaded before import = 0
Number of asset objects unloaded after import = 1
========================================================================
Received Import Request.
  Time since last request: 0.000154 seconds.
  path: Assets/Scripts/CommonLibs/DisableEffect.cs
  artifactKey: Guid(4afd4cc75c309d74d9185abbceda93bc) Importer(2089858483,0ecaa5967403d082aa24f35e1b516d23)
Start importing Assets/Scripts/CommonLibs/DisableEffect.cs using Guid(4afd4cc75c309d74d9185abbceda93bc) Importer(2089858483,0ecaa5967403d082aa24f35e1b516d23) Generated GUIDs only implemented for interfaces!
 -> (artifact id: 'faa0afe71aa4513096a126aff3fc9660') in 0.010472 seconds
Number of updated asset objects reloaded before import = 0
Number of asset objects unloaded after import = 1
========================================================================
Received Import Request.
  Time since last request: 0.000124 seconds.
  path: Assets/Plugins/iOS/GADURewardBasedVideoAd.m
  artifactKey: Guid(200edc9f8a54a45aeb16c905cc02f4a5) Importer(2089858483,0ecaa5967403d082aa24f35e1b516d23)
Start importing Assets/Plugins/iOS/GADURewardBasedVideoAd.m using Guid(200edc9f8a54a45aeb16c905cc02f4a5) Importer(2089858483,0ecaa5967403d082aa24f35e1b516d23) Generated GUIDs only implemented for interfaces!
 -> (artifact id: '1ad3f0ef3ae6f71a9e43746132ac3caa') in 0.011971 seconds
Number of updated asset objects reloaded before import = 0
Number of asset objects unloaded after import = 1
========================================================================
Received Import Request.
  Time since last request: 0.000120 seconds.
  path: Assets/Simple UI/Samples/HomeScreen.unity
  artifactKey: Guid(9cb75ac55965245e39bc582c3185da8c) Importer(2089858483,0ecaa5967403d082aa24f35e1b516d23)
Start importing Assets/Simple UI/Samples/HomeScreen.unity using Guid(9cb75ac55965245e39bc582c3185da8c) Importer(2089858483,0ecaa5967403d082aa24f35e1b516d23) Generated GUIDs only implemented for interfaces!
 -> (artifact id: '6d70270d3f3674314f8caecf1386edfd') in 0.008594 seconds
Number of updated asset objects reloaded before import = 0
Number of asset objects unloaded after import = 1
========================================================================
Received Import Request.
  Time since last request: 0.000087 seconds.
  path: Assets/Plugins/iOS/GADUTypes.h
  artifactKey: Guid(00ccc32d91e9f4bc6a68ec86c806dac3) Importer(2089858483,0ecaa5967403d082aa24f35e1b516d23)
Start importing Assets/Plugins/iOS/GADUTypes.h using Guid(00ccc32d91e9f4bc6a68ec86c806dac3) Importer(2089858483,0ecaa5967403d082aa24f35e1b516d23) Generated GUIDs only implemented for interfaces!
 -> (artifact id: 'fcfb59751f60a9eafe998a5dd1249b12') in 0.010727 seconds
Number of updated asset objects reloaded before import = 0
Number of asset objects unloaded after import = 1
========================================================================
Received Import Request.
  Time since last request: 0.000076 seconds.
  path: Assets/Plugins/Android/GoogleMobileAdsPlugin/project.properties
  artifactKey: Guid(1d06ef613dfec4baa88b56aeef69cd9c) Importer(2089858483,0ecaa5967403d082aa24f35e1b516d23)
Start importing Assets/Plugins/Android/GoogleMobileAdsPlugin/project.properties using Guid(1d06ef613dfec4baa88b56aeef69cd9c) Importer(2089858483,0ecaa5967403d082aa24f35e1b516d23) Generated GUIDs only implemented for interfaces!
 -> (artifact id: 'f9278ef5a69a713574a7437bcc8dfbe4') in 0.008685 seconds
Number of updated asset objects reloaded before import = 0
Number of asset objects unloaded after import = 1
========================================================================
Received Import Request.
  Time since last request: 0.000105 seconds.
  path: Assets/Simple UI/Samples/Resource Icons.unity
  artifactKey: Guid(5cc51e3b7dd544b21ac20ada3d3aba7e) Importer(2089858483,0ecaa5967403d082aa24f35e1b516d23)
Start importing Assets/Simple UI/Samples/Resource Icons.unity using Guid(5cc51e3b7dd544b21ac20ada3d3aba7e) Importer(2089858483,0ecaa5967403d082aa24f35e1b516d23) Generated GUIDs only implemented for interfaces!
 -> (artifact id: 'fe4835744bf9b926a1b3906d994c6e56') in 0.013682 seconds
Number of updated asset objects reloaded before import = 0
Number of asset objects unloaded after import = 1
========================================================================
Received Import Request.
  Time since last request: 0.000147 seconds.
  path: Assets/Plugins/iOS/GADURequest.m
  artifactKey: Guid(8295da9057f6c4276afc8358d78f5129) Importer(2089858483,0ecaa5967403d082aa24f35e1b516d23)
Start importing Assets/Plugins/iOS/GADURequest.m using Guid(8295da9057f6c4276afc8358d78f5129) Importer(2089858483,0ecaa5967403d082aa24f35e1b516d23) Generated GUIDs only implemented for interfaces!
 -> (artifact id: 'c54c9798ac90b2eda69c9422ab2eb3f6') in 0.011162 seconds
Number of updated asset objects reloaded before import = 0
Number of asset objects unloaded after import = 1
========================================================================
Received Import Request.
  Time since last request: 0.000037 seconds.
  path: Assets/Scripts/CommonLibs/Waiter.cs
  artifactKey: Guid(0cce401c9a9916f459bc92ceafd789a1) Importer(2089858483,0ecaa5967403d082aa24f35e1b516d23)
Start importing Assets/Scripts/CommonLibs/Waiter.cs using Guid(0cce401c9a9916f459bc92ceafd789a1) Importer(2089858483,0ecaa5967403d082aa24f35e1b516d23) Generated GUIDs only implemented for interfaces!
 -> (artifact id: '21e9fce1890a6bd4a0bda629c64f1f4a') in 0.010395 seconds
Number of updated asset objects reloaded before import = 0
Number of asset objects unloaded after import = 1
========================================================================
Received Import Request.
  Time since last request: 0.000086 seconds.
  path: Assets/Plugins/iOS/GADUNativeCustomTemplateAd.h
  artifactKey: Guid(e4514a7bda72546b3af8f0b7127c13e0) Importer(2089858483,0ecaa5967403d082aa24f35e1b516d23)
Start importing Assets/Plugins/iOS/GADUNativeCustomTemplateAd.h using Guid(e4514a7bda72546b3af8f0b7127c13e0) Importer(2089858483,0ecaa5967403d082aa24f35e1b516d23) Generated GUIDs only implemented for interfaces!
 -> (artifact id: '8d70a94fd9fe5f614123ba0ff1feb79e') in 0.016373 seconds
Number of updated asset objects reloaded before import = 0
Number of asset objects unloaded after import = 1
========================================================================
Received Import Request.
  Time since last request: 0.000092 seconds.
  path: Assets/Scripts/Commons/EffectAnimatorUI.cs
  artifactKey: Guid(36407000e711ad448b5961bcbdfcfd0d) Importer(2089858483,0ecaa5967403d082aa24f35e1b516d23)
Start importing Assets/Scripts/Commons/EffectAnimatorUI.cs using Guid(36407000e711ad448b5961bcbdfcfd0d) Importer(2089858483,0ecaa5967403d082aa24f35e1b516d23) Generated GUIDs only implemented for interfaces!
 -> (artifact id: '1faa35fc3a234188fb75fb0e86bf7202') in 0.010526 seconds
Number of updated asset objects reloaded before import = 0
Number of asset objects unloaded after import = 1
========================================================================
Received Import Request.
  Time since last request: 0.000070 seconds.
  path: Assets/Simple UI/Samples/LogIn.unity
  artifactKey: Guid(7d1a5d79017a2402da025eb2ec713e4e) Importer(2089858483,0ecaa5967403d082aa24f35e1b516d23)
Start importing Assets/Simple UI/Samples/LogIn.unity using Guid(7d1a5d79017a2402da025eb2ec713e4e) Importer(2089858483,0ecaa5967403d082aa24f35e1b516d23) Generated GUIDs only implemented for interfaces!
 -> (artifact id: '1e2a018ada0cf86c99036bf00a6ace96') in 0.009358 seconds
Number of updated asset objects reloaded before import = 0
Number of asset objects unloaded after import = 1
========================================================================
Received Import Request.
  Time since last request: 0.000087 seconds.
  path: Assets/GoogleMobileAds/Api/Mediation/MediationExtras.cs
  artifactKey: Guid(0de15b956fe424835a3adc74de6e677d) Importer(2089858483,0ecaa5967403d082aa24f35e1b516d23)
Start importing Assets/GoogleMobileAds/Api/Mediation/MediationExtras.cs using Guid(0de15b956fe424835a3adc74de6e677d) Importer(2089858483,0ecaa5967403d082aa24f35e1b516d23) Generated GUIDs only implemented for interfaces!
 -> (artifact id: 'e15314d6c02c2e9bf7b996f900423f6c') in 0.010743 seconds
Number of updated asset objects reloaded before import = 0
Number of asset objects unloaded after import = 1
========================================================================
Received Import Request.
  Time since last request: 0.000094 seconds.
  path: Assets/Simple UI/PNG/UI_Frame_Dark_White.png
  artifactKey: Guid(f8f919528929444d38fb2c14ee234bb1) Importer(2089858483,0ecaa5967403d082aa24f35e1b516d23)
Start importing Assets/Simple UI/PNG/UI_Frame_Dark_White.png using Guid(f8f919528929444d38fb2c14ee234bb1) Importer(2089858483,0ecaa5967403d082aa24f35e1b516d23) Generated GUIDs only implemented for interfaces!
 -> (artifact id: 'ca8c1f8b3f3086117eb0e78459df6652') in 0.112473 seconds
Number of updated asset objects reloaded before import = 0
Number of asset objects unloaded after import = 3
========================================================================
Received Import Request.
  Time since last request: 0.000094 seconds.
  path: Assets/Simple UI/Simple Vector Icons/128px/UI_Icon_Attack.png
  artifactKey: Guid(c2efd48f02c3f4dda825950570186fcf) Importer(2089858483,0ecaa5967403d082aa24f35e1b516d23)
Start importing Assets/Simple UI/Simple Vector Icons/128px/UI_Icon_Attack.png using Guid(c2efd48f02c3f4dda825950570186fcf) Importer(2089858483,0ecaa5967403d082aa24f35e1b516d23) Generated GUIDs only implemented for interfaces!
 -> (artifact id: '138e74524cee18ebe6ece22db86c18ca') in 0.058156 seconds
Number of updated asset objects reloaded before import = 0
Number of asset objects unloaded after import = 3
========================================================================
Received Import Request.
  Time since last request: 0.000055 seconds.
  path: Assets/Simple UI/Simple Vector Icons/128px/UI_Icon_BtnDpadHorizontal.png
  artifactKey: Guid(cea5fe64bfc704a388419369708ae062) Importer(2089858483,0ecaa5967403d082aa24f35e1b516d23)
Start importing Assets/Simple UI/Simple Vector Icons/128px/UI_Icon_BtnDpadHorizontal.png using Guid(cea5fe64bfc704a388419369708ae062) Importer(2089858483,0ecaa5967403d082aa24f35e1b516d23) Generated GUIDs only implemented for interfaces!
 -> (artifact id: '198234e2fa6fcee2f758dd8c1eedb536') in 0.059313 seconds
Number of updated asset objects reloaded before import = 0
Number of asset objects unloaded after import = 3
========================================================================
Received Import Request.
  Time since last request: 0.000054 seconds.
  path: Assets/Simple UI/Simple Vector Icons/128px/UI_Icon_BtnL1.png
  artifactKey: Guid(9ad69622df82e495fb4264019aebca84) Importer(2089858483,0ecaa5967403d082aa24f35e1b516d23)
Start importing Assets/Simple UI/Simple Vector Icons/128px/UI_Icon_BtnL1.png using Guid(9ad69622df82e495fb4264019aebca84) Importer(2089858483,0ecaa5967403d082aa24f35e1b516d23) Generated GUIDs only implemented for interfaces!
 -> (artifact id: '3c8d5006667fdf9054cbd77f9f5a9ac3') in 0.276724 seconds
Number of updated asset objects reloaded before import = 0
Number of asset objects unloaded after import = 3
========================================================================
Received Import Request.
  Time since last request: 0.000022 seconds.
  path: Assets/Simple UI/Resource Icons/Source/UI_Graphic_Resource_Food.eps
  artifactKey: Guid(34b781b8fbe8f4df586ee90c6767d590) Importer(2089858483,0ecaa5967403d082aa24f35e1b516d23)
Start importing Assets/Simple UI/Resource Icons/Source/UI_Graphic_Resource_Food.eps using Guid(34b781b8fbe8f4df586ee90c6767d590) Importer(2089858483,0ecaa5967403d082aa24f35e1b516d23) Generated GUIDs only implemented for interfaces!
 -> (artifact id: '99e92d6d1abc2ca4215a85073bc59b11') in 0.010048 seconds
Number of updated asset objects reloaded before import = 0
Number of asset objects unloaded after import = 1
========================================================================
Received Import Request.
  Time since last request: 0.000116 seconds.
  path: Assets/Simple UI/Resource Icons/Source/UI_Graphic_Resource_Hammer.eps
  artifactKey: Guid(bc9f14705a56c4793b57892a9c90d78e) Importer(2089858483,0ecaa5967403d082aa24f35e1b516d23)
Start importing Assets/Simple UI/Resource Icons/Source/UI_Graphic_Resource_Hammer.eps using Guid(bc9f14705a56c4793b57892a9c90d78e) Importer(2089858483,0ecaa5967403d082aa24f35e1b516d23) Generated GUIDs only implemented for interfaces!
 -> (artifact id: 'd37d91aa995f6f9d9fb9a3154d6e0f77') in 0.009854 seconds
Number of updated asset objects reloaded before import = 0
Number of asset objects unloaded after import = 1
========================================================================
Received Import Request.
  Time since last request: 0.000160 seconds.
  path: Assets/Simple UI/Simple Vector Icons/128px/UI_Icon_ArrowUp.png
  artifactKey: Guid(3094434a7bbf64ceaa9998294597b3cc) Importer(2089858483,0ecaa5967403d082aa24f35e1b516d23)
Start importing Assets/Simple UI/Simple Vector Icons/128px/UI_Icon_ArrowUp.png using Guid(3094434a7bbf64ceaa9998294597b3cc) Importer(2089858483,0ecaa5967403d082aa24f35e1b516d23) Generated GUIDs only implemented for interfaces!
 -> (artifact id: '0f601f921b9e4bc5e4b9ffa5a4856c0d') in 0.050505 seconds
Number of updated asset objects reloaded before import = 0
Number of asset objects unloaded after import = 3
========================================================================
Received Import Request.
  Time since last request: 0.000121 seconds.
  path: Assets/Simple UI/Simple Vector Icons/128px/UI_Icon_BtnPsSquare.png
  artifactKey: Guid(4a60f9dbfdccd422eabc6a34d9043fb0) Importer(2089858483,0ecaa5967403d082aa24f35e1b516d23)
Start importing Assets/Simple UI/Simple Vector Icons/128px/UI_Icon_BtnPsSquare.png using Guid(4a60f9dbfdccd422eabc6a34d9043fb0) Importer(2089858483,0ecaa5967403d082aa24f35e1b516d23) Generated GUIDs only implemented for interfaces!
 -> (artifact id: '9906a797318a6aaa2f1f3ba3d0e343e0') in 0.072120 seconds
Number of updated asset objects reloaded before import = 0
Number of asset objects unloaded after import = 3
========================================================================
Received Import Request.
  Time since last request: 0.000013 seconds.
  path: Assets/Simple UI/Simple Vector Icons/128px/UI_Icon_BtnDpadDirLeft.png
  artifactKey: Guid(6c56e03a9cef14c469173805b9c14b4a) Importer(2089858483,0ecaa5967403d082aa24f35e1b516d23)
Start importing Assets/Simple UI/Simple Vector Icons/128px/UI_Icon_BtnDpadDirLeft.png using Guid(6c56e03a9cef14c469173805b9c14b4a) Importer(2089858483,0ecaa5967403d082aa24f35e1b516d23) Generated GUIDs only implemented for interfaces!
 -> (artifact id: '0c75e40cc4d4ff41010493659c12635a') in 0.065967 seconds
Number of updated asset objects reloaded before import = 0
Number of asset objects unloaded after import = 3
========================================================================
Received Import Request.
  Time since last request: 0.000107 seconds.
  path: Assets/Simple UI/Simple Vector Icons/128px/UI_Icon_BtnPsCircleRound.png
  artifactKey: Guid(0b1c8857294754a87b00ddba848708b5) Importer(2089858483,0ecaa5967403d082aa24f35e1b516d23)
Start importing Assets/Simple UI/Simple Vector Icons/128px/UI_Icon_BtnPsCircleRound.png using Guid(0b1c8857294754a87b00ddba848708b5) Importer(2089858483,0ecaa5967403d082aa24f35e1b516d23) Generated GUIDs only implemented for interfaces!
 -> (artifact id: '7d16d78b6f4adbce9ebd3796a7ffdf93') in 0.053429 seconds
Number of updated asset objects reloaded before import = 0
Number of asset objects unloaded after import = 3
========================================================================
Received Import Request.
  Time since last request: 0.000039 seconds.
  path: Assets/Simple UI/Simple Vector Icons/128px/UI_Icon_BtnDpadVertical.png
  artifactKey: Guid(8589f17bb82ca48efbea91600e1dff77) Importer(2089858483,0ecaa5967403d082aa24f35e1b516d23)
Start importing Assets/Simple UI/Simple Vector Icons/128px/UI_Icon_BtnDpadVertical.png using Guid(8589f17bb82ca48efbea91600e1dff77) Importer(2089858483,0ecaa5967403d082aa24f35e1b516d23) Generated GUIDs only implemented for interfaces!
 -> (artifact id: 'da63f429124d2565bbccbb6a9f7d2a7d') in 0.046028 seconds
Number of updated asset objects reloaded before import = 0
Number of asset objects unloaded after import = 3
========================================================================
Received Import Request.
  Time since last request: 0.000070 seconds.
  path: Assets/Simple UI/Simple Vector Icons/128px/UI_Icon_Book.png
  artifactKey: Guid(114551c53d3154e31bc9184812a8acc8) Importer(2089858483,0ecaa5967403d082aa24f35e1b516d23)
Start importing Assets/Simple UI/Simple Vector Icons/128px/UI_Icon_Book.png using Guid(114551c53d3154e31bc9184812a8acc8) Importer(2089858483,0ecaa5967403d082aa24f35e1b516d23) Generated GUIDs only implemented for interfaces!
 -> (artifact id: '6639c0b7462058edd581167676c0f5ca') in 0.056770 seconds
Number of updated asset objects reloaded before import = 0
Number of asset objects unloaded after import = 3
========================================================================
Received Import Request.
  Time since last request: 0.000012 seconds.
  path: Assets/Simple UI/Simple Vector Icons/128px/UI_Icon_BtnDpad.png
  artifactKey: Guid(a270e680cc65c4b71a235bd56811e3ff) Importer(2089858483,0ecaa5967403d082aa24f35e1b516d23)
Start importing Assets/Simple UI/Simple Vector Icons/128px/UI_Icon_BtnDpad.png using Guid(a270e680cc65c4b71a235bd56811e3ff) Importer(2089858483,0ecaa5967403d082aa24f35e1b516d23) Generated GUIDs only implemented for interfaces!
 -> (artifact id: 'effe247582eec2cc722a9c3fff5c98dc') in 0.060128 seconds
Number of updated asset objects reloaded before import = 0
Number of asset objects unloaded after import = 3
========================================================================
Received Import Request.
  Time since last request: 0.000047 seconds.
  path: Assets/Simple UI/Simple Vector Icons/128px/UI_Icon_Bag1.png
  artifactKey: Guid(129666415d3ac468d94696522eec6526) Importer(2089858483,0ecaa5967403d082aa24f35e1b516d23)
Start importing Assets/Simple UI/Simple Vector Icons/128px/UI_Icon_Bag1.png using Guid(129666415d3ac468d94696522eec6526) Importer(2089858483,0ecaa5967403d082aa24f35e1b516d23) Generated GUIDs only implemented for interfaces!
 -> (artifact id: 'b0b4e8f19f6e1673f57d8f5d98fb00ef') in 0.082963 seconds
Number of updated asset objects reloaded before import = 0
Number of asset objects unloaded after import = 3
========================================================================
Received Import Request.
  Time since last request: 0.000014 seconds.
  path: Assets/Simple UI/Simple Vector Icons/128px/UI_Icon_BtnXboxARound.png
  artifactKey: Guid(3fcbf3c34055d4aeabb89e0082d31369) Importer(2089858483,0ecaa5967403d082aa24f35e1b516d23)
Start importing Assets/Simple UI/Simple Vector Icons/128px/UI_Icon_BtnXboxARound.png using Guid(3fcbf3c34055d4aeabb89e0082d31369) Importer(2089858483,0ecaa5967403d082aa24f35e1b516d23) Generated GUIDs only implemented for interfaces!
 -> (artifact id: 'c8ff7130fcfec112206e60a892e11bc4') in 0.083095 seconds
Number of updated asset objects reloaded before import = 0
Number of asset objects unloaded after import = 3
========================================================================
Received Import Request.
  Time since last request: 0.000084 seconds.
  path: Assets/Simple UI/Simple Vector Icons/128px/UI_Icon_BtnR3.png
  artifactKey: Guid(46bc1c3f938c34408a5c1146bc1d90fc) Importer(2089858483,0ecaa5967403d082aa24f35e1b516d23)
Start importing Assets/Simple UI/Simple Vector Icons/128px/UI_Icon_BtnR3.png using Guid(46bc1c3f938c34408a5c1146bc1d90fc) Importer(2089858483,0ecaa5967403d082aa24f35e1b516d23) Generated GUIDs only implemented for interfaces!
 -> (artifact id: '195e21dc7815cd92c6aff4b2af70733e') in 0.037107 seconds
Number of updated asset objects reloaded before import = 0
Number of asset objects unloaded after import = 3
========================================================================
Received Import Request.
  Time since last request: 0.000021 seconds.
  path: Assets/Simple UI/Simple Vector Icons/128px/UI_Icon_BtnXboxBRound.png
  artifactKey: Guid(514453681a5c149ea80a3cc34802c9c4) Importer(2089858483,0ecaa5967403d082aa24f35e1b516d23)
Start importing Assets/Simple UI/Simple Vector Icons/128px/UI_Icon_BtnXboxBRound.png using Guid(514453681a5c149ea80a3cc34802c9c4) Importer(2089858483,0ecaa5967403d082aa24f35e1b516d23) Generated GUIDs only implemented for interfaces!
 -> (artifact id: '368be96669fbc3278fe3d932ea068f5d') in 0.118338 seconds
Number of updated asset objects reloaded before import = 0
Number of asset objects unloaded after import = 3
========================================================================
Received Import Request.
  Time since last request: 0.000015 seconds.
  path: Assets/Simple UI/Simple Vector Icons/128px/UI_Icon_Bomb.png
  artifactKey: Guid(8e488ad39dab0445e9f9c24b9f0be75b) Importer(2089858483,0ecaa5967403d082aa24f35e1b516d23)
Start importing Assets/Simple UI/Simple Vector Icons/128px/UI_Icon_Bomb.png using Guid(8e488ad39dab0445e9f9c24b9f0be75b) Importer(2089858483,0ecaa5967403d082aa24f35e1b516d23) Generated GUIDs only implemented for interfaces!
 -> (artifact id: 'b5333d4f8133a9822b9a02f8a0845f11') in 0.072478 seconds
Number of updated asset objects reloaded before import = 0
Number of asset objects unloaded after import = 3
========================================================================
Received Import Request.
  Time since last request: 0.000092 seconds.
  path: Assets/Simple UI/PNG/UI_Frame_Transparent.png
  artifactKey: Guid(66982843b793e4fca92ac00569f2a7ad) Importer(2089858483,0ecaa5967403d082aa24f35e1b516d23)
Start importing Assets/Simple UI/PNG/UI_Frame_Transparent.png using Guid(66982843b793e4fca92ac00569f2a7ad) Importer(2089858483,0ecaa5967403d082aa24f35e1b516d23) Generated GUIDs only implemented for interfaces!
 -> (artifact id: '2319911dd6f78f59042b896a7c0117b2') in 0.047653 seconds
Number of updated asset objects reloaded before import = 0
Number of asset objects unloaded after import = 3
========================================================================
Received Import Request.
  Time since last request: 0.000102 seconds.
  path: Assets/Simple UI/PNG/UI_Button_Standard_Green.png
  artifactKey: Guid(17ef8c2e6bda845ca82eb3e56635a961) Importer(2089858483,0ecaa5967403d082aa24f35e1b516d23)
Start importing Assets/Simple UI/PNG/UI_Button_Standard_Green.png using Guid(17ef8c2e6bda845ca82eb3e56635a961) Importer(2089858483,0ecaa5967403d082aa24f35e1b516d23) Generated GUIDs only implemented for interfaces!
 -> (artifact id: '941db3b771507c34c8781e2560e5d03f') in 0.064837 seconds
Number of updated asset objects reloaded before import = 0
Number of asset objects unloaded after import = 3
========================================================================
Received Import Request.
  Time since last request: 0.000015 seconds.
  path: Assets/Scripts/CommonLibs/VecInt2.cs
  artifactKey: Guid(04f6a0e9c9eb8ef46b85e224731ebd49) Importer(2089858483,0ecaa5967403d082aa24f35e1b516d23)
Start importing Assets/Scripts/CommonLibs/VecInt2.cs using Guid(04f6a0e9c9eb8ef46b85e224731ebd49) Importer(2089858483,0ecaa5967403d082aa24f35e1b516d23) Generated GUIDs only implemented for interfaces!
 -> (artifact id: 'd558f4b58e952d1d561b9e2afd7291e4') in 0.009373 seconds
Number of updated asset objects reloaded before import = 0
Number of asset objects unloaded after import = 1
========================================================================
Received Import Request.
  Time since last request: 0.000071 seconds.
  path: Assets/Simple UI/Samples/Shop.unity
  artifactKey: Guid(7c3172757e1ee47b996adc7736c63853) Importer(2089858483,0ecaa5967403d082aa24f35e1b516d23)
Start importing Assets/Simple UI/Samples/Shop.unity using Guid(7c3172757e1ee47b996adc7736c63853) Importer(2089858483,0ecaa5967403d082aa24f35e1b516d23) Generated GUIDs only implemented for interfaces!
 -> (artifact id: 'fc4670b1de8c22b777560fb0c14fb6d2') in 0.010105 seconds
Number of updated asset objects reloaded before import = 0
Number of asset objects unloaded after import = 1
========================================================================
Received Import Request.
  Time since last request: 0.000120 seconds.
  path: Assets/GoogleMobileAds/Platforms/Android/MobileAdsClient.cs
  artifactKey: Guid(9efbe79a398474b1fb942b960e7367b4) Importer(2089858483,0ecaa5967403d082aa24f35e1b516d23)
Start importing Assets/GoogleMobileAds/Platforms/Android/MobileAdsClient.cs using Guid(9efbe79a398474b1fb942b960e7367b4) Importer(2089858483,0ecaa5967403d082aa24f35e1b516d23) Generated GUIDs only implemented for interfaces!
 -> (artifact id: 'e44d39cdd53172475ecf1288f7008b71') in 0.009327 seconds
Number of updated asset objects reloaded before import = 0
Number of asset objects unloaded after import = 1
========================================================================
Received Import Request.
  Time since last request: 0.000013 seconds.
  path: Assets/Scripts/Commons/SceneReloader.cs
  artifactKey: Guid(609cf76b7485f1249b16c130a8d4beed) Importer(2089858483,0ecaa5967403d082aa24f35e1b516d23)
Start importing Assets/Scripts/Commons/SceneReloader.cs using Guid(609cf76b7485f1249b16c130a8d4beed) Importer(2089858483,0ecaa5967403d082aa24f35e1b516d23) Generated GUIDs only implemented for interfaces!
 -> (artifact id: '936fe2b79650710cfa9f39b61fa06a99') in 0.009695 seconds
Number of updated asset objects reloaded before import = 0
Number of asset objects unloaded after import = 1
========================================================================
Received Import Request.
  Time since last request: 0.000137 seconds.
  path: Assets/Simple UI/Simple Vector Icons/128px/UI_Icon_BtnL2.png
  artifactKey: Guid(aab3b05e57ec54452920863e19e43d17) Importer(2089858483,0ecaa5967403d082aa24f35e1b516d23)
Start importing Assets/Simple UI/Simple Vector Icons/128px/UI_Icon_BtnL2.png using Guid(aab3b05e57ec54452920863e19e43d17) Importer(2089858483,0ecaa5967403d082aa24f35e1b516d23) Generated GUIDs only implemented for interfaces!
 -> (artifact id: 'fa6090b4da8705084e2256624e29cfc3') in 0.094550 seconds
Number of updated asset objects reloaded before import = 0
Number of asset objects unloaded after import = 3
========================================================================
Received Import Request.
  Time since last request: 0.000064 seconds.
  path: Assets/Simple UI/PNG/UI_Tab_Inactive.png
  artifactKey: Guid(4858e152cf1864da293ed77efa6f4e31) Importer(2089858483,0ecaa5967403d082aa24f35e1b516d23)
Start importing Assets/Simple UI/PNG/UI_Tab_Inactive.png using Guid(4858e152cf1864da293ed77efa6f4e31) Importer(2089858483,0ecaa5967403d082aa24f35e1b516d23) Generated GUIDs only implemented for interfaces!
 -> (artifact id: 'ef822e759608c3e9a08556568c44c322') in 0.054472 seconds
Number of updated asset objects reloaded before import = 0
Number of asset objects unloaded after import = 3
========================================================================
Received Import Request.
  Time since last request: 0.000018 seconds.
  path: Assets/GoogleMobileAds/Platforms/Android/BannerClient.cs
  artifactKey: Guid(cd0003e7fdcd843daa86113292ce0446) Importer(2089858483,0ecaa5967403d082aa24f35e1b516d23)
Start importing Assets/GoogleMobileAds/Platforms/Android/BannerClient.cs using Guid(cd0003e7fdcd843daa86113292ce0446) Importer(2089858483,0ecaa5967403d082aa24f35e1b516d23) Generated GUIDs only implemented for interfaces!
 -> (artifact id: '9940319dbf229ae63c63924317dc6972') in 0.013158 seconds
Number of updated asset objects reloaded before import = 0
Number of asset objects unloaded after import = 1
========================================================================
Received Import Request.
  Time since last request: 0.000024 seconds.
  path: Assets/Simple UI/Simple Vector Icons/128px/UI_Icon_BtnR2.png
  artifactKey: Guid(430148cdf7ad04d65a815c2648c97cce) Importer(2089858483,0ecaa5967403d082aa24f35e1b516d23)
Start importing Assets/Simple UI/Simple Vector Icons/128px/UI_Icon_BtnR2.png using Guid(430148cdf7ad04d65a815c2648c97cce) Importer(2089858483,0ecaa5967403d082aa24f35e1b516d23) Generated GUIDs only implemented for interfaces!
 -> (artifact id: '6e5d03ca5515f3062c20ba342aadbc38') in 0.062587 seconds
Number of updated asset objects reloaded before import = 0
Number of asset objects unloaded after import = 3
========================================================================
Received Import Request.
  Time since last request: 0.000049 seconds.
  path: Assets/Simple UI/PNG/UI_Button_Standard_Sky.png
  artifactKey: Guid(a4f28b6fb67fb4658addf98ee532a7ac) Importer(2089858483,0ecaa5967403d082aa24f35e1b516d23)
Start importing Assets/Simple UI/PNG/UI_Button_Standard_Sky.png using Guid(a4f28b6fb67fb4658addf98ee532a7ac) Importer(2089858483,0ecaa5967403d082aa24f35e1b516d23) Generated GUIDs only implemented for interfaces!
 -> (artifact id: 'e20146998d5eca6f2ef6932e409a2321') in 0.119928 seconds
Number of updated asset objects reloaded before import = 0
Number of asset objects unloaded after import = 3
========================================================================
Received Import Request.
  Time since last request: 0.000080 seconds.
  path: Assets/Materials/eff_wind_1.mat
  artifactKey: Guid(85ff0e8ed75f542a2a6009d16b39c939) Importer(2089858483,0ecaa5967403d082aa24f35e1b516d23)
Start importing Assets/Materials/eff_wind_1.mat using Guid(85ff0e8ed75f542a2a6009d16b39c939) Importer(2089858483,0ecaa5967403d082aa24f35e1b516d23) Generated GUIDs only implemented for interfaces!
 -> (artifact id: '0acd118179b552e4afcb39993cebec31') in 0.061475 seconds
Number of updated asset objects reloaded before import = 0
Number of asset objects unloaded after import = 2
========================================================================
Received Import Request.
  Time since last request: 0.000013 seconds.
  path: Assets/Sprites/jup0vss1.jpg
  artifactKey: Guid(5cdb477434f23e34795276962607a86e) Importer(2089858483,0ecaa5967403d082aa24f35e1b516d23)
Start importing Assets/Sprites/jup0vss1.jpg using Guid(5cdb477434f23e34795276962607a86e) Importer(2089858483,0ecaa5967403d082aa24f35e1b516d23) Generated GUIDs only implemented for interfaces!
 -> (artifact id: '69f0422951d69a64d35bff8b781e1f7b') in 0.048370 seconds
Number of updated asset objects reloaded before import = 0
Number of asset objects unloaded after import = 1
========================================================================
Received Import Request.
  Time since last request: 0.000105 seconds.
  path: Assets/Sprites/mar0kuu2.jpg
  artifactKey: Guid(5423638b1bd05014aa4a424d696b6978) Importer(2089858483,0ecaa5967403d082aa24f35e1b516d23)
Start importing Assets/Sprites/mar0kuu2.jpg using Guid(5423638b1bd05014aa4a424d696b6978) Importer(2089858483,0ecaa5967403d082aa24f35e1b516d23) Generated GUIDs only implemented for interfaces!
 -> (artifact id: 'cf95148770b5e5826c6f9d8f9a40580e') in 0.027598 seconds
Number of updated asset objects reloaded before import = 0
Number of asset objects unloaded after import = 1
========================================================================
Received Import Request.
  Time since last request: 0.000147 seconds.
  path: Assets/Scripts/back2.jpg
  artifactKey: Guid(832944245742d4f4790b9ebb0138dbb2) Importer(2089858483,0ecaa5967403d082aa24f35e1b516d23)
Start importing Assets/Scripts/back2.jpg using Guid(832944245742d4f4790b9ebb0138dbb2) Importer(2089858483,0ecaa5967403d082aa24f35e1b516d23) Generated GUIDs only implemented for interfaces!
 -> (artifact id: '7f5e8e30df8607dffe8ff5410c70a8d0') in 0.086863 seconds
Number of updated asset objects reloaded before import = 0
Number of asset objects unloaded after import = 3
========================================================================
Received Import Request.
  Time since last request: 0.000016 seconds.
  path: Assets/GoogleMobileAds/Common/IAdLoaderClient.cs
  artifactKey: Guid(e703b22fc2fa4419585d4be4933b84f9) Importer(2089858483,0ecaa5967403d082aa24f35e1b516d23)
Start importing Assets/GoogleMobileAds/Common/IAdLoaderClient.cs using Guid(e703b22fc2fa4419585d4be4933b84f9) Importer(2089858483,0ecaa5967403d082aa24f35e1b516d23) Generated GUIDs only implemented for interfaces!
 -> (artifact id: '73e370a20625d7b19d02a798b20363e8') in 0.013009 seconds
Number of updated asset objects reloaded before import = 0
Number of asset objects unloaded after import = 1
========================================================================
Received Import Request.
  Time since last request: 0.000128 seconds.
  path: Assets/GoogleMobileAds/Api/CustomNativeTemplateAd.cs
  artifactKey: Guid(6f029b4086c1141ffad2e59dd23f14f4) Importer(2089858483,0ecaa5967403d082aa24f35e1b516d23)
Start importing Assets/GoogleMobileAds/Api/CustomNativeTemplateAd.cs using Guid(6f029b4086c1141ffad2e59dd23f14f4) Importer(2089858483,0ecaa5967403d082aa24f35e1b516d23) Generated GUIDs only implemented for interfaces!
 -> (artifact id: '6b2ebc7cd07fd581d6d360b7c2b1f545') in 0.010145 seconds
Number of updated asset objects reloaded before import = 0
Number of asset objects unloaded after import = 1
========================================================================
Received Import Request.
  Time since last request: 0.000120 seconds.
  path: Assets/Simple UI/Simple Vector Icons/128px/UI_Icon_ArrowDown.png
  artifactKey: Guid(a206b58a619a643bb81972e54d831360) Importer(2089858483,0ecaa5967403d082aa24f35e1b516d23)
Start importing Assets/Simple UI/Simple Vector Icons/128px/UI_Icon_ArrowDown.png using Guid(a206b58a619a643bb81972e54d831360) Importer(2089858483,0ecaa5967403d082aa24f35e1b516d23) Generated GUIDs only implemented for interfaces!
 -> (artifact id: 'ac98bce68b9ba17f4d364f24ecd0962e') in 0.051751 seconds
Number of updated asset objects reloaded before import = 0
Number of asset objects unloaded after import = 3
========================================================================
Received Import Request.
  Time since last request: 0.000056 seconds.
  path: Assets/Simple UI/Samples/Background.png
  artifactKey: Guid(744b884f5ab1b4aefb7838eeec4d046a) Importer(2089858483,0ecaa5967403d082aa24f35e1b516d23)
Start importing Assets/Simple UI/Samples/Background.png using Guid(744b884f5ab1b4aefb7838eeec4d046a) Importer(2089858483,0ecaa5967403d082aa24f35e1b516d23) Generated GUIDs only implemented for interfaces!
 -> (artifact id: 'b4e10ebecd053803a0cf8dbf9e62214b') in 0.060408 seconds
Number of updated asset objects reloaded before import = 0
Number of asset objects unloaded after import = 3
========================================================================
Received Import Request.
  Time since last request: 0.000216 seconds.
  path: Assets/Plugins/Android/android.arch.core.common-1.0.0.jar
  artifactKey: Guid(8fa9bb4b0e6ab9c35818344b95d90a44) Importer(2089858483,0ecaa5967403d082aa24f35e1b516d23)
Start importing Assets/Plugins/Android/android.arch.core.common-1.0.0.jar using Guid(8fa9bb4b0e6ab9c35818344b95d90a44) Importer(2089858483,0ecaa5967403d082aa24f35e1b516d23) Generated GUIDs only implemented for interfaces!
 -> (artifact id: 'acc61f5155e9f947c276aceed4336703') in 0.019803 seconds
Number of updated asset objects reloaded before import = 0
Number of asset objects unloaded after import = 1
========================================================================
Received Import Request.
  Time since last request: 0.000135 seconds.
  path: Assets/GoogleMobileAds/Platforms/iOS/InterstitialClient.cs
  artifactKey: Guid(613e5f324478242909ace8f1b8bc0790) Importer(2089858483,0ecaa5967403d082aa24f35e1b516d23)
Start importing Assets/GoogleMobileAds/Platforms/iOS/InterstitialClient.cs using Guid(613e5f324478242909ace8f1b8bc0790) Importer(2089858483,0ecaa5967403d082aa24f35e1b516d23) Generated GUIDs only implemented for interfaces!
 -> (artifact id: '3ff9ad9ac2d5e9d5d5427bd63879a7f4') in 0.009516 seconds
Number of updated asset objects reloaded before import = 0
Number of asset objects unloaded after import = 1
========================================================================
Received Import Request.
  Time since last request: 0.000158 seconds.
  path: Assets/Scripts/Commons/LoadManager.cs
  artifactKey: Guid(8186f19b1fbce1a49996e7845743d9cb) Importer(2089858483,0ecaa5967403d082aa24f35e1b516d23)
Start importing Assets/Scripts/Commons/LoadManager.cs using Guid(8186f19b1fbce1a49996e7845743d9cb) Importer(2089858483,0ecaa5967403d082aa24f35e1b516d23) Generated GUIDs only implemented for interfaces!
 -> (artifact id: '48025a8e3a5ebaf6f12d0ce811153f23') in 0.009735 seconds
Number of updated asset objects reloaded before import = 0
Number of asset objects unloaded after import = 1
========================================================================
Received Import Request.
  Time since last request: 0.000016 seconds.
  path: Assets/Simple UI/Simple Vector Icons/128px/UI_Icon_BtnXboxA.png
  artifactKey: Guid(c01434ff7cbbe4d89a9f9e75a9b40096) Importer(2089858483,0ecaa5967403d082aa24f35e1b516d23)
Start importing Assets/Simple UI/Simple Vector Icons/128px/UI_Icon_BtnXboxA.png using Guid(c01434ff7cbbe4d89a9f9e75a9b40096) Importer(2089858483,0ecaa5967403d082aa24f35e1b516d23) Generated GUIDs only implemented for interfaces!
 -> (artifact id: '8192c6d6a32b01ad66310f2cb748e597') in 0.047255 seconds
Number of updated asset objects reloaded before import = 0
Number of asset objects unloaded after import = 3
========================================================================
Received Import Request.
  Time since last request: 0.000103 seconds.
  path: Assets/Simple UI/Simple Vector Icons/128px/UI_Icon_Hammer.png
  artifactKey: Guid(b7253613cfa2a4c2d91991fe707baa47) Importer(2089858483,0ecaa5967403d082aa24f35e1b516d23)
Start importing Assets/Simple UI/Simple Vector Icons/128px/UI_Icon_Hammer.png using Guid(b7253613cfa2a4c2d91991fe707baa47) Importer(2089858483,0ecaa5967403d082aa24f35e1b516d23) Generated GUIDs only implemented for interfaces!
 -> (artifact id: 'ef7abdce2e7bff83c662b47140709e68') in 0.100597 seconds
Number of updated asset objects reloaded before import = 0
Number of asset objects unloaded after import = 3
========================================================================
Received Import Request.
  Time since last request: 0.000013 seconds.
  path: Assets/Simple UI/Simple Vector Icons/128px/UI_Icon_FullscreenExit.png
  artifactKey: Guid(40326d99531e547368b3959b040f548d) Importer(2089858483,0ecaa5967403d082aa24f35e1b516d23)
Start importing Assets/Simple UI/Simple Vector Icons/128px/UI_Icon_FullscreenExit.png using Guid(40326d99531e547368b3959b040f548d) Importer(2089858483,0ecaa5967403d082aa24f35e1b516d23) Generated GUIDs only implemented for interfaces!
 -> (artifact id: 'e99e013035e9529f30ddfc511ccd6046') in 0.114845 seconds
Number of updated asset objects reloaded before import = 0
Number of asset objects unloaded after import = 3
========================================================================
Received Import Request.
  Time since last request: 0.000067 seconds.
  path: Assets/Simple UI/Simple Vector Icons/128px/UI_Icon_CurrencyRuble.png
  artifactKey: Guid(b960247ed33f94932a571b7d8f190005) Importer(2089858483,0ecaa5967403d082aa24f35e1b516d23)
Start importing Assets/Simple UI/Simple Vector Icons/128px/UI_Icon_CurrencyRuble.png using Guid(b960247ed33f94932a571b7d8f190005) Importer(2089858483,0ecaa5967403d082aa24f35e1b516d23) Generated GUIDs only implemented for interfaces!
 -> (artifact id: 'e36a55f57c410f41354a575bdad321e9') in 0.137844 seconds
Number of updated asset objects reloaded before import = 0
Number of asset objects unloaded after import = 3
========================================================================
Received Import Request.
  Time since last request: 0.000068 seconds.
  path: Assets/Simple UI/Simple Vector Icons/128px/UI_Icon_Heart.png
  artifactKey: Guid(7d0300708d0334da0ab356e0b81be9c5) Importer(2089858483,0ecaa5967403d082aa24f35e1b516d23)
Start importing Assets/Simple UI/Simple Vector Icons/128px/UI_Icon_Heart.png using Guid(7d0300708d0334da0ab356e0b81be9c5) Importer(2089858483,0ecaa5967403d082aa24f35e1b516d23) Generated GUIDs only implemented for interfaces!
 -> (artifact id: 'b4d8e82c3b8c4a05ee91697cbd2a1f6e') in 0.054500 seconds
Number of updated asset objects reloaded before import = 0
Number of asset objects unloaded after import = 3
========================================================================
Received Import Request.
  Time since last request: 0.000082 seconds.
  path: Assets/Simple UI/Simple Vector Icons/128px/UI_Icon_InvBelt.png
  artifactKey: Guid(1677cb219d55e44c49f41594977f7a69) Importer(2089858483,0ecaa5967403d082aa24f35e1b516d23)
Start importing Assets/Simple UI/Simple Vector Icons/128px/UI_Icon_InvBelt.png using Guid(1677cb219d55e44c49f41594977f7a69) Importer(2089858483,0ecaa5967403d082aa24f35e1b516d23) Generated GUIDs only implemented for interfaces!
 -> (artifact id: '5ebd988ae4a5cbaee986239012368c4b') in 0.313927 seconds
Number of updated asset objects reloaded before import = 0
Number of asset objects unloaded after import = 3
========================================================================
Received Import Request.
  Time since last request: 0.000057 seconds.
  path: Assets/Simple UI/Simple Vector Icons/128px/UI_Icon_Like.png
  artifactKey: Guid(444bc4695230a4b8c9d121a234316ee1) Importer(2089858483,0ecaa5967403d082aa24f35e1b516d23)
Start importing Assets/Simple UI/Simple Vector Icons/128px/UI_Icon_Like.png using Guid(444bc4695230a4b8c9d121a234316ee1) Importer(2089858483,0ecaa5967403d082aa24f35e1b516d23) Generated GUIDs only implemented for interfaces!
 -> (artifact id: 'a1efacd421707f597ce812a704abf82f') in 0.063731 seconds
Number of updated asset objects reloaded before import = 0
Number of asset objects unloaded after import = 3
========================================================================
Received Import Request.
  Time since last request: 0.000034 seconds.
  path: Assets/Simple UI/Simple Vector Icons/128px/UI_Icon_Exit.png
  artifactKey: Guid(9c0317cc400ad4528a83748fbe57026b) Importer(2089858483,0ecaa5967403d082aa24f35e1b516d23)
Start importing Assets/Simple UI/Simple Vector Icons/128px/UI_Icon_Exit.png using Guid(9c0317cc400ad4528a83748fbe57026b) Importer(2089858483,0ecaa5967403d082aa24f35e1b516d23) Generated GUIDs only implemented for interfaces!
 -> (artifact id: '41db760c4307162b2e794fc1b3cc3aa3') in 0.077758 seconds
Number of updated asset objects reloaded before import = 0
Number of asset objects unloaded after import = 3
========================================================================
Received Import Request.
  Time since last request: 0.000078 seconds.
  path: Assets/Simple UI/Simple Vector Icons/128px/UI_Icon_Fill.png
  artifactKey: Guid(47378b401f2244ca682fc9c4874a7491) Importer(2089858483,0ecaa5967403d082aa24f35e1b516d23)
Start importing Assets/Simple UI/Simple Vector Icons/128px/UI_Icon_Fill.png using Guid(47378b401f2244ca682fc9c4874a7491) Importer(2089858483,0ecaa5967403d082aa24f35e1b516d23) Generated GUIDs only implemented for interfaces!
 -> (artifact id: '320b3890cb82ecad6f83762ac630fa36') in 0.055880 seconds
Number of updated asset objects reloaded before import = 0
Number of asset objects unloaded after import = 3
========================================================================
Received Import Request.
  Time since last request: 0.000019 seconds.
  path: Assets/Simple UI/Simple Vector Icons/128px/UI_Icon_Checkbox.png
  artifactKey: Guid(471dddd3448b24a8ebee7497c4833508) Importer(2089858483,0ecaa5967403d082aa24f35e1b516d23)
Start importing Assets/Simple UI/Simple Vector Icons/128px/UI_Icon_Checkbox.png using Guid(471dddd3448b24a8ebee7497c4833508) Importer(2089858483,0ecaa5967403d082aa24f35e1b516d23) Generated GUIDs only implemented for interfaces!
 -> (artifact id: '3017a9480e55cf2b11cf67c798ae2c4d') in 0.069897 seconds
Number of updated asset objects reloaded before import = 0
Number of asset objects unloaded after import = 3
========================================================================
Received Import Request.
  Time since last request: 0.000054 seconds.
  path: Assets/Simple UI/Simple Vector Icons/128px/UI_Icon_Menu.png
  artifactKey: Guid(4628c53c55aeb4fa69f30d6526815ea5) Importer(2089858483,0ecaa5967403d082aa24f35e1b516d23)
Start importing Assets/Simple UI/Simple Vector Icons/128px/UI_Icon_Menu.png using Guid(4628c53c55aeb4fa69f30d6526815ea5) Importer(2089858483,0ecaa5967403d082aa24f35e1b516d23) Generated GUIDs only implemented for interfaces!
 -> (artifact id: 'e3469a6cf4c70bcf10a5d0c15c06fa99') in 0.059012 seconds
Number of updated asset objects reloaded before import = 0
Number of asset objects unloaded after import = 3
========================================================================
Received Import Request.
  Time since last request: 0.000017 seconds.
  path: Assets/Simple UI/Simple Vector Icons/128px/UI_Icon_InvChest.png
  artifactKey: Guid(0ddb6a63b571e45aaa2a79a02320b48a) Importer(2089858483,0ecaa5967403d082aa24f35e1b516d23)
Start importing Assets/Simple UI/Simple Vector Icons/128px/UI_Icon_InvChest.png using Guid(0ddb6a63b571e45aaa2a79a02320b48a) Importer(2089858483,0ecaa5967403d082aa24f35e1b516d23) Generated GUIDs only implemented for interfaces!
 -> (artifact id: '3ad6ba735644412fb16db704f27cb443') in 0.062217 seconds
Number of updated asset objects reloaded before import = 0
Number of asset objects unloaded after import = 3
========================================================================
Received Import Request.
  Time since last request: 0.000013 seconds.
  path: Assets/Simple UI/Simple Vector Icons/128px/UI_Icon_CurrencyPound.png
  artifactKey: Guid(6e753e213dd784664939a6a1da81cb6c) Importer(2089858483,0ecaa5967403d082aa24f35e1b516d23)
Start importing Assets/Simple UI/Simple Vector Icons/128px/UI_Icon_CurrencyPound.png using Guid(6e753e213dd784664939a6a1da81cb6c) Importer(2089858483,0ecaa5967403d082aa24f35e1b516d23) Generated GUIDs only implemented for interfaces!
 -> (artifact id: 'cd33337278d335e4f8aef9753ba61a9b') in 0.051402 seconds
Number of updated asset objects reloaded before import = 0
Number of asset objects unloaded after import = 3
========================================================================
Received Import Request.
  Time since last request: 0.000013 seconds.
  path: Assets/Simple UI/Simple Vector Icons/128px/UI_Icon_Map.png
  artifactKey: Guid(89f93152faed24625907e3439c323517) Importer(2089858483,0ecaa5967403d082aa24f35e1b516d23)
Start importing Assets/Simple UI/Simple Vector Icons/128px/UI_Icon_Map.png using Guid(89f93152faed24625907e3439c323517) Importer(2089858483,0ecaa5967403d082aa24f35e1b516d23) Generated GUIDs only implemented for interfaces!
 -> (artifact id: '101041598a1b98a11ef4802b3d183cbd') in 0.046620 seconds
Number of updated asset objects reloaded before import = 0
Number of asset objects unloaded after import = 3
========================================================================
Received Import Request.
  Time since last request: 0.000015 seconds.
  path: Assets/Simple UI/Simple Vector Icons/128px/UI_Icon_GenderMale2.png
  artifactKey: Guid(b946f393c5dc74f90adc5fec8c422dfc) Importer(2089858483,0ecaa5967403d082aa24f35e1b516d23)
Start importing Assets/Simple UI/Simple Vector Icons/128px/UI_Icon_GenderMale2.png using Guid(b946f393c5dc74f90adc5fec8c422dfc) Importer(2089858483,0ecaa5967403d082aa24f35e1b516d23) Generated GUIDs only implemented for interfaces!
 -> (artifact id: '22a20a2275a59b9f1ca2dabe7491ed17') in 0.042933 seconds
Number of updated asset objects reloaded before import = 0
Number of asset objects unloaded after import = 3
========================================================================
Received Import Request.
  Time since last request: 0.000021 seconds.
  path: Assets/Simple UI/Simple Vector Icons/128px/UI_Icon_GenderFemale1.png
  artifactKey: Guid(6a7fb5bc941e44768ac005493f4a9981) Importer(2089858483,0ecaa5967403d082aa24f35e1b516d23)
Start importing Assets/Simple UI/Simple Vector Icons/128px/UI_Icon_GenderFemale1.png using Guid(6a7fb5bc941e44768ac005493f4a9981) Importer(2089858483,0ecaa5967403d082aa24f35e1b516d23) Generated GUIDs only implemented for interfaces!
 -> (artifact id: 'a1723fc3b487664f449f69e525698a03') in 0.060005 seconds
Number of updated asset objects reloaded before import = 0
Number of asset objects unloaded after import = 3
========================================================================
Received Import Request.
  Time since last request: 0.000012 seconds.
  path: Assets/Simple UI/Simple Vector Icons/128px/UI_Icon_InvRing.png
  artifactKey: Guid(2720d660655974d97a46e6eab23fbc78) Importer(2089858483,0ecaa5967403d082aa24f35e1b516d23)
Start importing Assets/Simple UI/Simple Vector Icons/128px/UI_Icon_InvRing.png using Guid(2720d660655974d97a46e6eab23fbc78) Importer(2089858483,0ecaa5967403d082aa24f35e1b516d23) Generated GUIDs only implemented for interfaces!
 -> (artifact id: '2d56ba49ed09ba09a343e8f15832b994') in 0.086591 seconds
Number of updated asset objects reloaded before import = 0
Number of asset objects unloaded after import = 3
========================================================================
Received Import Request.
  Time since last request: 0.000094 seconds.
  path: Assets/Simple UI/Simple Vector Icons/128px/UI_Icon_Compass.png
  artifactKey: Guid(16a47246152fe48cbb57a8aa706009d9) Importer(2089858483,0ecaa5967403d082aa24f35e1b516d23)
Start importing Assets/Simple UI/Simple Vector Icons/128px/UI_Icon_Compass.png using Guid(16a47246152fe48cbb57a8aa706009d9) Importer(2089858483,0ecaa5967403d082aa24f35e1b516d23) Generated GUIDs only implemented for interfaces!
 -> (artifact id: '2ed6869a8a8a0ae68b13b87a11e4a9e8') in 0.044943 seconds
Number of updated asset objects reloaded before import = 0
Number of asset objects unloaded after import = 3
========================================================================
Received Import Request.
  Time since last request: 0.000063 seconds.
  path: Assets/Simple UI/Simple Vector Icons/128px/UI_Icon_Play.png
  artifactKey: Guid(1c26aa839c12c474dbe3a4523faaf2da) Importer(2089858483,0ecaa5967403d082aa24f35e1b516d23)
Start importing Assets/Simple UI/Simple Vector Icons/128px/UI_Icon_Play.png using Guid(1c26aa839c12c474dbe3a4523faaf2da) Importer(2089858483,0ecaa5967403d082aa24f35e1b516d23) Generated GUIDs only implemented for interfaces!
 -> (artifact id: '88be34bfe2b1a6978fc7f03f56104ead') in 0.102083 seconds
Number of updated asset objects reloaded before import = 0
Number of asset objects unloaded after import = 3
========================================================================
Received Import Request.
  Time since last request: 0.000048 seconds.
  path: Assets/Simple UI/Simple Vector Icons/128px/UI_Icon_Moon.png
  artifactKey: Guid(967e539568d304550b66f56514b77677) Importer(2089858483,0ecaa5967403d082aa24f35e1b516d23)
Start importing Assets/Simple UI/Simple Vector Icons/128px/UI_Icon_Moon.png using Guid(967e539568d304550b66f56514b77677) Importer(2089858483,0ecaa5967403d082aa24f35e1b516d23) Generated GUIDs only implemented for interfaces!
 -> (artifact id: '16f55742d1c0030568ce458d19c461b4') in 0.036943 seconds
Number of updated asset objects reloaded before import = 0
Number of asset objects unloaded after import = 3
========================================================================
Received Import Request.
  Time since last request: 0.000056 seconds.
  path: Assets/Simple UI/Simple Vector Icons/128px/UI_Icon_Pause.png
  artifactKey: Guid(0adda4eeb38b84d18ac75a595c851ba1) Importer(2089858483,0ecaa5967403d082aa24f35e1b516d23)
Start importing Assets/Simple UI/Simple Vector Icons/128px/UI_Icon_Pause.png using Guid(0adda4eeb38b84d18ac75a595c851ba1) Importer(2089858483,0ecaa5967403d082aa24f35e1b516d23) Generated GUIDs only implemented for interfaces!
 -> (artifact id: '505bada251b5fe9b3919868f1567ada6') in 0.109657 seconds
Number of updated asset objects reloaded before import = 0
Number of asset objects unloaded after import = 3
========================================================================
Received Import Request.
  Time since last request: 0.000058 seconds.
  path: Assets/Simple UI/Simple Vector Icons/128px/UI_Icon_FastForward.png
  artifactKey: Guid(c1a7f1d38bd88404f847d06740d7fc57) Importer(2089858483,0ecaa5967403d082aa24f35e1b516d23)
Start importing Assets/Simple UI/Simple Vector Icons/128px/UI_Icon_FastForward.png using Guid(c1a7f1d38bd88404f847d06740d7fc57) Importer(2089858483,0ecaa5967403d082aa24f35e1b516d23) Generated GUIDs only implemented for interfaces!
 -> (artifact id: '9e46730a76fb910baf3d68ba11a43590') in 0.054948 seconds
Number of updated asset objects reloaded before import = 0
Number of asset objects unloaded after import = 3
========================================================================
Received Import Request.
  Time since last request: 0.000072 seconds.
  path: Assets/Simple UI/Simple Vector Icons/128px/UI_Icon_Percentage.png
  artifactKey: Guid(07d48dbff6c1644e99c6a63cac68118f) Importer(2089858483,0ecaa5967403d082aa24f35e1b516d23)
Start importing Assets/Simple UI/Simple Vector Icons/128px/UI_Icon_Percentage.png using Guid(07d48dbff6c1644e99c6a63cac68118f) Importer(2089858483,0ecaa5967403d082aa24f35e1b516d23) Generated GUIDs only implemented for interfaces!
 -> (artifact id: 'd458d842cd81cc50bb789bc5d4dcb6e2') in 0.064478 seconds
Number of updated asset objects reloaded before import = 0
Number of asset objects unloaded after import = 3
========================================================================
Received Import Request.
  Time since last request: 0.000062 seconds.
  path: Assets/Simple UI/Simple Vector Icons/128px/UI_Icon_Coin.png
  artifactKey: Guid(f1431f3676b9544289e0b4c024d4d809) Importer(2089858483,0ecaa5967403d082aa24f35e1b516d23)
Start importing Assets/Simple UI/Simple Vector Icons/128px/UI_Icon_Coin.png using Guid(f1431f3676b9544289e0b4c024d4d809) Importer(2089858483,0ecaa5967403d082aa24f35e1b516d23) Generated GUIDs only implemented for interfaces!
 -> (artifact id: '9284a4af46d06c1c95a9beef34a84d74') in 0.041766 seconds
Number of updated asset objects reloaded before import = 0
Number of asset objects unloaded after import = 3
========================================================================
Received Import Request.
  Time since last request: 0.000077 seconds.
  path: Assets/Simple UI/Simple Vector Icons/128px/UI_Icon_FileFolder.png
  artifactKey: Guid(4054f9945059b46e988e8b853c338b37) Importer(2089858483,0ecaa5967403d082aa24f35e1b516d23)
Start importing Assets/Simple UI/Simple Vector Icons/128px/UI_Icon_FileFolder.png using Guid(4054f9945059b46e988e8b853c338b37) Importer(2089858483,0ecaa5967403d082aa24f35e1b516d23) Generated GUIDs only implemented for interfaces!
 -> (artifact id: 'a2d6ea479d7347531b20db3adfcc56fd') in 0.235895 seconds
Number of updated asset objects reloaded before import = 0
Number of asset objects unloaded after import = 3
========================================================================
Received Import Request.
  Time since last request: 0.000032 seconds.
  path: Assets/Simple UI/Simple Vector Icons/128px/UI_Icon_Sandclock.png
  artifactKey: Guid(1276653a4c2d448b3b558e3943c3970f) Importer(2089858483,0ecaa5967403d082aa24f35e1b516d23)
Start importing Assets/Simple UI/Simple Vector Icons/128px/UI_Icon_Sandclock.png using Guid(1276653a4c2d448b3b558e3943c3970f) Importer(2089858483,0ecaa5967403d082aa24f35e1b516d23) Generated GUIDs only implemented for interfaces!
 -> (artifact id: '562bc306b5eefd7721f6a734c95b049c') in 0.096641 seconds
Number of updated asset objects reloaded before import = 0
Number of asset objects unloaded after import = 3
========================================================================
Received Import Request.
  Time since last request: 0.000077 seconds.
  path: Assets/Simple UI/Simple Vector Icons/128px/UI_Icon_Results.png
  artifactKey: Guid(194b0f580382441cb9c13d6f2c655dfc) Importer(2089858483,0ecaa5967403d082aa24f35e1b516d23)
Start importing Assets/Simple UI/Simple Vector Icons/128px/UI_Icon_Results.png using Guid(194b0f580382441cb9c13d6f2c655dfc) Importer(2089858483,0ecaa5967403d082aa24f35e1b516d23) Generated GUIDs only implemented for interfaces!
 -> (artifact id: 'bbe8fb764334f960b843c79f18705631') in 0.071168 seconds
Number of updated asset objects reloaded before import = 0
Number of asset objects unloaded after import = 3
========================================================================
Received Import Request.
  Time since last request: 0.000033 seconds.
  path: Assets/Simple UI/Simple Vector Icons/128px/UI_Icon_Flag.png
  artifactKey: Guid(04321403867bb44298eb35f81f929146) Importer(2089858483,0ecaa5967403d082aa24f35e1b516d23)
Start importing Assets/Simple UI/Simple Vector Icons/128px/UI_Icon_Flag.png using Guid(04321403867bb44298eb35f81f929146) Importer(2089858483,0ecaa5967403d082aa24f35e1b516d23) Generated GUIDs only implemented for interfaces!
 -> (artifact id: 'bc0782e94e4fd3ad40c3436664f59193') in 0.057041 seconds
Number of updated asset objects reloaded before import = 0
Number of asset objects unloaded after import = 3
========================================================================
Received Import Request.
  Time since last request: 0.000086 seconds.
  path: Assets/Simple UI/Simple Vector Icons/128px/UI_Icon_Confirm.png
  artifactKey: Guid(88924534b9ea345778719b733ed99479) Importer(2089858483,0ecaa5967403d082aa24f35e1b516d23)
Start importing Assets/Simple UI/Simple Vector Icons/128px/UI_Icon_Confirm.png using Guid(88924534b9ea345778719b733ed99479) Importer(2089858483,0ecaa5967403d082aa24f35e1b516d23) Generated GUIDs only implemented for interfaces!
 -> (artifact id: '4059c5170473b63062f9a8ec28ae5c84') in 0.039227 seconds
Number of updated asset objects reloaded before import = 0
Number of asset objects unloaded after import = 3
========================================================================
Received Import Request.
  Time since last request: 0.000092 seconds.
  path: Assets/Simple UI/Simple Vector Icons/128px/UI_Icon_Sale.png
  artifactKey: Guid(3e5a8768cc0ba406d9e7c4b4f372407b) Importer(2089858483,0ecaa5967403d082aa24f35e1b516d23)
Start importing Assets/Simple UI/Simple Vector Icons/128px/UI_Icon_Sale.png using Guid(3e5a8768cc0ba406d9e7c4b4f372407b) Importer(2089858483,0ecaa5967403d082aa24f35e1b516d23) Generated GUIDs only implemented for interfaces!
 -> (artifact id: 'd212448ac2877c4dd7a642a3abec0508') in 0.068362 seconds
Number of updated asset objects reloaded before import = 0
Number of asset objects unloaded after import = 3
========================================================================
Received Import Request.
  Time since last request: 0.000028 seconds.
  path: Assets/Simple UI/Simple Vector Icons/128px/UI_Icon_GenderMale1.png
  artifactKey: Guid(7854c5ee07b074e4a89f23651781930a) Importer(2089858483,0ecaa5967403d082aa24f35e1b516d23)
Start importing Assets/Simple UI/Simple Vector Icons/128px/UI_Icon_GenderMale1.png using Guid(7854c5ee07b074e4a89f23651781930a) Importer(2089858483,0ecaa5967403d082aa24f35e1b516d23) Generated GUIDs only implemented for interfaces!
 -> (artifact id: 'b28ceacfc02fcabaed452d5e5b8078e2') in 0.046470 seconds
Number of updated asset objects reloaded before import = 0
Number of asset objects unloaded after import = 3
========================================================================
Received Import Request.
  Time since last request: 0.000078 seconds.
  path: Assets/Simple UI/Simple Vector Icons/128px/UI_Icon_SmileyHappy.png
  artifactKey: Guid(0847850ae17ff4ba2bcfcbd337da4f69) Importer(2089858483,0ecaa5967403d082aa24f35e1b516d23)
Start importing Assets/Simple UI/Simple Vector Icons/128px/UI_Icon_SmileyHappy.png using Guid(0847850ae17ff4ba2bcfcbd337da4f69) Importer(2089858483,0ecaa5967403d082aa24f35e1b516d23) Generated GUIDs only implemented for interfaces!
 -> (artifact id: 'd9f240b444c32adf217b907758e35203') in 0.085548 seconds
Number of updated asset objects reloaded before import = 0
Number of asset objects unloaded after import = 3
========================================================================
Received Import Request.
  Time since last request: 0.000084 seconds.
  path: Assets/Simple UI/Simple Vector Icons/128px/UI_Icon_Skull.png
  artifactKey: Guid(450e0fb9d04cc4ad6b5ee0226f3e1ea2) Importer(2089858483,0ecaa5967403d082aa24f35e1b516d23)
Start importing Assets/Simple UI/Simple Vector Icons/128px/UI_Icon_Skull.png using Guid(450e0fb9d04cc4ad6b5ee0226f3e1ea2) Importer(2089858483,0ecaa5967403d082aa24f35e1b516d23) Generated GUIDs only implemented for interfaces!
 -> (artifact id: 'ab2ffbd64251ef523701d1c42dba1700') in 0.060059 seconds
Number of updated asset objects reloaded before import = 0
Number of asset objects unloaded after import = 3
========================================================================
Received Import Request.
  Time since last request: 0.000121 seconds.
  path: Assets/Simple UI/Simple Vector Icons/128px/UI_Icon_Share.png
  artifactKey: Guid(a6a50a73746c64cc7a0f7dad33c33465) Importer(2089858483,0ecaa5967403d082aa24f35e1b516d23)
Start importing Assets/Simple UI/Simple Vector Icons/128px/UI_Icon_Share.png using Guid(a6a50a73746c64cc7a0f7dad33c33465) Importer(2089858483,0ecaa5967403d082aa24f35e1b516d23) Generated GUIDs only implemented for interfaces!
 -> (artifact id: '5a18a4058ae8d97210f8e5de40b4cdf4') in 0.068850 seconds
Number of updated asset objects reloaded before import = 0
Number of asset objects unloaded after import = 3
========================================================================
Received Import Request.
  Time since last request: 0.000120 seconds.
  path: Assets/Simple UI/Simple Vector Icons/128px/UI_Icon_MicOn.png
  artifactKey: Guid(0a221a01ffb194072b4c1457b5435e5b) Importer(2089858483,0ecaa5967403d082aa24f35e1b516d23)
Start importing Assets/Simple UI/Simple Vector Icons/128px/UI_Icon_MicOn.png using Guid(0a221a01ffb194072b4c1457b5435e5b) Importer(2089858483,0ecaa5967403d082aa24f35e1b516d23) Generated GUIDs only implemented for interfaces!
 -> (artifact id: '5af5ee1347a7bcd830fc59eaf8507c8f') in 0.044987 seconds
Number of updated asset objects reloaded before import = 0
Number of asset objects unloaded after import = 3
========================================================================
Received Import Request.
  Time since last request: 0.000043 seconds.
  path: Assets/Simple UI/Simple Vector Icons/128px/UI_Icon_Delete.png
  artifactKey: Guid(00678b7991dee44a89338a6354a42372) Importer(2089858483,0ecaa5967403d082aa24f35e1b516d23)
Start importing Assets/Simple UI/Simple Vector Icons/128px/UI_Icon_Delete.png using Guid(00678b7991dee44a89338a6354a42372) Importer(2089858483,0ecaa5967403d082aa24f35e1b516d23) Generated GUIDs only implemented for interfaces!
 -> (artifact id: '5f164559c2de41de967c21f883349992') in 0.097698 seconds
Number of updated asset objects reloaded before import = 0
Number of asset objects unloaded after import = 3
========================================================================
Received Import Request.
  Time since last request: 0.000021 seconds.
  path: Assets/Simple UI/Simple Vector Icons/128px/UI_Icon_MusicOn.png
  artifactKey: Guid(5adfb0b2988b84ec4ae62cd5d2d0b229) Importer(2089858483,0ecaa5967403d082aa24f35e1b516d23)
Start importing Assets/Simple UI/Simple Vector Icons/128px/UI_Icon_MusicOn.png using Guid(5adfb0b2988b84ec4ae62cd5d2d0b229) Importer(2089858483,0ecaa5967403d082aa24f35e1b516d23) Generated GUIDs only implemented for interfaces!
 -> (artifact id: '813e9e36a830d133e7a192530647a662') in 0.140347 seconds
Number of updated asset objects reloaded before import = 0
Number of asset objects unloaded after import = 3
========================================================================
Received Import Request.
  Time since last request: 0.000021 seconds.
  path: Assets/Simple UI/Simple Vector Icons/128px/UI_Icon_Stop.png
  artifactKey: Guid(98c97713bc58246d382975939d863c4b) Importer(2089858483,0ecaa5967403d082aa24f35e1b516d23)
Start importing Assets/Simple UI/Simple Vector Icons/128px/UI_Icon_Stop.png using Guid(98c97713bc58246d382975939d863c4b) Importer(2089858483,0ecaa5967403d082aa24f35e1b516d23) Generated GUIDs only implemented for interfaces!
 -> (artifact id: '07e06905d6b2a6fcf638d9c8d99fb902') in 0.040849 seconds
Number of updated asset objects reloaded before import = 0
Number of asset objects unloaded after import = 3
========================================================================
Received Import Request.
  Time since last request: 0.000068 seconds.
  path: Assets/Simple UI/Simple Vector Icons/128px/UI_Icon_SmileyNeutral.png
  artifactKey: Guid(d586ce8205daa4d2c84ef3553570f087) Importer(2089858483,0ecaa5967403d082aa24f35e1b516d23)
Start importing Assets/Simple UI/Simple Vector Icons/128px/UI_Icon_SmileyNeutral.png using Guid(d586ce8205daa4d2c84ef3553570f087) Importer(2089858483,0ecaa5967403d082aa24f35e1b516d23) Generated GUIDs only implemented for interfaces!
 -> (artifact id: '40f8ae24c877c81a7dea954666c5e053') in 0.042259 seconds
Number of updated asset objects reloaded before import = 0
Number of asset objects unloaded after import = 3
========================================================================
Received Import Request.
  Time since last request: 0.000017 seconds.
  path: Assets/Simple UI/Simple Vector Icons/128px/UI_Icon_SmileyUnhappy.png
  artifactKey: Guid(f2643421932a441f294d812ebfcf924f) Importer(2089858483,0ecaa5967403d082aa24f35e1b516d23)
Start importing Assets/Simple UI/Simple Vector Icons/128px/UI_Icon_SmileyUnhappy.png using Guid(f2643421932a441f294d812ebfcf924f) Importer(2089858483,0ecaa5967403d082aa24f35e1b516d23) Generated GUIDs only implemented for interfaces!
 -> (artifact id: '960ce97b071def36db3b0dd45d20507b') in 0.055881 seconds
Number of updated asset objects reloaded before import = 0
Number of asset objects unloaded after import = 3
========================================================================
Received Import Request.
  Time since last request: 0.000078 seconds.
  path: Assets/Simple UI/Simple Vector Icons/128px/UI_Icon_SocialTwitter2.png
  artifactKey: Guid(4d9dc85fcbf9946fdb6d19d1fca7f9c0) Importer(2089858483,0ecaa5967403d082aa24f35e1b516d23)
Start importing Assets/Simple UI/Simple Vector Icons/128px/UI_Icon_SocialTwitter2.png using Guid(4d9dc85fcbf9946fdb6d19d1fca7f9c0) Importer(2089858483,0ecaa5967403d082aa24f35e1b516d23) Generated GUIDs only implemented for interfaces!
 -> (artifact id: 'cb22e7533b7e0e489ac8a79d680c18e2') in 0.060147 seconds
Number of updated asset objects reloaded before import = 0
Number of asset objects unloaded after import = 3
========================================================================
Received Import Request.
  Time since last request: 0.000056 seconds.
  path: Assets/Simple UI/Simple Vector Icons/128px/UI_Icon_Star.png
  artifactKey: Guid(d365619b52a6d4dafa5f0c5b0eb74f99) Importer(2089858483,0ecaa5967403d082aa24f35e1b516d23)
Start importing Assets/Simple UI/Simple Vector Icons/128px/UI_Icon_Star.png using Guid(d365619b52a6d4dafa5f0c5b0eb74f99) Importer(2089858483,0ecaa5967403d082aa24f35e1b516d23) Generated GUIDs only implemented for interfaces!
 -> (artifact id: '7b78f9d0d7d6e2c8ba4389bbc4b2230d') in 0.056353 seconds
Number of updated asset objects reloaded before import = 0
Number of asset objects unloaded after import = 3
========================================================================
Received Import Request.
  Time since last request: 0.000069 seconds.
  path: Assets/Simple UI/Simple Vector Icons/128px/UI_Icon_SocialFacebook.png
  artifactKey: Guid(3f91cfe620296424cba5aa18b1680ab3) Importer(2089858483,0ecaa5967403d082aa24f35e1b516d23)
Start importing Assets/Simple UI/Simple Vector Icons/128px/UI_Icon_SocialFacebook.png using Guid(3f91cfe620296424cba5aa18b1680ab3) Importer(2089858483,0ecaa5967403d082aa24f35e1b516d23) Generated GUIDs only implemented for interfaces!
 -> (artifact id: '50205c9f0161d7fe48df1ab63300198d') in 0.060253 seconds
Number of updated asset objects reloaded before import = 0
Number of asset objects unloaded after import = 3
========================================================================
Received Import Request.
  Time since last request: 0.000064 seconds.
  path: Assets/Simple UI/Simple Vector Icons/128px/UI_Icon_Skip.png
  artifactKey: Guid(29d9397f3cbeb4e9daeb92cb64f06d53) Importer(2089858483,0ecaa5967403d082aa24f35e1b516d23)
Start importing Assets/Simple UI/Simple Vector Icons/128px/UI_Icon_Skip.png using Guid(29d9397f3cbeb4e9daeb92cb64f06d53) Importer(2089858483,0ecaa5967403d082aa24f35e1b516d23) Generated GUIDs only implemented for interfaces!
 -> (artifact id: 'fb878f30cb1a3e03fa046a2286855d99') in 0.049981 seconds
Number of updated asset objects reloaded before import = 0
Number of asset objects unloaded after import = 3
========================================================================
Received Import Request.
  Time since last request: 0.000017 seconds.
  path: Assets/Simple UI/Simple Vector Icons/128px/UI_Icon_Medal.png
  artifactKey: Guid(bcf8d106e826f4eb9abe624f1f80e5f7) Importer(2089858483,0ecaa5967403d082aa24f35e1b516d23)
Start importing Assets/Simple UI/Simple Vector Icons/128px/UI_Icon_Medal.png using Guid(bcf8d106e826f4eb9abe624f1f80e5f7) Importer(2089858483,0ecaa5967403d082aa24f35e1b516d23) Generated GUIDs only implemented for interfaces!
 -> (artifact id: '742820227664560fd2e687a7163aafc2') in 0.046247 seconds
Number of updated asset objects reloaded before import = 0
Number of asset objects unloaded after import = 3
========================================================================
Received Import Request.
  Time since last request: 0.000014 seconds.
  path: Assets/Simple UI/Simple Vector Icons/128px/UI_Icon_Shuffle.png
  artifactKey: Guid(1188ef83168d74301a665144c5c45882) Importer(2089858483,0ecaa5967403d082aa24f35e1b516d23)
Start importing Assets/Simple UI/Simple Vector Icons/128px/UI_Icon_Shuffle.png using Guid(1188ef83168d74301a665144c5c45882) Importer(2089858483,0ecaa5967403d082aa24f35e1b516d23) Generated GUIDs only implemented for interfaces!
 -> (artifact id: '8ed0c8623acff809d82be10acfb62835') in 0.076187 seconds
Number of updated asset objects reloaded before import = 0
Number of asset objects unloaded after import = 3
========================================================================
Received Import Request.
  Time since last request: 0.000061 seconds.
  path: Assets/Simple UI/Simple Vector Icons/128px/UI_Icon_InputKeyboard.png
  artifactKey: Guid(7f9619ea3fe994e228f57b0861f47fa2) Importer(2089858483,0ecaa5967403d082aa24f35e1b516d23)
Start importing Assets/Simple UI/Simple Vector Icons/128px/UI_Icon_InputKeyboard.png using Guid(7f9619ea3fe994e228f57b0861f47fa2) Importer(2089858483,0ecaa5967403d082aa24f35e1b516d23) Generated GUIDs only implemented for interfaces!
 -> (artifact id: 'e366abbe66fe6651899e2006b35c2bba') in 0.064874 seconds
Number of updated asset objects reloaded before import = 0
Number of asset objects unloaded after import = 3
========================================================================
Received Import Request.
  Time since last request: 0.000057 seconds.
  path: Assets/Simple UI/Simple Vector Icons/128px/UI_Icon_Versus.png
  artifactKey: Guid(cde26d34f953b4122bd277d3be2ae0ca) Importer(2089858483,0ecaa5967403d082aa24f35e1b516d23)
Start importing Assets/Simple UI/Simple Vector Icons/128px/UI_Icon_Versus.png using Guid(cde26d34f953b4122bd277d3be2ae0ca) Importer(2089858483,0ecaa5967403d082aa24f35e1b516d23) Generated GUIDs only implemented for interfaces!
 -> (artifact id: '9fd1dc9589956ac515ed5b394d37ec18') in 0.045421 seconds
Number of updated asset objects reloaded before import = 0
Number of asset objects unloaded after import = 3
========================================================================
Received Import Request.
  Time since last request: 0.000013 seconds.
  path: Assets/Simple UI/Simple Vector Icons/128px/UI_Icon_Water.png
  artifactKey: Guid(13bcbf5c51749461585b2fe7f96e77f7) Importer(2089858483,0ecaa5967403d082aa24f35e1b516d23)
Start importing Assets/Simple UI/Simple Vector Icons/128px/UI_Icon_Water.png using Guid(13bcbf5c51749461585b2fe7f96e77f7) Importer(2089858483,0ecaa5967403d082aa24f35e1b516d23) Generated GUIDs only implemented for interfaces!
 -> (artifact id: '14b07c3c12c2b90c451cdc9070cc4d20') in 0.071488 seconds
Number of updated asset objects reloaded before import = 0
Number of asset objects unloaded after import = 3
========================================================================
Received Import Request.
  Time since last request: 0.000062 seconds.
  path: Assets/Simple UI/Simple Vector Icons/128px/UI_Icon_TogglePrevious.png
  artifactKey: Guid(e29e398c6bfa34294a3c94667db60d53) Importer(2089858483,0ecaa5967403d082aa24f35e1b516d23)
Start importing Assets/Simple UI/Simple Vector Icons/128px/UI_Icon_TogglePrevious.png using Guid(e29e398c6bfa34294a3c94667db60d53) Importer(2089858483,0ecaa5967403d082aa24f35e1b516d23) Generated GUIDs only implemented for interfaces!
 -> (artifact id: '124ca7274c9c097c996d39ef9ee8524c') in 0.056296 seconds
Number of updated asset objects reloaded before import = 0
Number of asset objects unloaded after import = 3
========================================================================
Received Import Request.
  Time since last request: 0.000016 seconds.
  path: Assets/Simple UI/Simple Vector Icons/128px/UI_Icon_Target.png
  artifactKey: Guid(87f376a736cea4550ad1466f64a2f432) Importer(2089858483,0ecaa5967403d082aa24f35e1b516d23)
Start importing Assets/Simple UI/Simple Vector Icons/128px/UI_Icon_Target.png using Guid(87f376a736cea4550ad1466f64a2f432) Importer(2089858483,0ecaa5967403d082aa24f35e1b516d23) Generated GUIDs only implemented for interfaces!
 -> (artifact id: 'a35cf925710d433d8a83a20ff85b783b') in 0.073406 seconds
Number of updated asset objects reloaded before import = 0
Number of asset objects unloaded after import = 3
========================================================================
Received Import Request.
  Time since last request: 0.000041 seconds.
  path: Assets/Simple UI/Simple Vector Icons/128px/UI_Icon_Text.png
  artifactKey: Guid(0782981ddb2ab492db7af5b2c2b2a290) Importer(2089858483,0ecaa5967403d082aa24f35e1b516d23)
Start importing Assets/Simple UI/Simple Vector Icons/128px/UI_Icon_Text.png using Guid(0782981ddb2ab492db7af5b2c2b2a290) Importer(2089858483,0ecaa5967403d082aa24f35e1b516d23) Generated GUIDs only implemented for interfaces!
 -> (artifact id: '5a6e62bd4fbd266678dc559b410a1473') in 0.046058 seconds
Number of updated asset objects reloaded before import = 0
Number of asset objects unloaded after import = 3
========================================================================
Received Import Request.
  Time since last request: 0.000018 seconds.
  path: Assets/Simple UI/Simple Vector Icons/128px/UI_Icon_Stopwatch.png
  artifactKey: Guid(6d7fb080a242144fead8f1a24d60f188) Importer(2089858483,0ecaa5967403d082aa24f35e1b516d23)
Start importing Assets/Simple UI/Simple Vector Icons/128px/UI_Icon_Stopwatch.png using Guid(6d7fb080a242144fead8f1a24d60f188) Importer(2089858483,0ecaa5967403d082aa24f35e1b516d23) Generated GUIDs only implemented for interfaces!
 -> (artifact id: 'd556a8a9dc120d4d989a1f9b47c347d8') in 0.093046 seconds
Number of updated asset objects reloaded before import = 0
Number of asset objects unloaded after import = 3
========================================================================
Received Import Request.
  Time since last request: 0.000013 seconds.
  path: Assets/Simple UI/Simple Vector Icons/128px/UI_Icon_Sun.png
  artifactKey: Guid(6ddbc057b8fff42f980de482874af88c) Importer(2089858483,0ecaa5967403d082aa24f35e1b516d23)
Start importing Assets/Simple UI/Simple Vector Icons/128px/UI_Icon_Sun.png using Guid(6ddbc057b8fff42f980de482874af88c) Importer(2089858483,0ecaa5967403d082aa24f35e1b516d23) Generated GUIDs only implemented for interfaces!
 -> (artifact id: '2ab0091ddf53f3549a4646437eaf8ef6') in 0.038791 seconds
Number of updated asset objects reloaded before import = 0
Number of asset objects unloaded after import = 3
========================================================================
Received Import Request.
  Time since last request: 0.000024 seconds.
  path: Assets/Simple UI/Simple Vector Icons/128px/UI_Icon_ZoomIn.png
  artifactKey: Guid(2fd9af2e3c38b42c5893657bc6e7c817) Importer(2089858483,0ecaa5967403d082aa24f35e1b516d23)
Start importing Assets/Simple UI/Simple Vector Icons/128px/UI_Icon_ZoomIn.png using Guid(2fd9af2e3c38b42c5893657bc6e7c817) Importer(2089858483,0ecaa5967403d082aa24f35e1b516d23) Generated GUIDs only implemented for interfaces!
 -> (artifact id: 'b42fe54b11407d350ac2badce1509d6d') in 0.053656 seconds
Number of updated asset objects reloaded before import = 0
Number of asset objects unloaded after import = 3
========================================================================
Received Import Request.
  Time since last request: 0.000016 seconds.
  path: Assets/Simple UI/Simple Vector Icons/128px/UI_Icon_Save1.png
  artifactKey: Guid(fb278a98590f648e99b37ae8a043859b) Importer(2089858483,0ecaa5967403d082aa24f35e1b516d23)
Start importing Assets/Simple UI/Simple Vector Icons/128px/UI_Icon_Save1.png using Guid(fb278a98590f648e99b37ae8a043859b) Importer(2089858483,0ecaa5967403d082aa24f35e1b516d23) Generated GUIDs only implemented for interfaces!
 -> (artifact id: '220ab346477f6cca2708eb23bc20c3cd') in 0.046009 seconds
Number of updated asset objects reloaded before import = 0
Number of asset objects unloaded after import = 3
========================================================================
Received Import Request.
  Time since last request: 0.000022 seconds.
  path: Assets/Simple UI/Simple Vector Icons/128px/UI_Icon_CurrencyYen.png
  artifactKey: Guid(51dc20df08e604f4a89561ea078e5270) Importer(2089858483,0ecaa5967403d082aa24f35e1b516d23)
Start importing Assets/Simple UI/Simple Vector Icons/128px/UI_Icon_CurrencyYen.png using Guid(51dc20df08e604f4a89561ea078e5270) Importer(2089858483,0ecaa5967403d082aa24f35e1b516d23) Generated GUIDs only implemented for interfaces!
 -> (artifact id: '544155b98f746130554f8584f5436c58') in 0.061514 seconds
Number of updated asset objects reloaded before import = 0
Number of asset objects unloaded after import = 3
========================================================================
Received Import Request.
  Time since last request: 0.000050 seconds.
  path: Assets/Simple UI/Simple Vector Icons/128px/UI_Icon_SocialTwitter1.png
  artifactKey: Guid(17c1ea275efa1420ba4a925029c4a021) Importer(2089858483,0ecaa5967403d082aa24f35e1b516d23)
Start importing Assets/Simple UI/Simple Vector Icons/128px/UI_Icon_SocialTwitter1.png using Guid(17c1ea275efa1420ba4a925029c4a021) Importer(2089858483,0ecaa5967403d082aa24f35e1b516d23) Generated GUIDs only implemented for interfaces!
 -> (artifact id: 'd1aaf2d16da0537e2bc0131763102984') in 0.153245 seconds
Number of updated asset objects reloaded before import = 0
Number of asset objects unloaded after import = 3
========================================================================
Received Import Request.
  Time since last request: 0.000052 seconds.
  path: Assets/Simple UI/Simple Vector Icons/128px/UI_Icon_OnOff.png
  artifactKey: Guid(e59038821f755425b80a80605919d6e6) Importer(2089858483,0ecaa5967403d082aa24f35e1b516d23)
Start importing Assets/Simple UI/Simple Vector Icons/128px/UI_Icon_OnOff.png using Guid(e59038821f755425b80a80605919d6e6) Importer(2089858483,0ecaa5967403d082aa24f35e1b516d23) Generated GUIDs only implemented for interfaces!
 -> (artifact id: '54b0bcdd9efcf61fb237f525a823bf4f') in 0.159108 seconds
Number of updated asset objects reloaded before import = 0
Number of asset objects unloaded after import = 3
========================================================================
Received Import Request.
  Time since last request: 0.000014 seconds.
  path: Assets/Simple UI/Simple Vector Icons/128px/UI_Icon_Curves.png
  artifactKey: Guid(e413c39057e504cd4905222e867c3386) Importer(2089858483,0ecaa5967403d082aa24f35e1b516d23)
Start importing Assets/Simple UI/Simple Vector Icons/128px/UI_Icon_Curves.png using Guid(e413c39057e504cd4905222e867c3386) Importer(2089858483,0ecaa5967403d082aa24f35e1b516d23) Generated GUIDs only implemented for interfaces!
 -> (artifact id: 'e61f8bed00e87c8021bd618093de4626') in 0.096317 seconds
Number of updated asset objects reloaded before import = 0
Number of asset objects unloaded after import = 3
========================================================================
Received Import Request.
  Time since last request: 0.000018 seconds.
  path: Assets/Simple UI/Simple Vector Icons/128px/UI_Icon_Infinite.png
  artifactKey: Guid(b01851fbf075740e18cbd6784af5bcc3) Importer(2089858483,0ecaa5967403d082aa24f35e1b516d23)
Start importing Assets/Simple UI/Simple Vector Icons/128px/UI_Icon_Infinite.png using Guid(b01851fbf075740e18cbd6784af5bcc3) Importer(2089858483,0ecaa5967403d082aa24f35e1b516d23) Generated GUIDs only implemented for interfaces!
 -> (artifact id: 'dc6733a4e8b7a3a47d27e9b5ff87ba06') in 0.064870 seconds
Number of updated asset objects reloaded before import = 0
Number of asset objects unloaded after import = 3
========================================================================
Received Import Request.
  Time since last request: 0.000034 seconds.
  path: Assets/Simple UI/Simple Vector Icons/128px/UI_Icon_Mail.png
  artifactKey: Guid(64883e218fde34d4ba187da517c43a0e) Importer(2089858483,0ecaa5967403d082aa24f35e1b516d23)
Start importing Assets/Simple UI/Simple Vector Icons/128px/UI_Icon_Mail.png using Guid(64883e218fde34d4ba187da517c43a0e) Importer(2089858483,0ecaa5967403d082aa24f35e1b516d23) Generated GUIDs only implemented for interfaces!
 -> (artifact id: 'e62956c324c7767246d09e9b05e21a64') in 0.065713 seconds
Number of updated asset objects reloaded before import = 0
Number of asset objects unloaded after import = 3
========================================================================
Received Import Request.
  Time since last request: 0.000014 seconds.
  path: Assets/Simple UI/Simple Vector Icons/128px/UI_Icon_Key.png
  artifactKey: Guid(b3015ee53a01144b982f10b99cc99c4c) Importer(2089858483,0ecaa5967403d082aa24f35e1b516d23)
Start importing Assets/Simple UI/Simple Vector Icons/128px/UI_Icon_Key.png using Guid(b3015ee53a01144b982f10b99cc99c4c) Importer(2089858483,0ecaa5967403d082aa24f35e1b516d23) Generated GUIDs only implemented for interfaces!
 -> (artifact id: 'fc9f29f3fce66ef4dd3926d9f028bc50') in 0.049535 seconds
Number of updated asset objects reloaded before import = 0
Number of asset objects unloaded after import = 3
========================================================================
Received Import Request.
  Time since last request: 0.000014 seconds.
  path: Assets/Simple UI/Simple Vector Icons/128px/UI_Icon_InputJoystick.png
  artifactKey: Guid(8900b82c5f1424dfdad2998da107d486) Importer(2089858483,0ecaa5967403d082aa24f35e1b516d23)
Start importing Assets/Simple UI/Simple Vector Icons/128px/UI_Icon_InputJoystick.png using Guid(8900b82c5f1424dfdad2998da107d486) Importer(2089858483,0ecaa5967403d082aa24f35e1b516d23) Generated GUIDs only implemented for interfaces!
 -> (artifact id: 'd5e9cbd4825c7f0dc99b76044caf9eb2') in 0.088023 seconds
Number of updated asset objects reloaded before import = 0
Number of asset objects unloaded after import = 3
========================================================================
Received Import Request.
  Time since last request: 0.000013 seconds.
  path: Assets/Standard Assets/Effects/Projectors/Textures/Light.psd
  artifactKey: Guid(b1d7fee26e54cc3498f6267f072a45b9) Importer(2089858483,0ecaa5967403d082aa24f35e1b516d23)
Start importing Assets/Standard Assets/Effects/Projectors/Textures/Light.psd using Guid(b1d7fee26e54cc3498f6267f072a45b9) Importer(2089858483,0ecaa5967403d082aa24f35e1b516d23) Generated GUIDs only implemented for interfaces!
 -> (artifact id: 'b3636679f8e37d5b0cbc320c5faf1576') in 0.197817 seconds
Number of updated asset objects reloaded before import = 0
Number of asset objects unloaded after import = 1
========================================================================
Received Import Request.
  Time since last request: 0.000110 seconds.
  path: Assets/Simple UI/Simple Vector Icons/128px/UI_Icon_ZoomOut.png
  artifactKey: Guid(28d5c0ad3155d4e329a6cd34bca25eef) Importer(2089858483,0ecaa5967403d082aa24f35e1b516d23)
Start importing Assets/Simple UI/Simple Vector Icons/128px/UI_Icon_ZoomOut.png using Guid(28d5c0ad3155d4e329a6cd34bca25eef) Importer(2089858483,0ecaa5967403d082aa24f35e1b516d23) Generated GUIDs only implemented for interfaces!
 -> (artifact id: '360a39a06bd7af5e442fc2487dcaa26c') in 0.041448 seconds
Number of updated asset objects reloaded before import = 0
Number of asset objects unloaded after import = 3
========================================================================
Received Import Request.
  Time since last request: 0.000013 seconds.
  path: Assets/Standard Assets/Effects/Projectors/Textures/Falloff.psd
  artifactKey: Guid(23740055e2b119e40a939138ab8070f8) Importer(2089858483,0ecaa5967403d082aa24f35e1b516d23)
Start importing Assets/Standard Assets/Effects/Projectors/Textures/Falloff.psd using Guid(23740055e2b119e40a939138ab8070f8) Importer(2089858483,0ecaa5967403d082aa24f35e1b516d23) Generated GUIDs only implemented for interfaces!
 -> (artifact id: '36b114fa5b6ac5213f2498d0fa39e62d') in 0.113868 seconds
Number of updated asset objects reloaded before import = 0
Number of asset objects unloaded after import = 1
========================================================================
Received Import Request.
  Time since last request: 0.000015 seconds.
  path: Assets/Standard Assets/Effects/LightFlares/Flares/50mmZoom.flare
  artifactKey: Guid(54fbbf098d116effa00081aba8ad6659) Importer(2089858483,0ecaa5967403d082aa24f35e1b516d23)
Start importing Assets/Standard Assets/Effects/LightFlares/Flares/50mmZoom.flare using Guid(54fbbf098d116effa00081aba8ad6659) Importer(2089858483,0ecaa5967403d082aa24f35e1b516d23) Generated GUIDs only implemented for interfaces!
 -> (artifact id: '27714d9f70c576f9bec8831ea1039b97') in 0.038186 seconds
Number of updated asset objects reloaded before import = 0
Number of asset objects unloaded after import = 2
========================================================================
Received Import Request.
  Time since last request: 0.000014 seconds.
  path: Assets/Standard Assets/Effects/GlassRefraction/Textures/GlassStainedNormals.tif
  artifactKey: Guid(4b8d081e9d114c7f1100f5ab44295342) Importer(2089858483,0ecaa5967403d082aa24f35e1b516d23)
Start importing Assets/Standard Assets/Effects/GlassRefraction/Textures/GlassStainedNormals.tif using Guid(4b8d081e9d114c7f1100f5ab44295342) Importer(2089858483,0ecaa5967403d082aa24f35e1b516d23) Generated GUIDs only implemented for interfaces!
 -> (artifact id: '71fbaa6ceb6826805f837889f2a8b945') in 0.060797 seconds
Number of updated asset objects reloaded before import = 0
Number of asset objects unloaded after import = 1
========================================================================
Received Import Request.
  Time since last request: 0.000078 seconds.
  path: Assets/Standard Assets/Effects/TessellationShaders/Textures/CliffHeight.png
  artifactKey: Guid(17da6d53ec93a0444bd0f751b1d02477) Importer(2089858483,0ecaa5967403d082aa24f35e1b516d23)
Start importing Assets/Standard Assets/Effects/TessellationShaders/Textures/CliffHeight.png using Guid(17da6d53ec93a0444bd0f751b1d02477) Importer(2089858483,0ecaa5967403d082aa24f35e1b516d23) Generated GUIDs only implemented for interfaces!
 -> (artifact id: 'd37069e4a4b357279e18e3c8df6f534d') in 0.057807 seconds
Number of updated asset objects reloaded before import = 0
Number of asset objects unloaded after import = 1
========================================================================
Received Import Request.
  Time since last request: 0.000016 seconds.
  path: Assets/Standard Assets/Effects/TessellationShaders/Shaders/BumpedSpecularDisplacement.shader
  artifactKey: Guid(0a4b0bce1e250a14bb534d70bce205fa) Importer(2089858483,0ecaa5967403d082aa24f35e1b516d23)
Start importing Assets/Standard Assets/Effects/TessellationShaders/Shaders/BumpedSpecularDisplacement.shader using Guid(0a4b0bce1e250a14bb534d70bce205fa) Importer(2089858483,0ecaa5967403d082aa24f35e1b516d23) Generated GUIDs only implemented for interfaces!
 -> (artifact id: 'c01134ca278d01f22ffee46f318051ab') in 0.027113 seconds
Number of updated asset objects reloaded before import = 0
Number of asset objects unloaded after import = 1
========================================================================
Received Import Request.
  Time since last request: 0.000016 seconds.
  path: Assets/Plugins/Android/GoogleMobileAdsPlugin/libs/unity-plugin-library.jar
  artifactKey: Guid(c79d2200f122b4e97aa03d076c3bf058) Importer(2089858483,0ecaa5967403d082aa24f35e1b516d23)
Start importing Assets/Plugins/Android/GoogleMobileAdsPlugin/libs/unity-plugin-library.jar using Guid(c79d2200f122b4e97aa03d076c3bf058) Importer(2089858483,0ecaa5967403d082aa24f35e1b516d23) Generated GUIDs only implemented for interfaces!
 -> (artifact id: '5aea49353bc227c01a3d1abec1159adf') in 0.011951 seconds
Number of updated asset objects reloaded before import = 0
Number of asset objects unloaded after import = 1
========================================================================
Received Import Request.
  Time since last request: 0.000014 seconds.
  path: Assets/Standard Assets/Effects/LightCookies/Textures/LightHardCookie.psd
  artifactKey: Guid(1167c0a28d11119930004d8a4241aa39) Importer(2089858483,0ecaa5967403d082aa24f35e1b516d23)
Start importing Assets/Standard Assets/Effects/LightCookies/Textures/LightHardCookie.psd using Guid(1167c0a28d11119930004d8a4241aa39) Importer(2089858483,0ecaa5967403d082aa24f35e1b516d23) Generated GUIDs only implemented for interfaces!
 -> (artifact id: '8cf0834c8e95b9ca91246cbe7e0eada8') in 0.053546 seconds
Number of updated asset objects reloaded before import = 0
Number of asset objects unloaded after import = 1
========================================================================
Received Import Request.
  Time since last request: 0.000021 seconds.
  path: Assets/Standard Assets/Effects/Projectors/Prefabs/GridProjector.prefab
  artifactKey: Guid(46b12845355544642bf8f9d0cb373af7) Importer(2089858483,0ecaa5967403d082aa24f35e1b516d23)
Start importing Assets/Standard Assets/Effects/Projectors/Prefabs/GridProjector.prefab using Guid(46b12845355544642bf8f9d0cb373af7) Importer(2089858483,0ecaa5967403d082aa24f35e1b516d23) Generated GUIDs only implemented for interfaces!
 -> (artifact id: '70a652b6c6cff87da0ecff922d09afad') in 0.220125 seconds
Number of updated asset objects reloaded before import = 0
Number of asset objects unloaded after import = 6
========================================================================
Received Import Request.
  Time since last request: 0.000109 seconds.
  path: Assets/Standard Assets/Effects/TessellationShaders/Materials/TesselatedBumpSpecular.mat
  artifactKey: Guid(a3384ef3e2313034f9016ad8a1f3999f) Importer(2089858483,0ecaa5967403d082aa24f35e1b516d23)
Start importing Assets/Standard Assets/Effects/TessellationShaders/Materials/TesselatedBumpSpecular.mat using Guid(a3384ef3e2313034f9016ad8a1f3999f) Importer(2089858483,0ecaa5967403d082aa24f35e1b516d23) Generated GUIDs only implemented for interfaces!
 -> (artifact id: '18c962f9d851373028629f18de00f665') in 0.206157 seconds
Number of updated asset objects reloaded before import = 0
Number of asset objects unloaded after import = 2
========================================================================
Received Import Request.
  Time since last request: 0.000014 seconds.
  path: Assets/Standard Assets/Effects/ToonShading/Materials/ToonLitOutline.mat
  artifactKey: Guid(5d69df9d9d11e49d110086ba44295342) Importer(2089858483,0ecaa5967403d082aa24f35e1b516d23)
Start importing Assets/Standard Assets/Effects/ToonShading/Materials/ToonLitOutline.mat using Guid(5d69df9d9d11e49d110086ba44295342) Importer(2089858483,0ecaa5967403d082aa24f35e1b516d23) Generated GUIDs only implemented for interfaces!
 -> (artifact id: '94690661289bb86d1871c10f6419bc35') in 0.071612 seconds
Number of updated asset objects reloaded before import = 0
Number of asset objects unloaded after import = 4
========================================================================
Received Import Request.
  Time since last request: 0.000013 seconds.
  path: Assets/Standard Assets/Effects/ToonShading/Shaders/ToonLitOutline.shader
  artifactKey: Guid(054a31a99d11e49d110086ba44295342) Importer(2089858483,0ecaa5967403d082aa24f35e1b516d23)
Start importing Assets/Standard Assets/Effects/ToonShading/Shaders/ToonLitOutline.shader using Guid(054a31a99d11e49d110086ba44295342) Importer(2089858483,0ecaa5967403d082aa24f35e1b516d23) Generated GUIDs only implemented for interfaces!
 -> (artifact id: 'cae08d43cd6e901ef406d54d1b041fbc') in 0.015158 seconds
Number of updated asset objects reloaded before import = 0
Number of asset objects unloaded after import = 2
========================================================================
Received Import Request.
  Time since last request: 0.000022 seconds.
  path: Assets/Standard Assets/Effects/Projectors/Textures/Grid.psd
  artifactKey: Guid(529239097d02f9f42b0ddd436c6fcbb0) Importer(2089858483,0ecaa5967403d082aa24f35e1b516d23)
Start importing Assets/Standard Assets/Effects/Projectors/Textures/Grid.psd using Guid(529239097d02f9f42b0ddd436c6fcbb0) Importer(2089858483,0ecaa5967403d082aa24f35e1b516d23) Generated GUIDs only implemented for interfaces!
 -> (artifact id: '55f61da2dbeccb8efcb5b82b7d72f1fa') in 0.054806 seconds
Number of updated asset objects reloaded before import = 0
Number of asset objects unloaded after import = 1
========================================================================
Received Import Request.
  Time since last request: 0.000055 seconds.
  path: Assets/Standard Assets/Effects/LightFlares/Flares/FlareSmall.flare
  artifactKey: Guid(9bdb18c49d114cb4300035184241aa39) Importer(2089858483,0ecaa5967403d082aa24f35e1b516d23)
Start importing Assets/Standard Assets/Effects/LightFlares/Flares/FlareSmall.flare using Guid(9bdb18c49d114cb4300035184241aa39) Importer(2089858483,0ecaa5967403d082aa24f35e1b516d23) Generated GUIDs only implemented for interfaces!
 -> (artifact id: '85c016c496e4fec5924bcca9895d7b38') in 0.017687 seconds
Number of updated asset objects reloaded before import = 0
Number of asset objects unloaded after import = 2
========================================================================
Received Import Request.
  Time since last request: 0.000073 seconds.
  path: Assets/Standard Assets/Effects/Projectors/Shaders/ProjectorLight.shader
  artifactKey: Guid(c0ace1ca4bc0718448acf798c93d52d9) Importer(2089858483,0ecaa5967403d082aa24f35e1b516d23)
Start importing Assets/Standard Assets/Effects/Projectors/Shaders/ProjectorLight.shader using Guid(c0ace1ca4bc0718448acf798c93d52d9) Importer(2089858483,0ecaa5967403d082aa24f35e1b516d23) Generated GUIDs only implemented for interfaces!
 -> (artifact id: '95aac0d5fae291b148e5e4e71eb52f87') in 0.013119 seconds
Number of updated asset objects reloaded before import = 0
Number of asset objects unloaded after import = 1
========================================================================
Received Import Request.
  Time since last request: 0.000014 seconds.
  path: Assets/Standard Assets/Effects/LightCookies/Textures/LightSoftCookie.tif
  artifactKey: Guid(8caa437b19957a045866b84c6218a0db) Importer(2089858483,0ecaa5967403d082aa24f35e1b516d23)
Start importing Assets/Standard Assets/Effects/LightCookies/Textures/LightSoftCookie.tif using Guid(8caa437b19957a045866b84c6218a0db) Importer(2089858483,0ecaa5967403d082aa24f35e1b516d23) Generated GUIDs only implemented for interfaces!
 -> (artifact id: '4c7fd3adad1926a92e86ad63fddc1570') in 0.057777 seconds
Number of updated asset objects reloaded before import = 0
Number of asset objects unloaded after import = 1
========================================================================
Received Import Request.
  Time since last request: 0.000089 seconds.
  path: Assets/Standard Assets/Effects/ImageEffects/Readme.txt
  artifactKey: Guid(cb7c1a8482a67664e95e13c16daf3adf) Importer(2089858483,0ecaa5967403d082aa24f35e1b516d23)
Start importing Assets/Standard Assets/Effects/ImageEffects/Readme.txt using Guid(cb7c1a8482a67664e95e13c16daf3adf) Importer(2089858483,0ecaa5967403d082aa24f35e1b516d23) Generated GUIDs only implemented for interfaces!
 -> (artifact id: '0d4cf04115e12e9f954810fdd987ca39') in 0.041559 seconds
Number of updated asset objects reloaded before import = 0
Number of asset objects unloaded after import = 1
========================================================================
Received Import Request.
  Time since last request: 0.000112 seconds.
  path: Assets/Standard Assets/Effects/TessellationShaders/Scenes/TessellationSample.unity
  artifactKey: Guid(31f6763de0920574092c8a69a66c717e) Importer(2089858483,0ecaa5967403d082aa24f35e1b516d23)
Start importing Assets/Standard Assets/Effects/TessellationShaders/Scenes/TessellationSample.unity using Guid(31f6763de0920574092c8a69a66c717e) Importer(2089858483,0ecaa5967403d082aa24f35e1b516d23) Generated GUIDs only implemented for interfaces!
 -> (artifact id: 'fb8207ca39edc4f5b9169e9e5864c6b8') in 0.009618 seconds
Number of updated asset objects reloaded before import = 0
Number of asset objects unloaded after import = 1
========================================================================
Received Import Request.
  Time since last request: 0.000055 seconds.
  path: Assets/Simple UI/Simple Vector Icons/Source/SimpleVectorIcons.psd
  artifactKey: Guid(c7c32571618c742fda15f890060ba9be) Importer(2089858483,0ecaa5967403d082aa24f35e1b516d23)
Start importing Assets/Simple UI/Simple Vector Icons/Source/SimpleVectorIcons.psd using Guid(c7c32571618c742fda15f890060ba9be) Importer(2089858483,0ecaa5967403d082aa24f35e1b516d23) Generated GUIDs only implemented for interfaces!
 -> (artifact id: '88dbaa0194cd5cbcfb9cc35f4588d953') in 0.061418 seconds
Number of updated asset objects reloaded before import = 0
Number of asset objects unloaded after import = 1
========================================================================
Received Import Request.
  Time since last request: 0.000019 seconds.
  path: Assets/Standard Assets/Effects/LightFlares/Textures/Flare50mm.psd
  artifactKey: Guid(23a02ac18d11c9ffa0009c58a8ad6659) Importer(2089858483,0ecaa5967403d082aa24f35e1b516d23)
Start importing Assets/Standard Assets/Effects/LightFlares/Textures/Flare50mm.psd using Guid(23a02ac18d11c9ffa0009c58a8ad6659) Importer(2089858483,0ecaa5967403d082aa24f35e1b516d23) Generated GUIDs only implemented for interfaces!
 -> (artifact id: '6630a2fbb9a62eeffb844a79c96d8b2e') in 0.033656 seconds
Number of updated asset objects reloaded before import = 0
Number of asset objects unloaded after import = 1
========================================================================
Received Import Request.
  Time since last request: 0.000089 seconds.
  path: Assets/Simple UI/Simple Vector Icons/128px/UI_Icon_HeartEmpty.png
  artifactKey: Guid(147e693f646d847a6aab3cfcd37a75b9) Importer(2089858483,0ecaa5967403d082aa24f35e1b516d23)
Start importing Assets/Simple UI/Simple Vector Icons/128px/UI_Icon_HeartEmpty.png using Guid(147e693f646d847a6aab3cfcd37a75b9) Importer(2089858483,0ecaa5967403d082aa24f35e1b516d23) Generated GUIDs only implemented for interfaces!
 -> (artifact id: 'c54b27d3c3cfd142be223a76a313e7d3') in 0.056210 seconds
Number of updated asset objects reloaded before import = 0
Number of asset objects unloaded after import = 3
========================================================================
Received Import Request.
  Time since last request: 0.000012 seconds.
  path: Assets/Standard Assets/Effects/GlassRefraction/Materials/GlassRefractive.mat
  artifactKey: Guid(848918a99d11f25f110026ca44295342) Importer(2089858483,0ecaa5967403d082aa24f35e1b516d23)
Start importing Assets/Standard Assets/Effects/GlassRefraction/Materials/GlassRefractive.mat using Guid(848918a99d11f25f110026ca44295342) Importer(2089858483,0ecaa5967403d082aa24f35e1b516d23) Generated GUIDs only implemented for interfaces!
 -> (artifact id: 'e957cf1d44a40502cbc9574afcaac192') in 0.040501 seconds
Number of updated asset objects reloaded before import = 0
Number of asset objects unloaded after import = 3
========================================================================
Received Import Request.
  Time since last request: 0.000014 seconds.
  path: Assets/Standard Assets/Effects/TessellationShaders/Materials/TesselatedBumpSpecularDisplacement.mat
  artifactKey: Guid(26d8bdbc8646bde48b05fbaacaaa6577) Importer(2089858483,0ecaa5967403d082aa24f35e1b516d23)
Start importing Assets/Standard Assets/Effects/TessellationShaders/Materials/TesselatedBumpSpecularDisplacement.mat using Guid(26d8bdbc8646bde48b05fbaacaaa6577) Importer(2089858483,0ecaa5967403d082aa24f35e1b516d23) Generated GUIDs only implemented for interfaces!
 -> (artifact id: '9a19c86d3f55eecbc1eeb4f11df5d249') in 0.019706 seconds
Number of updated asset objects reloaded before import = 0
Number of asset objects unloaded after import = 3
========================================================================
Received Import Request.
  Time since last request: 0.000013 seconds.
  path: Assets/Simple UI/Simple Vector Icons/128px/UI_Icon_Wifi.png
  artifactKey: Guid(3d489d811b5d54f3aae787a7f4b9c184) Importer(2089858483,0ecaa5967403d082aa24f35e1b516d23)
Start importing Assets/Simple UI/Simple Vector Icons/128px/UI_Icon_Wifi.png using Guid(3d489d811b5d54f3aae787a7f4b9c184) Importer(2089858483,0ecaa5967403d082aa24f35e1b516d23) Generated GUIDs only implemented for interfaces!
 -> (artifact id: 'df8495c3e82c7808579a8c2a9293d7ca') in 0.059918 seconds
Number of updated asset objects reloaded before import = 0
Number of asset objects unloaded after import = 3
========================================================================
Received Import Request.
  Time since last request: 0.000015 seconds.
  path: Assets/Simple UI/Simple Vector Icons/128px/UI_Icon_Globe.png
  artifactKey: Guid(92d6e46e01ee949f1a46fc19472bcef7) Importer(2089858483,0ecaa5967403d082aa24f35e1b516d23)
Start importing Assets/Simple UI/Simple Vector Icons/128px/UI_Icon_Globe.png using Guid(92d6e46e01ee949f1a46fc19472bcef7) Importer(2089858483,0ecaa5967403d082aa24f35e1b516d23) Generated GUIDs only implemented for interfaces!
 -> (artifact id: '2294f3226a79ea76674ab0025c591dfe') in 0.089138 seconds
Number of updated asset objects reloaded before import = 0
Number of asset objects unloaded after import = 3
========================================================================
Received Import Request.
  Time since last request: 0.000079 seconds.
  path: Assets/Simple UI/Simple Vector Icons/128px/UI_Icon_RotateLeft.png
  artifactKey: Guid(03be5701520034b34a0f0a5e2aa079fd) Importer(2089858483,0ecaa5967403d082aa24f35e1b516d23)
Start importing Assets/Simple UI/Simple Vector Icons/128px/UI_Icon_RotateLeft.png using Guid(03be5701520034b34a0f0a5e2aa079fd) Importer(2089858483,0ecaa5967403d082aa24f35e1b516d23) Generated GUIDs only implemented for interfaces!
 -> (artifact id: '5dbd7bc727198426e2180646aaa91c22') in 0.048162 seconds
Number of updated asset objects reloaded before import = 0
Number of asset objects unloaded after import = 3
========================================================================
Received Import Request.
  Time since last request: 0.000015 seconds.
  path: Assets/Simple UI/Simple Vector Icons/128px/UI_Icon_Filter.png
  artifactKey: Guid(99b4a782733e24d45bf60c6f13e7eb36) Importer(2089858483,0ecaa5967403d082aa24f35e1b516d23)
Start importing Assets/Simple UI/Simple Vector Icons/128px/UI_Icon_Filter.png using Guid(99b4a782733e24d45bf60c6f13e7eb36) Importer(2089858483,0ecaa5967403d082aa24f35e1b516d23) Generated GUIDs only implemented for interfaces!
 -> (artifact id: '27df155b7ffede1652092fd1ab1d52cc') in 0.057750 seconds
Number of updated asset objects reloaded before import = 0
Number of asset objects unloaded after import = 3
========================================================================
Received Import Request.
  Time since last request: 0.000071 seconds.
  path: Assets/Simple UI/Simple Vector Icons/128px/UI_Icon_GenderFemale2.png
  artifactKey: Guid(6d7cd2d71d93940f8a24717682b0923f) Importer(2089858483,0ecaa5967403d082aa24f35e1b516d23)
Start importing Assets/Simple UI/Simple Vector Icons/128px/UI_Icon_GenderFemale2.png using Guid(6d7cd2d71d93940f8a24717682b0923f) Importer(2089858483,0ecaa5967403d082aa24f35e1b516d23) Generated GUIDs only implemented for interfaces!
 -> (artifact id: 'a805a2ca03f7a8f759ad3af85cc62870') in 0.046864 seconds
Number of updated asset objects reloaded before import = 0
Number of asset objects unloaded after import = 3
========================================================================
Received Import Request.
  Time since last request: 0.000013 seconds.
  path: Assets/Simple UI/Simple Vector Icons/128px/UI_Icon_Question.png
  artifactKey: Guid(a02c0074ca471416d9a79fd5a0cc2b02) Importer(2089858483,0ecaa5967403d082aa24f35e1b516d23)
Start importing Assets/Simple UI/Simple Vector Icons/128px/UI_Icon_Question.png using Guid(a02c0074ca471416d9a79fd5a0cc2b02) Importer(2089858483,0ecaa5967403d082aa24f35e1b516d23) Generated GUIDs only implemented for interfaces!
 -> (artifact id: '711935ce06dddd2c9293fa0d6dd7240f') in 0.063722 seconds
Number of updated asset objects reloaded before import = 0
Number of asset objects unloaded after import = 3
========================================================================
Received Import Request.
  Time since last request: 0.000023 seconds.
  path: Assets/Resources/bomb1.mp3
  artifactKey: Guid(be27aca08204a6844841ce2a841a4d19) Importer(2089858483,0ecaa5967403d082aa24f35e1b516d23)
Start importing Assets/Resources/bomb1.mp3 using Guid(be27aca08204a6844841ce2a841a4d19) Importer(2089858483,0ecaa5967403d082aa24f35e1b516d23) Generated GUIDs only implemented for interfaces!
 -> (artifact id: 'ab4dd7811a7ebcc307435c95498a5b0b') in 0.101866 seconds
Number of updated asset objects reloaded before import = 0
Number of asset objects unloaded after import = 1
========================================================================
Received Import Request.
  Time since last request: 0.000070 seconds.
  path: Assets/Standard Assets/Effects/LightCookies/Textures/LightSquareCookie.psd
  artifactKey: Guid(69680b688d11eb9d30009b3b4241aa39) Importer(2089858483,0ecaa5967403d082aa24f35e1b516d23)
Start importing Assets/Standard Assets/Effects/LightCookies/Textures/LightSquareCookie.psd using Guid(69680b688d11eb9d30009b3b4241aa39) Importer(2089858483,0ecaa5967403d082aa24f35e1b516d23) Generated GUIDs only implemented for interfaces!
 -> (artifact id: '97fa6260f7e497d72c7226871b0f93bf') in 0.121939 seconds
Number of updated asset objects reloaded before import = 0
Number of asset objects unloaded after import = 1
========================================================================
Received Import Request.
  Time since last request: 0.000020 seconds.
  path: Assets/Standard Assets/Effects/TessellationShaders/Models/LowPolySphere.fbx
  artifactKey: Guid(103612e5e1ff43a4e896c567a2cb3ae1) Importer(2089858483,0ecaa5967403d082aa24f35e1b516d23)
Start importing Assets/Standard Assets/Effects/TessellationShaders/Models/LowPolySphere.fbx using Guid(103612e5e1ff43a4e896c567a2cb3ae1) Importer(2089858483,0ecaa5967403d082aa24f35e1b516d23) Generated GUIDs only implemented for interfaces!
 -> (artifact id: '9bc98f3a81e1c252c709562b93f3516a') in 0.071253 seconds
Number of updated asset objects reloaded before import = 0
Number of asset objects unloaded after import = 8
========================================================================
Received Import Request.
  Time since last request: 0.000048 seconds.
  path: Assets/Animation/HorizontalFlash.anim
  artifactKey: Guid(f862a8418a65fcb48a40b5c32eabf2ea) Importer(2089858483,0ecaa5967403d082aa24f35e1b516d23)
Start importing Assets/Animation/HorizontalFlash.anim using Guid(f862a8418a65fcb48a40b5c32eabf2ea) Importer(2089858483,0ecaa5967403d082aa24f35e1b516d23) Generated GUIDs only implemented for interfaces!
 -> (artifact id: '7890209c66bab8165474263806ba9a01') in 0.012568 seconds
Number of updated asset objects reloaded before import = 0
Number of asset objects unloaded after import = 1
========================================================================
Received Import Request.
  Time since last request: 0.000013 seconds.
  path: Assets/Plugins/iOS/GADURewardBasedVideoAd.h
  artifactKey: Guid(0b7f3d96a67ee433b89c6de9b317f2ac) Importer(2089858483,0ecaa5967403d082aa24f35e1b516d23)
Start importing Assets/Plugins/iOS/GADURewardBasedVideoAd.h using Guid(0b7f3d96a67ee433b89c6de9b317f2ac) Importer(2089858483,0ecaa5967403d082aa24f35e1b516d23) Generated GUIDs only implemented for interfaces!
 -> (artifact id: '92bf99675305d5155a1c4e820845543f') in 0.011073 seconds
Number of updated asset objects reloaded before import = 0
Number of asset objects unloaded after import = 1
========================================================================
Received Import Request.
  Time since last request: 0.000078 seconds.
  path: Assets/Simple UI/Simple Vector Icons/128px/UI_Icon_AlarmOn.png
  artifactKey: Guid(771bf46a06055496c89e4a4772fb59ce) Importer(2089858483,0ecaa5967403d082aa24f35e1b516d23)
Start importing Assets/Simple UI/Simple Vector Icons/128px/UI_Icon_AlarmOn.png using Guid(771bf46a06055496c89e4a4772fb59ce) Importer(2089858483,0ecaa5967403d082aa24f35e1b516d23) Generated GUIDs only implemented for interfaces!
 -> (artifact id: '5a225ce189512e67ff31f3ebec4412ce') in 0.114948 seconds
Number of updated asset objects reloaded before import = 0
Number of asset objects unloaded after import = 3
========================================================================
Received Import Request.
  Time since last request: 0.000068 seconds.
  path: Assets/Simple UI/Simple Vector Icons/128px/UI_Icon_Reload.png
  artifactKey: Guid(ed73fa6da658b4a0186a12ad1f12da43) Importer(2089858483,0ecaa5967403d082aa24f35e1b516d23)
Start importing Assets/Simple UI/Simple Vector Icons/128px/UI_Icon_Reload.png using Guid(ed73fa6da658b4a0186a12ad1f12da43) Importer(2089858483,0ecaa5967403d082aa24f35e1b516d23) Generated GUIDs only implemented for interfaces!
 -> (artifact id: 'c60170d1f6a83a6d79e1b446bf4a0660') in 0.035147 seconds
Number of updated asset objects reloaded before import = 0
Number of asset objects unloaded after import = 3
========================================================================
Received Import Request.
  Time since last request: 0.000091 seconds.
  path: Assets/Simple UI/Simple Vector Icons/128px/UI_Icon_SoundOn.png
  artifactKey: Guid(7db0a4c4352f94ef7912e72af584e793) Importer(2089858483,0ecaa5967403d082aa24f35e1b516d23)
Start importing Assets/Simple UI/Simple Vector Icons/128px/UI_Icon_SoundOn.png using Guid(7db0a4c4352f94ef7912e72af584e793) Importer(2089858483,0ecaa5967403d082aa24f35e1b516d23) Generated GUIDs only implemented for interfaces!
 -> (artifact id: '0a1ced18aa0623034bb24ee2bc4f65aa') in 0.087057 seconds
Number of updated asset objects reloaded before import = 0
Number of asset objects unloaded after import = 3
========================================================================
Received Import Request.
  Time since last request: 0.000033 seconds.
  path: Assets/Sounds/button81.mp3
  artifactKey: Guid(0bd06c3d828cc2b43a1d39989949363b) Importer(2089858483,0ecaa5967403d082aa24f35e1b516d23)
Start importing Assets/Sounds/button81.mp3 using Guid(0bd06c3d828cc2b43a1d39989949363b) Importer(2089858483,0ecaa5967403d082aa24f35e1b516d23) Generated GUIDs only implemented for interfaces!
 -> (artifact id: 'a24d0e2b7277dba64f6ab8323c2149c3') in 0.154398 seconds
Number of updated asset objects reloaded before import = 0
Number of asset objects unloaded after import = 1
========================================================================
Received Import Request.
  Time since last request: 0.000109 seconds.
  path: Assets/Standard Assets/Effects/LightCookies/Textures/FlashlightCookie.tif
  artifactKey: Guid(2c29c08dd1c0b6749b7cd0fcff7a29fd) Importer(2089858483,0ecaa5967403d082aa24f35e1b516d23)
Start importing Assets/Standard Assets/Effects/LightCookies/Textures/FlashlightCookie.tif using Guid(2c29c08dd1c0b6749b7cd0fcff7a29fd) Importer(2089858483,0ecaa5967403d082aa24f35e1b516d23) Generated GUIDs only implemented for interfaces!
 -> (artifact id: '43c263b44db26dfc58377c1e27687a6c') in 0.136840 seconds
Number of updated asset objects reloaded before import = 0
Number of asset objects unloaded after import = 1
========================================================================
Received Import Request.
  Time since last request: 0.000093 seconds.
  path: Assets/Simple UI/Simple Vector Icons/128px/UI_Icon_List.png
  artifactKey: Guid(18ff5b5bf82bf42e6a2a4e5cf19d458e) Importer(2089858483,0ecaa5967403d082aa24f35e1b516d23)
Start importing Assets/Simple UI/Simple Vector Icons/128px/UI_Icon_List.png using Guid(18ff5b5bf82bf42e6a2a4e5cf19d458e) Importer(2089858483,0ecaa5967403d082aa24f35e1b516d23) Generated GUIDs only implemented for interfaces!
 -> (artifact id: 'b2182d36fac8e3a00d7a7e6196aee087') in 0.072048 seconds
Number of updated asset objects reloaded before import = 0
Number of asset objects unloaded after import = 3
========================================================================
Received Import Request.
  Time since last request: 0.000087 seconds.
  path: Assets/Plugins/Android/com.android.support.support-compat-26.1.0.aar
  artifactKey: Guid(de0126ba4d6cbe68c9ac0ecea2fac099) Importer(2089858483,0ecaa5967403d082aa24f35e1b516d23)
Start importing Assets/Plugins/Android/com.android.support.support-compat-26.1.0.aar using Guid(de0126ba4d6cbe68c9ac0ecea2fac099) Importer(2089858483,0ecaa5967403d082aa24f35e1b516d23) Generated GUIDs only implemented for interfaces!
 -> (artifact id: '44e2b9b2e47b3072c2c9933f37b78e5c') in 0.019154 seconds
Number of updated asset objects reloaded before import = 0
Number of asset objects unloaded after import = 1
========================================================================
Received Import Request.
  Time since last request: 0.000107 seconds.
  path: Assets/Scripts/Commons/CommonLoader.cs
  artifactKey: Guid(5ef9f094ef7b908449f311443ff2f8fb) Importer(2089858483,0ecaa5967403d082aa24f35e1b516d23)
Start importing Assets/Scripts/Commons/CommonLoader.cs using Guid(5ef9f094ef7b908449f311443ff2f8fb) Importer(2089858483,0ecaa5967403d082aa24f35e1b516d23) Generated GUIDs only implemented for interfaces!
 -> (artifact id: 'fc6364e09db41a78978464e1f0d81f9e') in 0.009849 seconds
Number of updated asset objects reloaded before import = 0
Number of asset objects unloaded after import = 1
========================================================================
Received Import Request.
  Time since last request: 0.000110 seconds.
  path: Assets/Plugins/Android/com.android.support.support-media-compat-26.1.0.aar
  artifactKey: Guid(00d1fac46c72a548b8c832df80f87271) Importer(2089858483,0ecaa5967403d082aa24f35e1b516d23)
Start importing Assets/Plugins/Android/com.android.support.support-media-compat-26.1.0.aar using Guid(00d1fac46c72a548b8c832df80f87271) Importer(2089858483,0ecaa5967403d082aa24f35e1b516d23) Generated GUIDs only implemented for interfaces!
 -> (artifact id: 'ba5b238fab4c93e58ee69e0f06730232') in 0.018405 seconds
Number of updated asset objects reloaded before import = 0
Number of asset objects unloaded after import = 1
========================================================================
Received Import Request.
  Time since last request: 0.000024 seconds.
  path: Assets/Simple UI/Simple Vector Icons/128px/UI_Icon_BtnXboxYRound.png
  artifactKey: Guid(09a70dce8baca41cba3dbf57c7c0870d) Importer(2089858483,0ecaa5967403d082aa24f35e1b516d23)
Start importing Assets/Simple UI/Simple Vector Icons/128px/UI_Icon_BtnXboxYRound.png using Guid(09a70dce8baca41cba3dbf57c7c0870d) Importer(2089858483,0ecaa5967403d082aa24f35e1b516d23) Generated GUIDs only implemented for interfaces!
 -> (artifact id: '3ce94c4e34045e2bda6d6fc757ce687b') in 0.065000 seconds
Number of updated asset objects reloaded before import = 0
Number of asset objects unloaded after import = 3
========================================================================
Received Import Request.
  Time since last request: 0.000014 seconds.
  path: Assets/Simple UI/Simple Vector Icons/128px/UI_Icon_BtnPsTriangleRound.png
  artifactKey: Guid(ce254bc02e60b496696a349a8295a6a1) Importer(2089858483,0ecaa5967403d082aa24f35e1b516d23)
Start importing Assets/Simple UI/Simple Vector Icons/128px/UI_Icon_BtnPsTriangleRound.png using Guid(ce254bc02e60b496696a349a8295a6a1) Importer(2089858483,0ecaa5967403d082aa24f35e1b516d23) Generated GUIDs only implemented for interfaces!
 -> (artifact id: 'c4fabf74707e0760ea621165a1d73680') in 0.058576 seconds
Number of updated asset objects reloaded before import = 0
Number of asset objects unloaded after import = 3
========================================================================
Received Import Request.
  Time since last request: 0.000014 seconds.
  path: Assets/Simple UI/Simple Vector Icons/128px/UI_Icon_Award.png
  artifactKey: Guid(ac0662239160349c48ead929877f71d9) Importer(2089858483,0ecaa5967403d082aa24f35e1b516d23)
Start importing Assets/Simple UI/Simple Vector Icons/128px/UI_Icon_Award.png using Guid(ac0662239160349c48ead929877f71d9) Importer(2089858483,0ecaa5967403d082aa24f35e1b516d23) Generated GUIDs only implemented for interfaces!
 -> (artifact id: 'eb3cc3e6e485aa03a257c658cc16bc68') in 0.058808 seconds
Number of updated asset objects reloaded before import = 0
Number of asset objects unloaded after import = 3
========================================================================
Received Import Request.
  Time since last request: 0.000021 seconds.
  path: Assets/Scripts/CommonLibs/BGMinfo.cs
  artifactKey: Guid(2801661c7cbf08f46aa3edc8dfedc623) Importer(2089858483,0ecaa5967403d082aa24f35e1b516d23)
Start importing Assets/Scripts/CommonLibs/BGMinfo.cs using Guid(2801661c7cbf08f46aa3edc8dfedc623) Importer(2089858483,0ecaa5967403d082aa24f35e1b516d23) Generated GUIDs only implemented for interfaces!
 -> (artifact id: '45b10bfc8af87873383a6b8662c42f01') in 0.010438 seconds
Number of updated asset objects reloaded before import = 0
Number of asset objects unloaded after import = 1
========================================================================
Received Import Request.
  Time since last request: 0.000053 seconds.
  path: Assets/Prefab/Eff_MagicAttack_6.prefab
  artifactKey: Guid(a20c68d8fe41d48088af3bee65652b84) Importer(2089858483,0ecaa5967403d082aa24f35e1b516d23)
Start importing Assets/Prefab/Eff_MagicAttack_6.prefab using Guid(a20c68d8fe41d48088af3bee65652b84) Importer(2089858483,0ecaa5967403d082aa24f35e1b516d23) Generated GUIDs only implemented for interfaces!
 -> (artifact id: 'c5e7097eeb9a18410cae27544693ed0f') in 0.062473 seconds
Number of updated asset objects reloaded before import = 0
Number of asset objects unloaded after import = 25
========================================================================
Received Import Request.
  Time since last request: 0.000015 seconds.
  path: Assets/Resources/ExplosionFireAndDebris.cs
  artifactKey: Guid(009fbf49e77db344db366a646868e02d) Importer(2089858483,0ecaa5967403d082aa24f35e1b516d23)
Start importing Assets/Resources/ExplosionFireAndDebris.cs using Guid(009fbf49e77db344db366a646868e02d) Importer(2089858483,0ecaa5967403d082aa24f35e1b516d23) Generated GUIDs only implemented for interfaces!
 -> (artifact id: 'c82b5f9663ee8ddbe0cd56684de12628') in 0.010915 seconds
Number of updated asset objects reloaded before import = 0
Number of asset objects unloaded after import = 1
========================================================================
Received Import Request.
  Time since last request: 0.000109 seconds.
  path: Assets/Plugins/Android/com.android.support.customtabs-26.1.0.aar
  artifactKey: Guid(53bc4a5ee9285f4c5ae7659fc15dff88) Importer(2089858483,0ecaa5967403d082aa24f35e1b516d23)
Start importing Assets/Plugins/Android/com.android.support.customtabs-26.1.0.aar using Guid(53bc4a5ee9285f4c5ae7659fc15dff88) Importer(2089858483,0ecaa5967403d082aa24f35e1b516d23) Generated GUIDs only implemented for interfaces!
 -> (artifact id: '52a8437d090d0535d01bbe6345e0ffbe') in 0.011796 seconds
Number of updated asset objects reloaded before import = 0
Number of asset objects unloaded after import = 1
========================================================================
Received Import Request.
  Time since last request: 0.000096 seconds.
  path: Assets/Simple UI/Simple Vector Icons/128px/UI_Icon_CardSpades.png
  artifactKey: Guid(394e2a7c1aedb49a58f9d03d5560def0) Importer(2089858483,0ecaa5967403d082aa24f35e1b516d23)
Start importing Assets/Simple UI/Simple Vector Icons/128px/UI_Icon_CardSpades.png using Guid(394e2a7c1aedb49a58f9d03d5560def0) Importer(2089858483,0ecaa5967403d082aa24f35e1b516d23) Generated GUIDs only implemented for interfaces!
 -> (artifact id: '04199f48c4310582e206d1c4e9c948c6') in 0.057844 seconds
Number of updated asset objects reloaded before import = 0
Number of asset objects unloaded after import = 3
========================================================================
Received Import Request.
  Time since last request: 0.000024 seconds.
  path: Assets/Simple UI/Simple Vector Icons/128px/UI_Icon_CurrencDollar.png
  artifactKey: Guid(27b7baddb07ea4d859e96ca87cf704fb) Importer(2089858483,0ecaa5967403d082aa24f35e1b516d23)
Start importing Assets/Simple UI/Simple Vector Icons/128px/UI_Icon_CurrencDollar.png using Guid(27b7baddb07ea4d859e96ca87cf704fb) Importer(2089858483,0ecaa5967403d082aa24f35e1b516d23) Generated GUIDs only implemented for interfaces!
 -> (artifact id: '90edbeea139799d2774371561d2ece21') in 0.082708 seconds
Number of updated asset objects reloaded before import = 0
Number of asset objects unloaded after import = 3
========================================================================
Received Import Request.
  Time since last request: 0.000037 seconds.
  path: Assets/Simple UI/Simple Vector Icons/128px/UI_Icon_SinglePlayer.png
  artifactKey: Guid(cdff4d423768840a68da1323f415ae39) Importer(2089858483,0ecaa5967403d082aa24f35e1b516d23)
Start importing Assets/Simple UI/Simple Vector Icons/128px/UI_Icon_SinglePlayer.png using Guid(cdff4d423768840a68da1323f415ae39) Importer(2089858483,0ecaa5967403d082aa24f35e1b516d23) Generated GUIDs only implemented for interfaces!
 -> (artifact id: 'bab2a68692f5915e80bc38d761bb552f') in 0.036598 seconds
Number of updated asset objects reloaded before import = 0
Number of asset objects unloaded after import = 3
========================================================================
Received Import Request.
  Time since last request: 0.000013 seconds.
  path: Assets/Fonts/DSEG14Classic-Bold.ttf
  artifactKey: Guid(3e760d3fc14f0dd4593007aae588018f) Importer(2089858483,0ecaa5967403d082aa24f35e1b516d23)
Start importing Assets/Fonts/DSEG14Classic-Bold.ttf using Guid(3e760d3fc14f0dd4593007aae588018f) Importer(2089858483,0ecaa5967403d082aa24f35e1b516d23) Generated GUIDs only implemented for interfaces!
 -> (artifact id: 'ce0e661515276702dab790226b020ec5') in 0.015930 seconds
Number of updated asset objects reloaded before import = 0
Number of asset objects unloaded after import = 3
========================================================================
Received Import Request.
  Time since last request: 0.000066 seconds.
  path: Assets/Scripts/ScoreManager.cs
  artifactKey: Guid(7a0be73512902f54ca40c41f54eb30a0) Importer(2089858483,0ecaa5967403d082aa24f35e1b516d23)
Start importing Assets/Scripts/ScoreManager.cs using Guid(7a0be73512902f54ca40c41f54eb30a0) Importer(2089858483,0ecaa5967403d082aa24f35e1b516d23) Generated GUIDs only implemented for interfaces!
 -> (artifact id: '79944f9a87785ac8d7464152108006b2') in 0.009554 seconds
Number of updated asset objects reloaded before import = 0
Number of asset objects unloaded after import = 1
========================================================================
Received Import Request.
  Time since last request: 0.000095 seconds.
  path: Assets/Scenes/Game.unity
  artifactKey: Guid(d8522e523cf618747a3e0b27949ada36) Importer(2089858483,0ecaa5967403d082aa24f35e1b516d23)
Start importing Assets/Scenes/Game.unity using Guid(d8522e523cf618747a3e0b27949ada36) Importer(2089858483,0ecaa5967403d082aa24f35e1b516d23) Generated GUIDs only implemented for interfaces!
 -> (artifact id: '0b2065fd1725f80595c5843aea3a0735') in 0.008347 seconds
Number of updated asset objects reloaded before import = 0
Number of asset objects unloaded after import = 1
========================================================================
Received Import Request.
  Time since last request: 0.000048 seconds.
  path: Assets/Simple UI/Simple Vector Icons/128px/UI_Icon_BtnXboxY.png
  artifactKey: Guid(db911fc10f4c343af9f1d1b1968c37b9) Importer(2089858483,0ecaa5967403d082aa24f35e1b516d23)
Start importing Assets/Simple UI/Simple Vector Icons/128px/UI_Icon_BtnXboxY.png using Guid(db911fc10f4c343af9f1d1b1968c37b9) Importer(2089858483,0ecaa5967403d082aa24f35e1b516d23) Generated GUIDs only implemented for interfaces!
 -> (artifact id: '719fd4679aeef367da6d2b072b3b5efb') in 0.158116 seconds
Number of updated asset objects reloaded before import = 0
Number of asset objects unloaded after import = 3
========================================================================
Received Import Request.
  Time since last request: 0.000015 seconds.
  path: Assets/Simple UI/Simple Vector Icons/128px/UI_Icon_FaithJudaism.png
  artifactKey: Guid(41d622a7558134c918f312dfdfbd6a98) Importer(2089858483,0ecaa5967403d082aa24f35e1b516d23)
Start importing Assets/Simple UI/Simple Vector Icons/128px/UI_Icon_FaithJudaism.png using Guid(41d622a7558134c918f312dfdfbd6a98) Importer(2089858483,0ecaa5967403d082aa24f35e1b516d23) Generated GUIDs only implemented for interfaces!
 -> (artifact id: '26e9d03a9b1c52accb136845695b0a5e') in 0.099274 seconds
Number of updated asset objects reloaded before import = 0
Number of asset objects unloaded after import = 3
========================================================================
Received Prepare
Refreshing native plugins compatible for Editor in 21.50 ms, found 2 plugins.
Preloading 0 native plugins for Editor in 0.00 ms.
Unloading 3 Unused Serialized files (Serialized files now loaded: 0)
Unloading 3 unused Assets / (381.0 KB). Loaded Objects now: 3046.
Memory consumption went from 78.6 MB to 78.3 MB.
Total: 10.043900 ms (FindLiveObjects: 0.241800 ms CreateObjectMapping: 0.203200 ms MarkObjects: 9.301200 ms  DeleteObjects: 0.296700 ms)

Prepare: number of updated asset objects reloaded= 1
AssetImportParameters requested are different than current active one (requested -> active):
  custom:video-decoder-webm-vp8: 9c59270c3fd7afecdb556c50c9e8de78 -> 
  custom:SearchIndexIgnoredProperties: e643bd26f0fe6173181afceb89e7c659 -> 
  custom:container-demuxer-ogg: 62fdf1f143b41e24485cea50d1cbac27 -> 
  custom:AudioImporter_EditorPlatform: d09bf68614088b80899f8185d706f6e7 -> 
  custom:video-codec-MediaFoundation-h265: 746d11721c4dcdbdad8f713fa42b33f4 -> 
  custom:video-decoder-ogg-theora: a1e56fd34408186e4bbccfd4996cb3dc -> 
  custom:framework-win-MediaFoundation: 216162199b28c13a410421893ffa2e32 -> 
  custom:video-encoder-webm-vp8: eb34c28f22e8b96e1ab97ce403110664 -> 
  custom:audio-decoder-ogg-vorbis: bf7c407c2cedff20999df2af8eb42d56 -> 
  custom:CustomObjectIndexerAttribute: 756ad292c208cfabdd7b50bc23989ffe -> 
  custom:container-demuxer-webm: 4f35f7cbe854078d1ac9338744f61a02 -> 
  custom:audio-encoder-webm-vorbis: bf7c407c2cedff20999df2af8eb42d56 -> 
  custom:container-muxer-webm: aa71ff27fc2769a1b78a27578f13a17b -> 
========================================================================
Received Prepare
Refreshing native plugins compatible for Editor in 15.37 ms, found 2 plugins.
Preloading 0 native plugins for Editor in 0.00 ms.
Unloading 3 Unused Serialized files (Serialized files now loaded: 0)
Unloading 3 unused Assets / (381.0 KB). Loaded Objects now: 3046.
Memory consumption went from 78.6 MB to 78.3 MB.
Total: 7.642400 ms (FindLiveObjects: 0.197700 ms CreateObjectMapping: 0.142900 ms MarkObjects: 7.097000 ms  DeleteObjects: 0.203700 ms)

Prepare: number of updated asset objects reloaded= 0
AssetImportParameters requested are different than current active one (requested -> active):
  custom:video-decoder-webm-vp8: 9c59270c3fd7afecdb556c50c9e8de78 -> 
  custom:SearchIndexIgnoredProperties: e643bd26f0fe6173181afceb89e7c659 -> 
  custom:container-demuxer-ogg: 62fdf1f143b41e24485cea50d1cbac27 -> 
  custom:AudioImporter_EditorPlatform: d09bf68614088b80899f8185d706f6e7 -> 
  custom:video-codec-MediaFoundation-h265: 746d11721c4dcdbdad8f713fa42b33f4 -> 
  custom:video-decoder-ogg-theora: a1e56fd34408186e4bbccfd4996cb3dc -> 
  custom:framework-win-MediaFoundation: 216162199b28c13a410421893ffa2e32 -> 
  custom:video-encoder-webm-vp8: eb34c28f22e8b96e1ab97ce403110664 -> 
  custom:audio-decoder-ogg-vorbis: bf7c407c2cedff20999df2af8eb42d56 -> 
  custom:CustomObjectIndexerAttribute: 756ad292c208cfabdd7b50bc23989ffe -> 
  custom:container-demuxer-webm: 4f35f7cbe854078d1ac9338744f61a02 -> 
  custom:audio-encoder-webm-vorbis: bf7c407c2cedff20999df2af8eb42d56 -> 
  custom:container-muxer-webm: aa71ff27fc2769a1b78a27578f13a17b -> 
========================================================================
Received Prepare
Begin MonoManager ReloadAssembly
Symbol file LoadedFromMemory is not a mono symbol file
- Loaded All Assemblies, in  0.933 seconds
Refreshing native plugins compatible for Editor in 16.36 ms, found 2 plugins.
Native extension for WindowsStandalone target not found
Native extension for Android target not found
Native extension for WebGL target not found
[Package Manager] Server::EnsureServerProcessIsRunning -- launch failed, reason: Unity was launched with the -noUpm command-line argument
[Package Manager] UpmClient::Send -- Unable to send message (not connected to UPM process).
[Package Manager] Cannot connect to Unity Package Manager local server
Mono: successfully reloaded assembly
- Finished resetting the current domain, in  1.097 seconds
Domain Reload Profiling: 2027ms
	BeginReloadAssembly (502ms)
		ExecutionOrderSort (0ms)
		DisableScriptedObjects (10ms)
		BackupInstance (0ms)
		ReleaseScriptingObjects (0ms)
		CreateAndSetChildDomain (40ms)
	RebuildCommonClasses (47ms)
	RebuildNativeTypeToScriptingClass (12ms)
	initialDomainReloadingComplete (37ms)
	LoadAllAssembliesAndSetupDomain (332ms)
		LoadAssemblies (415ms)
		RebuildTransferFunctionScriptingTraits (0ms)
		AnalyzeDomain (72ms)
			TypeCache.Refresh (52ms)
				TypeCache.ScanAssembly (41ms)
			ScanForSourceGeneratedMonoScriptInfo (16ms)
			ResolveRequiredComponents (3ms)
	FinalizeReload (1097ms)
		ReleaseScriptCaches (0ms)
		RebuildScriptCaches (0ms)
		SetupLoadedEditorAssemblies (645ms)
			LogAssemblyErrors (0ms)
			InitializePlatformSupportModulesInManaged (39ms)
			SetLoadedEditorAssemblies (4ms)
			RefreshPlugins (0ms)
			BeforeProcessingInitializeOnLoad (97ms)
			ProcessInitializeOnLoadAttributes (324ms)
			ProcessInitializeOnLoadMethodAttributes (168ms)
			AfterProcessingInitializeOnLoad (12ms)
			EditorAssembliesLoaded (0ms)
		ExecutionOrderSort2 (0ms)
		AwakeInstancesAfterBackupRestoration (9ms)
Refreshing native plugins compatible for Editor in 14.34 ms, found 2 plugins.
Preloading 0 native plugins for Editor in 0.00 ms.
Unloading 2615 Unused Serialized files (Serialized files now loaded: 0)
Unloading 96 unused Assets / (415.3 KB). Loaded Objects now: 3049.
Memory consumption went from 120.7 MB to 120.3 MB.
Total: 6.737400 ms (FindLiveObjects: 0.211000 ms CreateObjectMapping: 0.169800 ms MarkObjects: 6.043000 ms  DeleteObjects: 0.312300 ms)

Prepare: number of updated asset objects reloaded= 0
AssetImportParameters requested are different than current active one (requested -> active):
  custom:video-decoder-webm-vp8: 9c59270c3fd7afecdb556c50c9e8de78 -> 
  custom:SearchIndexIgnoredProperties: e643bd26f0fe6173181afceb89e7c659 -> 
  custom:container-demuxer-ogg: 62fdf1f143b41e24485cea50d1cbac27 -> 
  custom:AudioImporter_EditorPlatform: d09bf68614088b80899f8185d706f6e7 -> 
  custom:video-codec-MediaFoundation-h265: 746d11721c4dcdbdad8f713fa42b33f4 -> 
  custom:video-decoder-ogg-theora: a1e56fd34408186e4bbccfd4996cb3dc -> 
  custom:framework-win-MediaFoundation: 216162199b28c13a410421893ffa2e32 -> 
  custom:video-encoder-webm-vp8: eb34c28f22e8b96e1ab97ce403110664 -> 
  custom:audio-decoder-ogg-vorbis: bf7c407c2cedff20999df2af8eb42d56 -> 
  custom:CustomObjectIndexerAttribute: 756ad292c208cfabdd7b50bc23989ffe -> 
  custom:container-demuxer-webm: 4f35f7cbe854078d1ac9338744f61a02 -> 
  custom:audio-encoder-webm-vorbis: bf7c407c2cedff20999df2af8eb42d56 -> 
  custom:container-muxer-webm: aa71ff27fc2769a1b78a27578f13a17b -> 
========================================================================
Received Prepare
Refreshing native plugins compatible for Editor in 14.02 ms, found 2 plugins.
Preloading 0 native plugins for Editor in 0.00 ms.
Unloading 3 Unused Serialized files (Serialized files now loaded: 0)
Unloading 3 unused Assets / (349.4 KB). Loaded Objects now: 3049.
Memory consumption went from 79.7 MB to 79.3 MB.
Total: 6.266100 ms (FindLiveObjects: 0.202000 ms CreateObjectMapping: 0.165000 ms MarkObjects: 5.695200 ms  DeleteObjects: 0.202300 ms)

Prepare: number of updated asset objects reloaded= 0
AssetImportParameters requested are different than current active one (requested -> active):
  custom:video-decoder-webm-vp8: 9c59270c3fd7afecdb556c50c9e8de78 -> 
  custom:SearchIndexIgnoredProperties: e643bd26f0fe6173181afceb89e7c659 -> 
  custom:container-demuxer-ogg: 62fdf1f143b41e24485cea50d1cbac27 -> 
  custom:AudioImporter_EditorPlatform: d09bf68614088b80899f8185d706f6e7 -> 
  custom:video-codec-MediaFoundation-h265: 746d11721c4dcdbdad8f713fa42b33f4 -> 
  custom:video-decoder-ogg-theora: a1e56fd34408186e4bbccfd4996cb3dc -> 
  custom:framework-win-MediaFoundation: 216162199b28c13a410421893ffa2e32 -> 
  custom:video-encoder-webm-vp8: eb34c28f22e8b96e1ab97ce403110664 -> 
  custom:audio-decoder-ogg-vorbis: bf7c407c2cedff20999df2af8eb42d56 -> 
  custom:CustomObjectIndexerAttribute: 756ad292c208cfabdd7b50bc23989ffe -> 
  custom:container-demuxer-webm: 4f35f7cbe854078d1ac9338744f61a02 -> 
  custom:audio-encoder-webm-vorbis: bf7c407c2cedff20999df2af8eb42d56 -> 
  custom:container-muxer-webm: aa71ff27fc2769a1b78a27578f13a17b -> 
========================================================================
Received Prepare
Refreshing native plugins compatible for Editor in 15.52 ms, found 2 plugins.
Preloading 0 native plugins for Editor in 0.00 ms.
Unloading 3 Unused Serialized files (Serialized files now loaded: 0)
Unloading 3 unused Assets / (341.6 KB). Loaded Objects now: 3049.
Memory consumption went from 79.5 MB to 79.1 MB.
Total: 6.554900 ms (FindLiveObjects: 0.220600 ms CreateObjectMapping: 0.168400 ms MarkObjects: 5.961400 ms  DeleteObjects: 0.202900 ms)

Prepare: number of updated asset objects reloaded= 0
AssetImportParameters requested are different than current active one (requested -> active):
  custom:video-decoder-webm-vp8: 9c59270c3fd7afecdb556c50c9e8de78 -> 
  custom:SearchIndexIgnoredProperties: e643bd26f0fe6173181afceb89e7c659 -> 
  custom:container-demuxer-ogg: 62fdf1f143b41e24485cea50d1cbac27 -> 
  custom:AudioImporter_EditorPlatform: d09bf68614088b80899f8185d706f6e7 -> 
  custom:video-codec-MediaFoundation-h265: 746d11721c4dcdbdad8f713fa42b33f4 -> 
  custom:video-decoder-ogg-theora: a1e56fd34408186e4bbccfd4996cb3dc -> 
  custom:framework-win-MediaFoundation: 216162199b28c13a410421893ffa2e32 -> 
  custom:video-encoder-webm-vp8: eb34c28f22e8b96e1ab97ce403110664 -> 
  custom:audio-decoder-ogg-vorbis: bf7c407c2cedff20999df2af8eb42d56 -> 
  custom:CustomObjectIndexerAttribute: 756ad292c208cfabdd7b50bc23989ffe -> 
  custom:container-demuxer-webm: 4f35f7cbe854078d1ac9338744f61a02 -> 
  custom:audio-encoder-webm-vorbis: bf7c407c2cedff20999df2af8eb42d56 -> 
  custom:container-muxer-webm: aa71ff27fc2769a1b78a27578f13a17b -> 
========================================================================
Received Prepare
Refreshing native plugins compatible for Editor in 14.19 ms, found 2 plugins.
Preloading 0 native plugins for Editor in 0.00 ms.
Unloading 3 Unused Serialized files (Serialized files now loaded: 0)
Unloading 3 unused Assets / (349.6 KB). Loaded Objects now: 3049.
Memory consumption went from 79.5 MB to 79.1 MB.
Total: 6.463800 ms (FindLiveObjects: 0.270400 ms CreateObjectMapping: 0.187700 ms MarkObjects: 5.806700 ms  DeleteObjects: 0.197200 ms)

Prepare: number of updated asset objects reloaded= 0
AssetImportParameters requested are different than current active one (requested -> active):
  custom:video-decoder-webm-vp8: 9c59270c3fd7afecdb556c50c9e8de78 -> 
  custom:SearchIndexIgnoredProperties: e643bd26f0fe6173181afceb89e7c659 -> 
  custom:container-demuxer-ogg: 62fdf1f143b41e24485cea50d1cbac27 -> 
  custom:AudioImporter_EditorPlatform: d09bf68614088b80899f8185d706f6e7 -> 
  custom:video-codec-MediaFoundation-h265: 746d11721c4dcdbdad8f713fa42b33f4 -> 
  custom:video-decoder-ogg-theora: a1e56fd34408186e4bbccfd4996cb3dc -> 
  custom:framework-win-MediaFoundation: 216162199b28c13a410421893ffa2e32 -> 
  custom:video-encoder-webm-vp8: eb34c28f22e8b96e1ab97ce403110664 -> 
  custom:audio-decoder-ogg-vorbis: bf7c407c2cedff20999df2af8eb42d56 -> 
  custom:CustomObjectIndexerAttribute: 756ad292c208cfabdd7b50bc23989ffe -> 
  custom:container-demuxer-webm: 4f35f7cbe854078d1ac9338744f61a02 -> 
  custom:audio-encoder-webm-vorbis: bf7c407c2cedff20999df2af8eb42d56 -> 
  custom:container-muxer-webm: aa71ff27fc2769a1b78a27578f13a17b -> 
